x-axis,1,3,MATH1
second,Volt,Volt,Volt
+748.0000E-06,+1.6834170674E+00,-1.6934673185E+00,+3.3691406250E+00
+748.2500E-06,+1.7964823928E+00,-1.8040200812E+00,+3.5961914062E+00
+748.5000E-06,+1.6457286256E+00,-2.0527637971E+00,+3.6914062500E+00
+748.7500E-06,+1.7010050069E+00,-2.1934673132E+00,+3.8888549805E+00
+749.0000E-06,+1.8492462113E+00,-2.0125627925E+00,+3.8598632812E+00
+749.2500E-06,+1.9472361601E+00,-1.9924622902E+00,+3.9355468750E+00
+749.5000E-06,+1.7738693277E+00,-2.1658291225E+00,+3.9355468750E+00
+749.7500E-06,+1.7462311371E+00,-2.1708542481E+00,+3.9135742188E+00
+750.0000E-06,+1.8492462113E+00,-2.0125627925E+00,+3.8598632812E+00
+750.2500E-06,+1.9120602810E+00,-1.8668341509E+00,+3.7695312500E+00
+750.5000E-06,+1.6457286256E+00,-2.0100502297E+00,+3.6499023438E+00
+750.7500E-06,+1.5854271187E+00,-1.9748743507E+00,+3.5571289062E+00
+751.0000E-06,+1.6105527466E+00,-1.7663316394E+00,+3.3691406250E+00
+751.2500E-06,+1.5452261141E+00,-1.6532663139E+00,+3.1958007812E+00
+751.5000E-06,+1.2864321470E+00,-1.6457286256E+00,+2.9272460938E+00
+751.7500E-06,+1.1708542588E+00,-1.5628140536E+00,+2.7246093750E+00
+752.0000E-06,+1.1306532542E+00,-1.2839195842E+00,+2.4050903320E+00
+752.2500E-06,+1.0276381799E+00,-1.1256281286E+00,+2.1508789062E+00
+752.5000E-06,+804.0200919E-03,-1.1256281286E+00,+1.9238281250E+00
+752.7500E-06,+736.1808967E-03,-929.6482312E-03,+1.6577148438E+00
+753.0000E-06,+718.5929571E-03,-489.9497435E-03,+1.2036132812E+00
+753.2500E-06,+339.1959763E-03,-625.6281340E-03,+957.0312500E-03
+753.5000E-06,+75.3768836E-03,-567.8391899E-03,+634.7656250E-03
+753.7500E-06,+0.0E+00,-321.6080368E-03,+312.5000000E-03
+754.0000E-06,-77.8894464E-03,-77.8894464E-03,+0.0E+00
+754.2500E-06,-339.1959763E-03,+0.0E+00,-341.4916992E-03
+754.5000E-06,-680.9045153E-03,+42.7135674E-03,-732.4218750E-03
+754.7500E-06,-723.6180827E-03,+356.7839158E-03,-1.0861206055E+00
+755.0000E-06,-648.2411991E-03,+716.0803944E-03,-1.3647460938E+00
+755.2500E-06,-982.4120498E-03,+625.6281340E-03,-1.6113281250E+00
+755.5000E-06,-1.2914572726E+00,+638.1909480E-03,-1.9335937500E+00
+755.7500E-06,-1.3090452121E+00,+919.5979801E-03,-2.2338867188E+00
+756.0000E-06,-1.3618090307E+00,+1.2060301378E+00,-2.5729370117E+00
+756.2500E-06,-1.5452261141E+00,+1.2060301378E+00,-2.7536010742E+00
+756.5000E-06,-1.7261306348E+00,+1.2537688308E+00,-2.9833984375E+00
+756.7500E-06,-1.8391959603E+00,+1.3768844073E+00,-3.2226562500E+00
+757.0000E-06,-1.6934673185E+00,+1.6859296302E+00,-3.3816528320E+00
+757.2500E-06,-1.8216080207E+00,+1.6708542534E+00,-3.5009765625E+00
+757.5000E-06,-2.0527637971E+00,+1.6030150582E+00,-3.6596679688E+00
+757.7500E-06,-1.9522612856E+00,+1.8266331463E+00,-3.7792968750E+00
+758.0000E-06,-2.0075376670E+00,+1.8517587741E+00,-3.8671875000E+00
+758.2500E-06,-2.0728642994E+00,+1.8040200812E+00,-3.8842773438E+00
+758.5000E-06,-2.1281406807E+00,+1.8115577695E+00,-3.9453125000E+00
+758.7500E-06,-2.0452261088E+00,+1.9522612856E+00,-4.0014648438E+00
+759.0000E-06,-2.0075376670E+00,+1.9321607833E+00,-3.9453125000E+00
+759.2500E-06,-1.9472361601E+00,+1.8316582718E+00,-3.7792968750E+00
+759.5000E-06,-1.9723617879E+00,+1.7261306348E+00,-3.7011718750E+00
+759.7500E-06,-1.6758793790E+00,+1.8844220904E+00,-3.5668945312E+00
+760.0000E-06,-1.6080401838E+00,+1.7688442022E+00,-3.3789062500E+00
+760.2500E-06,-1.8140703323E+00,+1.4195979748E+00,-3.2397460938E+00
+760.5000E-06,-1.6180904349E+00,+1.3994974725E+00,-3.0200195312E+00
+760.7500E-06,-1.4246231003E+00,+1.4120602863E+00,-2.8442382812E+00
+761.0000E-06,-1.1306532542E+00,+1.3668341562E+00,-2.5048828125E+00
+761.2500E-06,-1.2412060169E+00,+1.0100502404E+00,-2.2558593750E+00
+761.5000E-06,-1.0829145613E+00,+846.7336593E-03,-1.9335937500E+00
+761.7500E-06,-768.8442128E-03,+977.3869243E-03,-1.7526245117E+00
+762.0000E-06,-487.4371807E-03,+798.9949664E-03,-1.2890625000E+00
+762.2500E-06,-706.0301432E-03,+321.6080368E-03,-1.0354614258E+00
+762.5000E-06,-567.8391899E-03,+198.4924602E-03,-773.9257812E-03
+762.7500E-06,-241.2060276E-03,+241.2060276E-03,-488.2812500E-03
+763.0000E-06,-77.8894464E-03,+2.5125628E-03,-87.8906250E-03
+763.2500E-06,-17.5879395E-03,-258.7939671E-03,+234.3750000E-03
+763.5000E-06,+128.1407021E-03,-429.6482367E-03,+551.7578125E-03
+763.7500E-06,+344.2211018E-03,-482.4120551E-03,+822.7539062E-03
+764.0000E-06,+557.7889388E-03,-648.2411990E-03,+1.2011718750E+00
+764.2500E-06,+608.0401944E-03,-919.5979801E-03,+1.5234375000E+00
+764.5000E-06,+761.3065245E-03,-1.0502512450E+00,+1.8090820312E+00
+764.7500E-06,+964.8241103E-03,-1.1256281286E+00,+2.0898437500E+00
+765.0000E-06,+1.0452261195E+00,-1.3643215935E+00,+2.3999023438E+00
+765.2500E-06,+1.0628140590E+00,-1.5904522442E+00,+2.6464843750E+00
+765.5000E-06,+1.2914572726E+00,-1.6030150583E+00,+2.8906250000E+00
+765.7500E-06,+1.4924622955E+00,-1.6432160629E+00,+3.1347656250E+00
+766.0000E-06,+1.5251256118E+00,-1.7713567649E+00,+3.2910156250E+00
+766.2500E-06,+1.5100502351E+00,-2.0276381693E+00,+3.5351562500E+00
+766.5000E-06,+1.6407035001E+00,-1.9723617879E+00,+3.6083984375E+00
+766.7500E-06,+1.8266331463E+00,-1.9296482205E+00,+3.7475585938E+00
+767.0000E-06,+1.6934673185E+00,-2.0879396762E+00,+3.7722778320E+00
+767.2500E-06,+1.6432160629E+00,-2.3592964571E+00,+3.9965820312E+00
+767.5000E-06,+1.8065326440E+00,-2.0904522389E+00,+3.8940429688E+00
+767.7500E-06,+1.9296482205E+00,-2.0678391739E+00,+3.9916992188E+00
+768.0000E-06,+1.7713567649E+00,-2.0904522389E+00,+3.8598632812E+00
+768.2500E-06,+1.7336683231E+00,-2.1884421876E+00,+3.9184570312E+00
+768.5000E-06,+1.7261306348E+00,-2.0100502297E+00,+3.7280273438E+00
+768.7500E-06,+1.8266331463E+00,-1.8140703323E+00,+3.6352539062E+00
+769.0000E-06,+1.6080401838E+00,-1.8517587741E+00,+3.4594726562E+00
+769.2500E-06,+1.3844220958E+00,-1.9120602810E+00,+3.2910156250E+00
+769.5000E-06,+1.4849246072E+00,-1.6507537511E+00,+3.1347656250E+00
+769.7500E-06,+1.4120602863E+00,-1.4472361654E+00,+2.8564453124E+00
+770.0000E-06,+1.1281406914E+00,-1.5251256118E+00,+2.6464843750E+00
+770.2500E-06,+1.0904522496E+00,-1.2763818960E+00,+2.3605346680E+00
+770.5000E-06,+1.0075376776E+00,-1.0452261195E+00,+2.0486450195E+00
+770.7500E-06,+884.4221011E-03,-907.0351661E-03,+1.7895507812E+00
+771.0000E-06,+793.9698409E-03,-736.1808965E-03,+1.5258789062E+00
+771.2500E-06,+464.8241156E-03,-723.6180827E-03,+1.1840820312E+00
+771.5000E-06,+359.2964786E-03,-444.7236133E-03,+800.7812500E-03
+771.7500E-06,+183.4170834E-03,-321.6080368E-03,+500.4882812E-03
+772.0000E-06,-155.7788929E-03,-319.0954740E-03,+158.6914062E-03
+772.2500E-06,-178.3919579E-03,-80.4020092E-03,-104.9804688E-03
+772.5000E-06,-236.1809021E-03,+288.9447204E-03,-529.7851562E-03
+772.7500E-06,-459.7989901E-03,+286.4321577E-03,-754.3945312E-03
+773.0000E-06,-650.7537618E-03,+477.3869296E-03,-1.1352539062E+00
+773.2500E-06,-884.4221011E-03,+562.8140643E-03,-1.4550781250E+00
+773.5000E-06,-846.7336592E-03,+841.7085337E-03,-1.6894531250E+00
+773.7500E-06,-1.0452261195E+00,+942.2110452E-03,-1.9897460938E+00
+774.0000E-06,-1.4422110399E+00,+811.5577801E-03,-2.2583007812E+00
+774.2500E-06,-1.5376884256E+00,+954.7738593E-03,-2.5000000000E+00
+774.5000E-06,-1.4472361654E+00,+1.3718592817E+00,-2.8225708007E+00
+774.7500E-06,-1.5854271187E+00,+1.3894472213E+00,-2.9785156250E+00
+775.0000E-06,-1.8492462113E+00,+1.3693467190E+00,-3.2250976562E+00
+775.2500E-06,-1.8040200813E+00,+1.5904522442E+00,-3.3981323243E+00
+775.5000E-06,-1.8115577695E+00,+1.7638190767E+00,-3.5815429688E+00
+775.7500E-06,-1.8944723414E+00,+1.7814070162E+00,-3.6791992188E+00
+776.0000E-06,-2.1683416854E+00,+1.6130653093E+00,-3.7820434570E+00
+776.2500E-06,-2.1356783690E+00,+1.7864321417E+00,-3.9282226562E+00
+776.5000E-06,-2.0150753552E+00,+1.8869346532E+00,-3.9086914062E+00
+776.7500E-06,-2.1256281180E+00,+1.8140703323E+00,-3.9453125000E+00
+777.0000E-06,-2.1708542481E+00,+1.7688442022E+00,-3.9453125000E+00
+777.2500E-06,-2.0628140484E+00,+1.8592964623E+00,-3.9282226562E+00
+777.5000E-06,-1.9673366624E+00,+1.8869346532E+00,-3.8571166993E+00
+777.7500E-06,-1.9522612856E+00,+1.7236180721E+00,-3.6791992188E+00
+778.0000E-06,-2.0854271134E+00,+1.4522612909E+00,-3.5449218750E+00
+778.2500E-06,-1.7688442022E+00,+1.5452261141E+00,-3.3178710938E+00
+778.5000E-06,-1.6507537511E+00,+1.6080401838E+00,-3.2641601562E+00
+778.7500E-06,-1.7010050070E+00,+1.3090452121E+00,-3.0126953126E+00
+779.0000E-06,-1.6055276210E+00,+1.1256281286E+00,-2.7319335938E+00
+779.2500E-06,-1.2412060169E+00,+1.1884421983E+00,-2.4313354493E+00
+779.5000E-06,-1.1206030032E+00,+1.1306532541E+00,-2.2558593750E+00
+779.7500E-06,-1.1834170728E+00,+804.0200919E-03,-1.9897460938E+00
+780.0000E-06,-969.8492358E-03,+640.7035108E-03,-1.6137695312E+00
+780.2500E-06,-643.2160735E-03,+643.2160735E-03,-1.2890625000E+00
+780.5000E-06,-444.7236133E-03,+520.1004970E-03,-966.7968750E-03
+780.7500E-06,-459.7989901E-03,+160.8040184E-03,-622.5585938E-03
+781.0000E-06,-321.6080368E-03,-77.8894464E-03,-246.5820312E-03
+781.2500E-06,-17.5879396E-03,+0.0E+00,-19.2260743E-03
+781.5000E-06,+123.1155765E-03,-155.7788929E-03,+270.9960938E-03
+781.7500E-06,+148.2412043E-03,-517.5879342E-03,+659.4848632E-03
+782.0000E-06,+321.6080368E-03,-643.2160735E-03,+957.0312500E-03
+782.2500E-06,+562.8140643E-03,-723.6180827E-03,+1.2792968750E+00
+782.5000E-06,+718.5929572E-03,-809.0452174E-03,+1.5234375000E+00
+782.7500E-06,+781.4070269E-03,-1.0904522495E+00,+1.8676757812E+00
+783.0000E-06,+886.9346638E-03,-1.3618090307E+00,+2.2436523438E+00
+783.2500E-06,+1.0804019986E+00,-1.3492462167E+00,+2.4215698243E+00
+783.5000E-06,+1.2437185797E+00,-1.4472361654E+00,+2.6831054688E+00
+783.7500E-06,+1.2286432029E+00,-1.6884421930E+00,+2.9125976562E+00
+784.0000E-06,+1.4447236027E+00,-1.6909547557E+00,+3.1347656250E+00
+784.2500E-06,+1.6708542534E+00,-1.6884421930E+00,+3.3520507812E+00
+784.5000E-06,+1.6507537511E+00,-1.8869346532E+00,+3.5351562500E+00
+784.7500E-06,+1.6206029979E+00,-2.0201004807E+00,+3.6352539062E+00
+785.0000E-06,+1.7638190767E+00,-2.0100502297E+00,+3.7646484376E+00
+785.2500E-06,+1.8668341509E+00,-2.0100502297E+00,+3.8745117188E+00
+785.5000E-06,+1.8115577695E+00,-2.0477386716E+00,+3.8574218750E+00
+785.7500E-06,+1.7336683230E+00,-2.2286431923E+00,+3.9575195312E+00
+786.0000E-06,+1.8492462113E+00,-2.1708542481E+00,+4.0136718750E+00
+786.2500E-06,+1.9120602810E+00,-1.9020100300E+00,+3.8058471681E+00
+786.5000E-06,+1.7738693276E+00,-2.0477386716E+00,+3.8162231445E+00
+786.7500E-06,+1.6080401838E+00,-2.1130653039E+00,+3.7133789062E+00
+787.0000E-06,+1.7638190767E+00,-1.8542713368E+00,+3.6132812500E+00
+787.2500E-06,+1.7864321417E+00,-1.7336683230E+00,+3.5180664062E+00
+787.5000E-06,+1.5653266165E+00,-1.6884421930E+00,+3.2495117188E+00
+787.7500E-06,+1.3090452121E+00,-1.7462311371E+00,+3.0468750000E+00
+788.0000E-06,+1.1356783796E+00,-1.6783919420E+00,+2.8125000000E+00
+788.2500E-06,+1.3668341562E+00,-1.2060301378E+00,+2.5683593750E+00
+788.5000E-06,+1.0929648122E+00,-1.2010050124E+00,+2.2875976562E+00
+788.7500E-06,+861.8090361E-03,-1.1482411937E+00,+2.0019531250E+00
+789.0000E-06,+879.3969756E-03,-886.9346638E-03,+1.7648315430E+00
+789.2500E-06,+723.6180827E-03,-706.0301431E-03,+1.4260864257E+00
+789.5000E-06,+439.6984878E-03,-648.2411990E-03,+1.0864257812E+00
+789.7500E-06,+241.2060276E-03,-505.0251202E-03,+744.6289062E-03
+790.0000E-06,+165.8291438E-03,-394.4723578E-03,+554.1992188E-03
+790.2500E-06,+17.5879396E-03,-80.4020092E-03,+95.2148438E-03
+790.5000E-06,-236.1809021E-03,-37.6884419E-03,-202.6367188E-03
+790.7500E-06,-517.5879343E-03,+80.4020092E-03,-600.5859376E-03
+791.0000E-06,-329.1457249E-03,+477.3869297E-03,-812.9882812E-03
+791.2500E-06,-597.9899435E-03,+608.0401944E-03,-1.2109375000E+00
+791.5000E-06,-969.8492357E-03,+520.1004970E-03,-1.4965820312E+00
+791.7500E-06,-1.1708542587E+00,+678.3919527E-03,-1.8554687500E+00
+792.0000E-06,-1.2010050124E+00,+889.4472265E-03,-2.0996093750E+00
+792.2500E-06,-1.3492462166E+00,+1.0628140590E+00,-2.4121093750E+00
+792.5000E-06,-1.6080401838E+00,+1.0025125521E+00,-2.6147460938E+00
+792.7500E-06,-1.6658291279E+00,+1.1482411937E+00,-2.8222656250E+00
+793.0000E-06,-1.6105527465E+00,+1.4447236027E+00,-3.0566406250E+00
+793.2500E-06,-1.7236180721E+00,+1.6356783743E+00,-3.3618164062E+00
+793.5000E-06,-2.0854271135E+00,+1.4472361654E+00,-3.5400390626E+00
+793.7500E-06,-1.9748743506E+00,+1.5628140537E+00,-3.5449218750E+00
+794.0000E-06,-1.8542713368E+00,+1.7663316394E+00,-3.6254882812E+00
+794.2500E-06,-2.0552763598E+00,+1.8668341509E+00,-3.9282226562E+00
+794.5000E-06,-2.2135678154E+00,+1.7261306348E+00,-3.9453125000E+00
+794.7500E-06,-2.2286431923E+00,+1.7688442022E+00,-4.0014648438E+00
+795.0000E-06,-2.0075376670E+00,+1.9321607833E+00,-3.9453125000E+00
+795.2500E-06,-2.0276381693E+00,+1.8316582718E+00,-3.8671875000E+00
+795.5000E-06,-2.1231155553E+00,+1.7361808857E+00,-3.8671875000E+00
+795.7500E-06,-2.0326632947E+00,+1.7462311371E+00,-3.7792968750E+00
+796.0000E-06,-1.8492462113E+00,+1.8492462113E+00,-3.7011718750E+00
+796.2500E-06,-1.8492462113E+00,+1.6884421930E+00,-3.5449218750E+00
+796.5000E-06,-1.8542713368E+00,+1.4798994818E+00,-3.3374023438E+00
+796.7500E-06,-1.6884421930E+00,+1.4698492304E+00,-3.1665039062E+00
+797.0000E-06,-1.5226130492E+00,+1.4522612908E+00,-2.9785156250E+00
+797.2500E-06,-1.4924622954E+00,+1.2864321470E+00,-2.7859497069E+00
+797.5000E-06,-1.3618090308E+00,+1.0502512449E+00,-2.4121093750E+00
+797.7500E-06,-1.0678391845E+00,+1.0452261195E+00,-2.1215820312E+00
+798.0000E-06,-806.5326546E-03,+1.0402009940E+00,-1.8530273438E+00
+798.2500E-06,-821.6080315E-03,+706.0301431E-03,-1.5332031250E+00
+798.5000E-06,-809.0452173E-03,+396.9849205E-03,-1.2109375000E+00
+798.7500E-06,-447.2361760E-03,+437.1859251E-03,-888.6718750E-03
+799.0000E-06,-319.0954740E-03,+243.7185903E-03,-566.4062500E-03
+799.2500E-06,-178.3919580E-03,+62.8140696E-03,-244.1406250E-03
+799.5000E-06,-160.8040184E-03,-278.8944694E-03,+114.7460938E-03
+799.7500E-06,+138.1909534E-03,-241.2060276E-03,+375.6713868E-03
+800.0000E-06,+399.4974832E-03,-324.1205995E-03,+722.6562500E-03
+800.2500E-06,+447.2361760E-03,-597.9899435E-03,+1.0449218750E+00
+800.5000E-06,+444.7236133E-03,-884.4221011E-03,+1.3208007812E+00
+800.7500E-06,+816.5829060E-03,-849.2462219E-03,+1.6577148438E+00
+801.0000E-06,+1.0402009940E+00,-967.3366730E-03,+1.9995117188E+00
+801.2500E-06,+919.5979802E-03,-1.3316582771E+00,+2.2460937500E+00
+801.5000E-06,+1.0502512449E+00,-1.4472361654E+00,+2.4905395506E+00
+801.7500E-06,+1.3090452120E+00,-1.4824120446E+00,+2.7877807618E+00
+802.0000E-06,+1.5251256119E+00,-1.5276381746E+00,+3.0444335938E+00
+802.2500E-06,+1.5100502350E+00,-1.7236180721E+00,+3.2299804688E+00
+802.5000E-06,+1.4899497327E+00,-1.8869346532E+00,+3.3691406250E+00
+802.7500E-06,+1.8040200813E+00,-1.7336683230E+00,+3.5351562500E+00
+803.0000E-06,+1.8467336486E+00,-1.8517587741E+00,+3.6914062500E+00
+803.2500E-06,+1.6608040025E+00,-2.1984924385E+00,+3.8574218750E+00
+803.5000E-06,+1.8065326440E+00,-2.0954773643E+00,+3.8989257812E+00
+803.7500E-06,+1.9296482205E+00,-1.9648240997E+00,+3.8888549806E+00
+804.0000E-06,+1.8542713368E+00,-2.0854271135E+00,+3.9355468750E+00
+804.2500E-06,+1.8140703322E+00,-2.1080401785E+00,+3.9184570312E+00
+804.5000E-06,+1.8115577695E+00,-2.0477386716E+00,+3.8574218750E+00
+804.7500E-06,+2.0452261089E+00,-1.7914572672E+00,+3.8327026368E+00
+805.0000E-06,+1.8467336486E+00,-1.7713567649E+00,+3.6132812500E+00
+805.2500E-06,+1.6080401838E+00,-1.9296482205E+00,+3.5351562500E+00
+805.5000E-06,+1.6080401838E+00,-1.8115577695E+00,+3.4158325194E+00
+805.7500E-06,+1.7587939513E+00,-1.4924622954E+00,+3.2470703127E+00
+806.0000E-06,+1.4497487281E+00,-1.5251256119E+00,+2.9687500000E+00
+806.2500E-06,+1.1256281286E+00,-1.5276381746E+00,+2.6464843750E+00
+806.5000E-06,+1.1683416960E+00,-1.3241205889E+00,+2.4902343750E+00
+806.7500E-06,+1.1256281286E+00,-1.1256281286E+00,+2.2460937500E+00
+807.0000E-06,+1.0402009940E+00,-891.9597892E-03,+1.9262695312E+00
+807.2500E-06,+625.6281339E-03,-1.0452261195E+00,+1.6625976562E+00
+807.5000E-06,+562.8140643E-03,-809.0452173E-03,+1.3674926756E+00
+807.7500E-06,+517.5879343E-03,-505.0251201E-03,+1.0202026368E+00
+808.0000E-06,+165.8291438E-03,-479.8994924E-03,+637.5122069E-03
+808.2500E-06,-80.4020092E-03,-402.0100459E-03,+312.5000000E-03
+808.5000E-06,-118.0904511E-03,-160.8040184E-03,+41.5039062E-03
+808.7500E-06,-218.5929626E-03,+80.4020092E-03,-300.2929688E-03
+809.0000E-06,-484.9246178E-03,+158.2914557E-03,-644.5312500E-03
+809.2500E-06,-786.4321523E-03,+241.2060276E-03,-1.0354614257E+00
+809.5000E-06,-804.0200919E-03,+482.4120551E-03,-1.2890625000E+00
+809.7500E-06,-849.2462219E-03,+701.0050177E-03,-1.5551757812E+00
+810.0000E-06,-1.1281406914E+00,+645.7286362E-03,-1.7822265623E+00
+810.2500E-06,-1.3944723466E+00,+713.5678319E-03,-2.1166992188E+00
+810.5000E-06,-1.3291457143E+00,+1.0452261195E+00,-2.3754882812E+00
+810.7500E-06,-1.4597989796E+00,+1.1934673236E+00,-2.6562500000E+00
+811.0000E-06,-1.7663316395E+00,+1.2060301378E+00,-2.9760742188E+00
+811.2500E-06,-1.7864321418E+00,+1.2688442074E+00,-3.0566406250E+00
+811.5000E-06,-1.7261306349E+00,+1.4899497327E+00,-3.2226562500E+00
+811.7500E-06,-1.8140703322E+00,+1.7236180722E+00,-3.5449218750E+00
+812.0000E-06,-2.0879396762E+00,+1.6080401838E+00,-3.6987304688E+00
+812.2500E-06,-2.1708542481E+00,+1.5452261142E+00,-3.7182617188E+00
+812.5000E-06,-2.0100502297E+00,+1.8492462113E+00,-3.8671875000E+00
+812.7500E-06,-1.9748743505E+00,+1.9296482205E+00,-3.9111328123E+00
+813.0000E-06,-2.2487436946E+00,+1.7713567649E+00,-4.0234375000E+00
+813.2500E-06,-2.2512562573E+00,+1.7512562626E+00,-4.0063476562E+00
+813.5000E-06,-2.0477386716E+00,+1.8919597786E+00,-3.9453125000E+00
+813.7500E-06,-1.9522612855E+00,+1.9070351555E+00,-3.8671875000E+00
+814.0000E-06,-2.0125627924E+00,+1.7663316395E+00,-3.7792968750E+00
+814.2500E-06,-2.0100502297E+00,+1.6708542534E+00,-3.6840820312E+00
+814.5000E-06,-1.8115577695E+00,+1.7261306349E+00,-3.5449218750E+00
+814.7500E-06,-1.6884421930E+00,+1.6080401838E+00,-3.3007812500E+00
+815.0000E-06,-1.7638190768E+00,+1.2914572724E+00,-3.0566406250E+00
+815.2500E-06,-1.5904522442E+00,+1.2864321470E+00,-2.8833007812E+00
+815.5000E-06,-1.2437185797E+00,+1.2914572724E+00,-2.5415039062E+00
+815.7500E-06,-1.1834170728E+00,+1.1256281286E+00,-2.3120117188E+00
+816.0000E-06,-1.1306532540E+00,+876.8844130E-03,-2.0092773438E+00
+816.2500E-06,-902.0100407E-03,+804.0200919E-03,-1.7086791993E+00
+816.5000E-06,-648.2411989E-03,+761.3065246E-03,-1.4138793944E+00
+816.7500E-06,-585.4271293E-03,+540.2009993E-03,-1.1328125000E+00
+817.0000E-06,-562.8140643E-03,+241.2060276E-03,-810.5468750E-03
+817.2500E-06,-366.8341667E-03,+115.5778884E-03,-488.2812500E-03
+817.5000E-06,-37.6884419E-03,+123.1155765E-03,-166.0156250E-03
+817.7500E-06,-12.5628142E-03,-195.9798976E-03,+178.2226562E-03
+818.0000E-06,-75.3768838E-03,-479.8994924E-03,+402.8320312E-03
+818.2500E-06,+366.8341667E-03,-437.1859252E-03,+800.7812500E-03
+818.5000E-06,+600.5025062E-03,-525.1256224E-03,+1.1230468750E+00
+818.7500E-06,+620.6030085E-03,-768.8442127E-03,+1.3821411132E+00
+819.0000E-06,+723.6180827E-03,-1.0477386822E+00,+1.7700195312E+00
+819.2500E-06,+902.0100407E-03,-1.1080401890E+00,+2.0019531250E+00
+819.5000E-06,+1.2010050125E+00,-1.1683416959E+00,+2.3608398438E+00
+819.7500E-06,+1.0904522494E+00,-1.4824120446E+00,+2.5683593750E+00
+820.0000E-06,+1.2135678259E+00,-1.6809045049E+00,+2.8906250000E+00
+820.2500E-06,+1.4296482258E+00,-1.5628140538E+00,+2.9858398438E+00
+820.5000E-06,+1.6457286257E+00,-1.6884421930E+00,+3.3276367188E+00
+820.7500E-06,+1.6206029980E+00,-1.7562813879E+00,+3.3691406250E+00
+821.0000E-06,+1.6859296303E+00,-1.9346733459E+00,+3.6157226562E+00
+821.2500E-06,+1.7688442022E+00,-1.9924622901E+00,+3.7524414062E+00
+821.5000E-06,+1.9246230952E+00,-1.9346733459E+00,+3.8574218750E+00
+821.7500E-06,+1.7462311372E+00,-2.1130653039E+00,+3.8574218750E+00
+822.0000E-06,+1.7713567648E+00,-2.1683416854E+00,+3.9355468750E+00
+822.2500E-06,+1.9296482205E+00,-2.0100502297E+00,+3.9355468750E+00
+822.5000E-06,+1.9346733459E+00,-1.9623115371E+00,+3.8940429688E+00
+822.7500E-06,+1.7110552580E+00,-2.0904522389E+00,+3.7942504882E+00
+823.0000E-06,+1.7663316395E+00,-2.0904522389E+00,+3.8546752931E+00
+823.2500E-06,+1.8944723413E+00,-1.8040200814E+00,+3.6914062500E+00
+823.5000E-06,+1.7261306349E+00,-1.8115577694E+00,+3.5351562500E+00
+823.7500E-06,+1.4472361654E+00,-1.9070351556E+00,+3.3471679688E+00
+824.0000E-06,+1.2914572724E+00,-1.7688442022E+00,+3.0520629881E+00
+824.2500E-06,+1.4472361654E+00,-1.5100502350E+00,+2.9516601562E+00
+824.5000E-06,+1.3291457143E+00,-1.3190954636E+00,+2.6416015627E+00
+824.7500E-06,+1.0100502402E+00,-1.4246231004E+00,+2.4270629882E+00
+825.0000E-06,+881.9095384E-03,-1.2110552632E+00,+2.0922851561E+00
+825.2500E-06,+884.4221011E-03,-902.0100407E-03,+1.7846679689E+00
+825.5000E-06,+766.3316500E-03,-804.0200919E-03,+1.5649414061E+00
+825.7500E-06,+459.7989902E-03,-746.2311477E-03,+1.2011718750E+00
+826.0000E-06,+243.7185902E-03,-640.7035108E-03,+878.9062500E-03
+826.2500E-06,+150.7537677E-03,-429.6482363E-03,+573.7304689E-03
+826.5000E-06,+42.7135673E-03,-241.2060276E-03,+275.8789061E-03
+826.7500E-06,-276.3819068E-03,-195.9798976E-03,-87.8906250E-03
+827.0000E-06,-394.4723579E-03,+2.5125627E-03,-404.9682619E-03
+827.2500E-06,-419.5979856E-03,+304.0200971E-03,-732.4218750E-03
+827.5000E-06,-643.2160735E-03,+359.2964787E-03,-1.0079956056E+00
+827.7500E-06,-929.6482310E-03,+494.9748694E-03,-1.4303588868E+00
+828.0000E-06,-1.0427135568E+00,+643.2160735E-03,-1.6870117189E+00
+828.2500E-06,-1.1080401890E+00,+884.4221011E-03,-1.9946289061E+00
+828.5000E-06,-1.2487437051E+00,+879.3969757E-03,-2.1362304689E+00
+828.7500E-06,-1.5854271188E+00,+964.8241103E-03,-2.5561523439E+00
+829.0000E-06,-1.6080401838E+00,+1.1281406913E+00,-2.7371215819E+00
+829.2500E-06,-1.5452261142E+00,+1.4120602862E+00,-2.9614257811E+00
+829.5000E-06,-1.8391959606E+00,+1.3768844069E+00,-3.2226562500E+00
+829.7500E-06,-2.0100502297E+00,+1.4020100355E+00,-3.4201049807E+00
+830.0000E-06,-1.8567838994E+00,+1.6834170676E+00,-3.5473632811E+00
+830.2500E-06,-1.8668341510E+00,+1.7688442022E+00,-3.6401367189E+00
+830.5000E-06,-2.0904522389E+00,+1.7261306349E+00,-3.8204956056E+00
+830.7500E-06,-2.2512562573E+00,+1.6080401838E+00,-3.8671875000E+00
+831.0000E-06,-2.1658291228E+00,+1.7713567648E+00,-3.9428710939E+00
+831.2500E-06,-2.0100502297E+00,+1.9296482205E+00,-3.9453125000E+00
+831.5000E-06,-2.1658291228E+00,+1.7738693275E+00,-3.9453125000E+00
+831.7500E-06,-2.3090452015E+00,+1.6884421930E+00,-4.0014648439E+00
+832.0000E-06,-2.0125627924E+00,+1.8467336487E+00,-3.8671875000E+00
+832.2500E-06,-1.8492462113E+00,+1.8492462113E+00,-3.7011718750E+00
+832.5000E-06,-1.9346733459E+00,+1.6030150584E+00,-3.5449218750E+00
+832.7500E-06,-1.9296482205E+00,+1.5276381746E+00,-3.4667968750E+00
+833.0000E-06,-1.6834170676E+00,+1.5326632999E+00,-3.2226562500E+00
+833.2500E-06,-1.5728643045E+00,+1.4195979751E+00,-2.9956054689E+00
+833.5000E-06,-1.5653266165E+00,+1.2487437051E+00,-2.8222656250E+00
+833.7500E-06,-1.4246231004E+00,+1.1482411936E+00,-2.5781250000E+00
+834.0000E-06,-1.0502512448E+00,+1.2035175752E+00,-2.2583007811E+00
+834.2500E-06,-902.0100407E-03,+1.0276381798E+00,-1.9335937500E+00
+834.5000E-06,-969.8492356E-03,+680.9045154E-03,-1.6528320311E+00
+834.7500E-06,-746.2311477E-03,+597.9899436E-03,-1.3452148439E+00
+835.0000E-06,-479.8994925E-03,+562.8140643E-03,-1.0519409181E+00
+835.2500E-06,-384.4221063E-03,+356.7839160E-03,-749.5117189E-03
+835.5000E-06,-283.9195948E-03,+80.4020092E-03,-368.9575194E-03
+835.7500E-06,-138.1909534E-03,-80.4020092E-03,-63.1713868E-03
+836.0000E-06,+241.2060276E-03,-80.4020092E-03,+312.5000000E-03
+836.2500E-06,+321.6080368E-03,-258.7939672E-03,+573.7304689E-03
+836.5000E-06,+283.9195948E-03,-600.5025063E-03,+878.9062500E-03
+836.7500E-06,+562.8140643E-03,-723.6180827E-03,+1.2792968750E+00
+837.0000E-06,+879.3969757E-03,-648.2411988E-03,+1.5234375000E+00
+837.2500E-06,+821.6080315E-03,-1.0100502402E+00,+1.8286132811E+00
+837.5000E-06,+884.4221011E-03,-1.2060301378E+00,+2.0898437500E+00
+837.7500E-06,+1.0678391844E+00,-1.3442210913E+00,+2.4023437500E+00
+838.0000E-06,+1.3668341562E+00,-1.4422110401E+00,+2.8073120120E+00
+838.2500E-06,+1.3668341562E+00,-1.4648241050E+00,+2.8295898439E+00
+838.5000E-06,+1.3718592815E+00,-1.7638190768E+00,+3.1347656250E+00
+838.7500E-06,+1.4698492304E+00,-1.8492462113E+00,+3.3129882811E+00
+839.0000E-06,+1.7663316395E+00,-1.6934673183E+00,+3.4594726561E+00
+839.2500E-06,+1.7060301326E+00,-1.9296482205E+00,+3.6303710939E+00
+839.5000E-06,+1.6457286257E+00,-2.0954773642E+00,+3.7329101561E+00
+839.7500E-06,+1.7688442022E+00,-2.0904522389E+00,+3.8574218750E+00
+840.0000E-06,+1.7763818902E+00,-2.0854271136E+00,+3.8598632811E+00
+840.2500E-06,+1.7864321418E+00,-2.1532663085E+00,+3.9355468750E+00
+840.5000E-06,+1.6507537510E+00,-2.2512562573E+00,+3.8989257811E+00
+840.7500E-06,+1.7914572671E+00,-2.0678391740E+00,+3.8574218750E+00
+841.0000E-06,+1.8492462113E+00,-2.0100502297E+00,+3.8574218750E+00
+841.2500E-06,+1.6256281234E+00,-2.0904522389E+00,+3.7084960939E+00
+841.5000E-06,+1.5226130493E+00,-2.1005024896E+00,+3.6181640623E+00
+841.7500E-06,+1.6658291280E+00,-1.8492462113E+00,+3.5131835939E+00
+842.0000E-06,+1.6105527464E+00,-1.7613065142E+00,+3.3642578127E+00
+842.2500E-06,+1.3040200867E+00,-1.8140703321E+00,+3.1155395506E+00
+842.5000E-06,+1.1633165706E+00,-1.6080401838E+00,+2.7658081056E+00
+842.7500E-06,+1.1708542586E+00,-1.4246231004E+00,+2.5903320311E+00
+843.0000E-06,+1.2035175752E+00,-1.1281406913E+00,+2.3242187500E+00
+843.2500E-06,+849.2462218E-03,-1.1783919476E+00,+2.0211791994E+00
+843.5000E-06,+643.2160735E-03,-1.1256281286E+00,+1.7675781250E+00
+843.7500E-06,+701.0050177E-03,-746.2311477E-03,+1.4453125000E+00
+844.0000E-06,+640.7035109E-03,-565.3266270E-03,+1.2011718750E+00
+844.2500E-06,+178.3919580E-03,-625.6281339E-03,+800.7812500E-03
+844.5000E-06,+42.7135673E-03,-444.7236132E-03,+483.3984372E-03
+844.7500E-06,+22.6130650E-03,-195.9798977E-03,+212.4023439E-03
+845.0000E-06,-160.8040184E-03,+0.0E+00,-166.0156250E-03
+845.2500E-06,-437.1859252E-03,+125.6281391E-03,-566.4062500E-03
+845.5000E-06,-595.4773810E-03,+165.8291437E-03,-769.0429689E-03
+845.7500E-06,-643.2160735E-03,+459.7989902E-03,-1.1108398439E+00
+846.0000E-06,-728.6432080E-03,+640.7035109E-03,-1.3699340819E+00
+846.2500E-06,-1.1080401890E+00,+660.8040132E-03,-1.7773437500E+00
+846.5000E-06,-1.2110552631E+00,+879.3969758E-03,-2.0996093750E+00
+846.7500E-06,-1.2060301378E+00,+1.0678391844E+00,-2.2778320311E+00
+847.0000E-06,-1.4422110401E+00,+1.0502512448E+00,-2.5000000000E+00
+847.2500E-06,-1.6532663137E+00,+1.1432160683E+00,-2.8030395506E+00
+847.5000E-06,-1.6884421930E+00,+1.3291457143E+00,-3.0200195311E+00
+847.7500E-06,-1.6658291280E+00,+1.5502512395E+00,-3.2226562500E+00
+848.0000E-06,-1.8492462113E+00,+1.6055276211E+00,-3.4640502931E+00
+848.2500E-06,-2.0728642993E+00,+1.5452261142E+00,-3.6230468750E+00
+848.5000E-06,-1.9773869131E+00,+1.7211055096E+00,-3.7011718750E+00
+848.7500E-06,-1.9296482205E+00,+1.8718592763E+00,-3.8040161131E+00
+849.0000E-06,-2.1633165602E+00,+1.7763818901E+00,-3.9453125000E+00
+849.2500E-06,-2.2336683176E+00,+1.7236180723E+00,-3.9624023439E+00
+849.5000E-06,-2.1281406809E+00,+1.8919597786E+00,-4.0234375000E+00
+849.7500E-06,-1.9296482205E+00,+1.9522612855E+00,-3.8891601561E+00
+850.0000E-06,-1.8542713366E+00,+1.9271356579E+00,-3.7820434569E+00
+850.2500E-06,-2.1080401786E+00,+1.7336683229E+00,-3.8479614256E+00
+850.5000E-06,-1.9296482205E+00,+1.7638190769E+00,-3.6962890628E+00
+850.7500E-06,-1.6758793786E+00,+1.8266331464E+00,-3.5107421872E+00
+851.0000E-06,-1.8467336487E+00,+1.5326632999E+00,-3.3816528319E+00
+851.2500E-06,-1.7060301326E+00,+1.3844220959E+00,-3.0929565433E+00
+851.5000E-06,-1.4849246074E+00,+1.4899497326E+00,-2.9785156250E+00
+851.7500E-06,-1.3442210913E+00,+1.3894472212E+00,-2.7343750000E+00
+852.0000E-06,-1.3643215936E+00,+1.1281406913E+00,-2.5000000000E+00
+852.2500E-06,-1.1783919476E+00,+1.0100502402E+00,-2.1948242189E+00
+852.5000E-06,-922.1105430E-03,+964.8241103E-03,-1.8920898439E+00
+852.7500E-06,-688.4422034E-03,+839.1959712E-03,-1.5332031250E+00
+853.0000E-06,-726.1306453E-03,+560.3015017E-03,-1.2890625000E+00
+853.2500E-06,-688.4422034E-03,+276.3819069E-03,-966.7968750E-03
+853.5000E-06,-278.8944695E-03,+321.6080368E-03,-603.0273439E-03
+853.7500E-06,-138.1909534E-03,+67.8391948E-03,-209.9609372E-03
+854.0000E-06,-236.1809023E-03,-314.0703488E-03,+75.6835939E-03
+854.2500E-06,+0.0E+00,-276.3819069E-03,+270.6909183E-03
+854.5000E-06,+321.6080368E-03,-321.6080368E-03,+634.7656250E-03
+854.7500E-06,+447.2361758E-03,-540.2009994E-03,+981.7504881E-03
+855.0000E-06,+482.4120551E-03,-804.0200919E-03,+1.2792968750E+00
+855.2500E-06,+597.9899436E-03,-1.0728643097E+00,+1.6625976561E+00
+855.5000E-06,+959.7989850E-03,-969.8492356E-03,+1.9238281250E+00
+855.7500E-06,+1.0100502401E+00,-1.1834170729E+00,+2.1899414061E+00
+856.0000E-06,+891.9597890E-03,-1.6005024959E+00,+2.4902343750E+00
+856.2500E-06,+1.0804019988E+00,-1.5904522441E+00,+2.6635742189E+00
+856.5000E-06,+1.4522612907E+00,-1.4849246074E+00,+2.9321289061E+00
+856.7500E-06,+1.5276381746E+00,-1.6658291280E+00,+3.1909179689E+00
+857.0000E-06,+1.6005024959E+00,-1.7738693274E+00,+3.3666992189E+00
+857.2500E-06,+1.5452261143E+00,-1.9296482205E+00,+3.4741210939E+00
+857.5000E-06,+1.8065326441E+00,-1.8969849039E+00,+3.6962890622E+00
+857.7500E-06,+1.8618090257E+00,-1.9170854062E+00,+3.7695312500E+00
+858.0000E-06,+1.6884421930E+00,-2.1708542481E+00,+3.8574218750E+00
+858.2500E-06,+1.7864321418E+00,-2.1532663084E+00,+3.9355468750E+00
+858.5000E-06,+1.9346733458E+00,-1.9673366625E+00,+3.8989257811E+00
+858.7500E-06,+1.8718592763E+00,-2.0904522389E+00,+3.9575195311E+00
+859.0000E-06,+1.8442210861E+00,-2.0929648016E+00,+3.9331054689E+00
+859.2500E-06,+1.8140703320E+00,-2.0452261090E+00,+3.8574218750E+00
+859.5000E-06,+1.8492462113E+00,-1.8919597786E+00,+3.7329101561E+00
+859.7500E-06,+1.7236180723E+00,-1.8718592763E+00,+3.5913085939E+00
+860.0000E-06,+1.5276381746E+00,-1.9296482205E+00,+3.4570312500E+00
+860.2500E-06,+1.5452261143E+00,-1.7336683228E+00,+3.2739257811E+00
+860.5000E-06,+1.5703517418E+00,-1.4849246074E+00,+3.0468750000E+00
+860.7500E-06,+1.2512562677E+00,-1.5402009890E+00,+2.7877807619E+00
+861.0000E-06,+1.1231155660E+00,-1.3693467189E+00,+2.4902343750E+00
+861.2500E-06,+1.1080401890E+00,-1.1432160683E+00,+2.2460937500E+00
+861.5000E-06,+1.0502512447E+00,-922.1105430E-03,+1.9653320311E+00
+861.7500E-06,+723.6180827E-03,-987.4371752E-03,+1.7044067381E+00
+862.0000E-06,+484.9246178E-03,-884.4221011E-03,+1.3601684569E+00
+862.2500E-06,+356.7839161E-03,-608.0401942E-03,+957.0312500E-03
+862.5000E-06,+359.2964787E-03,-364.3216040E-03,+722.6562500E-03
+862.7500E-06,-12.5628144E-03,-414.5728603E-03,+400.3906250E-03
+863.0000E-06,-236.1809023E-03,-316.5829115E-03,+78.1250000E-03
+863.2500E-06,-160.8040184E-03,+62.8140695E-03,-227.0507811E-03
+863.5000E-06,-359.2964787E-03,+203.5175856E-03,-566.4062500E-03
+863.7500E-06,-585.4271293E-03,+241.2060276E-03,-832.5195311E-03
+864.0000E-06,-728.6432080E-03,+555.2763764E-03,-1.2866210939E+00
+864.2500E-06,-884.4221011E-03,+597.9899437E-03,-1.4892578128E+00
+864.5000E-06,-1.0125628028E+00,+756.2813994E-03,-1.7773437500E+00
+864.7500E-06,-1.2512562677E+00,+804.0200919E-03,-2.0584106442E+00
+865.0000E-06,-1.4447236028E+00,+886.9346637E-03,-2.3339843750E+00
+865.2500E-06,-1.4472361654E+00,+1.2060301378E+00,-2.6562500000E+00
+865.5000E-06,-1.5653266166E+00,+1.3291457143E+00,-2.9003906250E+00
+865.7500E-06,-1.7914572671E+00,+1.2864321470E+00,-3.0813598631E+00
+866.0000E-06,-1.7738693274E+00,+1.5226130493E+00,-3.3007812500E+00
+866.2500E-06,-1.7864321418E+00,+1.6708542533E+00,-3.4667968750E+00
+866.5000E-06,-1.9346733458E+00,+1.6834170677E+00,-3.6230468750E+00
+866.7500E-06,-2.1130653038E+00,+1.5854271189E+00,-3.7011718750E+00
+867.0000E-06,-2.1683416855E+00,+1.7663316395E+00,-3.9401245120E+00
+867.2500E-06,-1.9924622901E+00,+1.9472361602E+00,-3.9453125000E+00
+867.5000E-06,-2.0050251045E+00,+1.8969849038E+00,-3.9086914061E+00
+867.7500E-06,-2.2864321366E+00,+1.6758793786E+00,-3.9672851561E+00
+868.0000E-06,-2.0904522389E+00,+1.8467336487E+00,-3.9428710939E+00
+868.2500E-06,-1.8668341510E+00,+1.9748743504E+00,-3.8479614256E+00
+868.5000E-06,-1.8869346533E+00,+1.8492462113E+00,-3.7377929689E+00
+868.7500E-06,-1.9748743504E+00,+1.6658291280E+00,-3.6450195311E+00
+869.0000E-06,-1.9271356579E+00,+1.6105527464E+00,-3.5449218750E+00
+869.2500E-06,-1.6356783740E+00,+1.7236180723E+00,-3.3618164061E+00
+869.5000E-06,-1.5653266166E+00,+1.5703517418E+00,-3.1445312500E+00
+869.7500E-06,-1.5628140539E+00,+1.3316582769E+00,-2.9003906250E+00
+870.0000E-06,-1.4447236028E+00,+1.2864321470E+00,-2.7319335939E+00
+870.2500E-06,-1.1432160683E+00,+1.2864321470E+00,-2.4313354494E+00
+870.5000E-06,-1.0452261195E+00,+1.0452261195E+00,-2.0996093750E+00
+870.7500E-06,-987.4371752E-03,+861.8090362E-03,-1.8554687500E+00
+871.0000E-06,-726.1306453E-03,+723.6180827E-03,-1.4575195311E+00
+871.2500E-06,-482.4120551E-03,+660.8040132E-03,-1.1499023439E+00
+871.5000E-06,-530.1507476E-03,+396.9849207E-03,-930.1757811E-03
+871.7500E-06,-459.7989902E-03,+80.4020092E-03,-544.4335939E-03
+872.0000E-06,-236.1809023E-03,+82.9145718E-03,-319.8242189E-03
+872.2500E-06,+62.8140695E-03,-80.4020092E-03,+139.1601561E-03
+872.5000E-06,+123.1155764E-03,-359.2964787E-03,+478.5156250E-03
+872.7500E-06,+218.5929627E-03,-562.8140643E-03,+778.8085939E-03
+873.0000E-06,+635.6783857E-03,-487.4371804E-03,+1.1206054689E+00
+873.2500E-06,+688.4422033E-03,-741.2060224E-03,+1.4260864256E+00
+873.5000E-06,+680.9045155E-03,-1.0125628027E+00,+1.6897583004E+00
+873.7500E-06,+781.4070270E-03,-1.2286432028E+00,+2.0019531250E+00
+874.0000E-06,+969.8492355E-03,-1.2814070218E+00,+2.2460937500E+00
+874.2500E-06,+1.2688442073E+00,-1.2864321470E+00,+2.5512695311E+00
+874.5000E-06,+1.1683416959E+00,-1.6407035005E+00,+2.8024291996E+00
+874.7500E-06,+1.2286432028E+00,-1.8040200815E+00,+3.0249023439E+00
+875.0000E-06,+1.6030150585E+00,-1.6909547556E+00,+3.2885742189E+00
+875.2500E-06,+1.6256281235E+00,-1.7688442022E+00,+3.3883666994E+00
+875.5000E-06,+1.5276381746E+00,-2.0100502297E+00,+3.5351562500E+00
+875.7500E-06,+1.6080401838E+00,-2.0904522389E+00,+3.6914062500E+00
+876.0000E-06,+1.6959798808E+00,-2.0854271137E+00,+3.7722778318E+00
+876.2500E-06,+1.8492462113E+00,-2.0728642992E+00,+3.9184570311E+00
+876.5000E-06,+1.7311557602E+00,-2.1658291229E+00,+3.8940429689E+00
+876.7500E-06,+1.7336683228E+00,-2.2060301275E+00,+3.9355468750E+00
+877.0000E-06,+1.7738693274E+00,-2.0904522389E+00,+3.8623046872E+00
+877.2500E-06,+1.8316582717E+00,-2.0276381694E+00,+3.8574218750E+00
+877.5000E-06,+1.6884421930E+00,-2.1331658061E+00,+3.8162231443E+00
+877.7500E-06,+1.7236180723E+00,-1.9748743504E+00,+3.6914062500E+00
+878.0000E-06,+1.6884421930E+00,-1.8492462113E+00,+3.5351562500E+00
+878.2500E-06,+1.5628140540E+00,-1.8768844015E+00,+3.4378051756E+00
+878.5000E-06,+1.3618090310E+00,-1.8115577694E+00,+3.1713867189E+00
+878.7500E-06,+1.3090452119E+00,-1.6658291281E+00,+2.9687500000E+00
+879.0000E-06,+1.2939698349E+00,-1.3643215936E+00,+2.6516723629E+00
+879.2500E-06,+1.1884421982E+00,-1.3668341562E+00,+2.5512695311E+00
+879.5000E-06,+884.4221011E-03,-1.2864321470E+00,+2.1679687500E+00
+879.7500E-06,+839.1959713E-03,-1.0100502401E+00,+1.8457031250E+00
+880.0000E-06,+881.9095385E-03,-648.2411987E-03,+1.5258789061E+00
+880.2500E-06,+545.2261246E-03,-723.6180827E-03,+1.2622070311E+00
+880.5000E-06,+278.8944696E-03,-685.9296407E-03,+957.0312500E-03
+880.7500E-06,+241.2060276E-03,-402.0100459E-03,+634.7656250E-03
+881.0000E-06,+82.9145718E-03,-158.2914558E-03,+234.3750000E-03
+881.2500E-06,-80.4020092E-03,-80.4020092E-03,+0.0E+00
+881.5000E-06,-391.9597955E-03,-70.3517588E-03,-322.2656250E-03
+881.7500E-06,-459.7989902E-03,+206.0301482E-03,-669.2504881E-03
+882.0000E-06,-407.0351712E-03,+557.7889391E-03,-966.7968750E-03
+882.2500E-06,-615.5778834E-03,+608.0401941E-03,-1.2280273439E+00
+882.5000E-06,-1.0075376775E+00,+600.5025063E-03,-1.6113281250E+00
+882.7500E-06,-1.0226130546E+00,+884.4221011E-03,-1.9116210939E+00
+883.0000E-06,-1.2010050126E+00,+1.0477386821E+00,-2.2534179689E+00
+883.2500E-06,-1.3492462165E+00,+1.1256281286E+00,-2.4807739256E+00
+883.5000E-06,-1.5226130494E+00,+1.1733668211E+00,-2.6977539061E+00
+883.7500E-06,-1.5854271189E+00,+1.3894472211E+00,-2.9785156250E+00
+884.0000E-06,-1.5301507372E+00,+1.6055276212E+00,-3.1445312500E+00
+884.2500E-06,-1.8668341510E+00,+1.5276381746E+00,-3.3981323244E+00
+884.5000E-06,-1.9346733457E+00,+1.5653266166E+00,-3.5083007811E+00
+884.7500E-06,-1.8140703320E+00,+1.8844220907E+00,-3.7011718750E+00
+885.0000E-06,-1.9271356579E+00,+1.8517587740E+00,-3.7792968750E+00
+885.2500E-06,-2.1532663084E+00,+1.7688442022E+00,-3.9282226561E+00
+885.5000E-06,-2.1708542481E+00,+1.7688442022E+00,-3.9453125000E+00
+885.7500E-06,-1.9874371648E+00,+1.9522612854E+00,-3.9453125000E+00
+886.0000E-06,-2.0854271137E+00,+1.8542713366E+00,-3.9453125000E+00
+886.2500E-06,-2.1256281183E+00,+1.8140703320E+00,-3.9453125000E+00
+886.5000E-06,-2.1758793733E+00,+1.7261306350E+00,-3.9086914061E+00
+886.7500E-06,-1.8718592762E+00,+1.8844220907E+00,-3.7573242189E+00
+887.0000E-06,-1.7713567648E+00,+1.8467336487E+00,-3.6230468750E+00
+887.2500E-06,-1.9748743503E+00,+1.4648241051E+00,-3.4475708006E+00
+887.5000E-06,-1.8542713365E+00,+1.4045225982E+00,-3.2641601561E+00
+887.7500E-06,-1.5854271189E+00,+1.4698492303E+00,-3.0566406250E+00
+888.0000E-06,-1.4472361654E+00,+1.3693467188E+00,-2.8247070311E+00
+888.2500E-06,-1.4195979753E+00,+1.2160803882E+00,-2.6391601561E+00
+888.5000E-06,-1.2864321470E+00,+1.0452261195E+00,-2.3339843750E+00
+888.7500E-06,-1.0452261195E+00,+1.0226130546E+00,-2.0748901369E+00
+889.0000E-06,-814.0703423E-03,+874.3718507E-03,-1.6894531250E+00
+889.2500E-06,-884.4221011E-03,+499.9999948E-03,-1.3864135744E+00
+889.5000E-06,-723.6180827E-03,+402.0100459E-03,-1.1328125000E+00
+889.7500E-06,-402.0100459E-03,+321.6080368E-03,-732.4218750E-03
+890.0000E-06,-321.6080368E-03,+82.9145718E-03,-412.5976561E-03
+890.2500E-06,-241.2060276E-03,-178.3919581E-03,-68.6645506E-03
+890.5000E-06,+5.0251252E-03,-273.8693444E-03,+270.9960939E-03
+890.7500E-06,+206.0301482E-03,-298.9949719E-03,+500.4882811E-03
+891.0000E-06,+396.9849208E-03,-487.4371803E-03,+878.9062500E-03
+891.2500E-06,+402.0100459E-03,-804.0200919E-03,+1.2011718750E+00
+891.5000E-06,+562.8140643E-03,-884.4221011E-03,+1.4453125000E+00
+891.7500E-06,+861.8090362E-03,-849.2462217E-03,+1.7044067381E+00
+892.0000E-06,+733.6683331E-03,-1.2788944592E+00,+2.0046997068E+00
+892.2500E-06,+856.7839110E-03,-1.5376884250E+00,+2.3852539061E+00
+892.5000E-06,+1.2487437050E+00,-1.4045225982E+00,+2.6464843750E+00
+892.7500E-06,+1.4698492303E+00,-1.4246231005E+00,+2.8906250000E+00
+893.0000E-06,+1.4422110402E+00,-1.6130653090E+00,+3.0468750000E+00
+893.2500E-06,+1.4472361654E+00,-1.8668341511E+00,+3.3081054689E+00
+893.5000E-06,+1.6884421930E+00,-1.8115577693E+00,+3.4985351561E+00
+893.7500E-06,+1.8844220908E+00,-1.8140703319E+00,+3.6914062500E+00
+894.0000E-06,+1.7688442022E+00,-2.0050251045E+00,+3.7646484379E+00
+894.2500E-06,+1.6432160632E+00,-2.2160803779E+00,+3.8574218750E+00
+894.5000E-06,+1.8869346534E+00,-2.0100502297E+00,+3.8940429689E+00
+894.7500E-06,+1.9522612854E+00,-1.9874371648E+00,+3.9355468750E+00
+895.0000E-06,+1.9271356579E+00,-2.0929648015E+00,+4.0136718750E+00
+895.2500E-06,+1.8592964617E+00,-2.0175879191E+00,+3.8745117189E+00
+895.5000E-06,+1.9296482205E+00,-1.9296482205E+00,+3.8574218750E+00
+895.7500E-06,+1.9296482205E+00,-1.8492462113E+00,+3.7695312500E+00
+896.0000E-06,+1.7663316396E+00,-1.9321607831E+00,+3.6914062500E+00
+896.2500E-06,+1.5452261143E+00,-1.9120602808E+00,+3.4570312500E+00
+896.5000E-06,+1.6834170678E+00,-1.6507537510E+00,+3.3276367189E+00
+896.7500E-06,+1.5502512395E+00,-1.5628140540E+00,+3.1100463869E+00
+897.0000E-06,+1.2864321470E+00,-1.6080401838E+00,+2.8906250000E+00
+897.2500E-06,+1.1884421981E+00,-1.3216080264E+00,+2.5073242189E+00
+897.5000E-06,+1.2537688302E+00,-1.1206030035E+00,+2.3657226561E+00
+897.7500E-06,+1.1030150638E+00,-1.0452261195E+00,+2.1459960939E+00
+898.0000E-06,+801.5075293E-03,-969.8492354E-03,+1.7700195311E+00
+898.2500E-06,+643.2160735E-03,-821.6080316E-03,+1.4624023439E+00
+898.5000E-06,+638.1909483E-03,-525.1256223E-03,+1.1596679689E+00
+898.7500E-06,+424.6231108E-03,-482.4120551E-03,+900.8789061E-03
+899.0000E-06,+80.4020092E-03,-402.0100459E-03,+478.5156250E-03
+899.2500E-06,+0.0E+00,-223.6180879E-03,+217.2851561E-03
+899.5000E-06,-75.3768840E-03,+42.7135672E-03,-124.5117189E-03
+899.7500E-06,-298.9949719E-03,+103.0150741E-03,-410.1562500E-03
+900.0000E-06,-565.3266269E-03,+158.2914558E-03,-732.4218750E-03
+900.2500E-06,-660.8040132E-03,+402.0100459E-03,-1.0717773439E+00
+900.5000E-06,-766.3316499E-03,+638.1909483E-03,-1.4083862307E+00
+900.7500E-06,-907.0351660E-03,+701.0050178E-03,-1.6113281250E+00
+901.0000E-06,-1.3643215936E+00,+648.2411987E-03,-2.0144653318E+00
+901.2500E-06,-1.3492462165E+00,+839.1959713E-03,-2.1948242189E+00
+901.5000E-06,-1.3668341562E+00,+1.2060301378E+00,-2.5781250000E+00
+901.7500E-06,-1.5854271189E+00,+1.2060301378E+00,-2.7975463869E+00
+902.0000E-06,-1.6909547556E+00,+1.2060301378E+00,-2.9028320310E+00
+902.2500E-06,-1.7864321419E+00,+1.4120602860E+00,-3.2055664060E+00
+902.5000E-06,-1.8115577693E+00,+1.5653266166E+00,-3.3789062500E+00
+902.7500E-06,-1.9396984709E+00,+1.5753768686E+00,-3.5229492190E+00
+903.0000E-06,-2.0904522389E+00,+1.5276381746E+00,-3.6230468750E+00
+903.2500E-06,-2.0728642992E+00,+1.7060301327E+00,-3.7792968750E+00
+903.5000E-06,-2.0904522389E+00,+1.8492462113E+00,-3.9453125000E+00
+903.7500E-06,-2.2060301275E+00,+1.7110552578E+00,-3.9233398440E+00
+904.0000E-06,-2.2512562573E+00,+1.6884421930E+00,-3.9453125000E+00
+904.2500E-06,-2.0452261092E+00,+1.8944723411E+00,-3.9453125000E+00
+904.5000E-06,-2.0100502297E+00,+1.8919597785E+00,-3.9086914060E+00
+904.7500E-06,-2.0904522389E+00,+1.7462311373E+00,-3.8424682619E+00
+905.0000E-06,-2.0150753549E+00,+1.6834170678E+00,-3.7011718750E+00
+905.2500E-06,-1.8316582716E+00,+1.7060301327E+00,-3.5449218750E+00
+905.5000E-06,-1.6507537510E+00,+1.7261306350E+00,-3.3789062500E+00
+905.7500E-06,-1.7462311373E+00,+1.4120602860E+00,-3.1665039060E+00
+906.0000E-06,-1.7638190770E+00,+1.2135678256E+00,-2.9809570310E+00
+906.2500E-06,-1.3668341562E+00,+1.4296482257E+00,-2.8030395505E+00
+906.5000E-06,-1.2010050127E+00,+1.3718592814E+00,-2.5781250000E+00
+906.7500E-06,-1.2638190822E+00,+987.4371751E-03,-2.2558593750E+00
+907.0000E-06,-1.0477386820E+00,+962.3115477E-03,-2.0117187500E+00
+907.2500E-06,-786.4321522E-03,+884.4221011E-03,-1.6723632810E+00
+907.5000E-06,-610.5527566E-03,+718.5929576E-03,-1.3305664060E+00
+907.7500E-06,-585.4271292E-03,+402.0100459E-03,-991.5161130E-03
+908.0000E-06,-555.2763766E-03,+168.3417061E-03,-732.4218750E-03
+908.2500E-06,-143.2160787E-03,+178.3919581E-03,-322.2656250E-03
+908.5000E-06,+42.7135672E-03,+42.7135672E-03,+0.0E+00
+908.7500E-06,+0.0E+00,-241.2060276E-03,+234.3750000E-03
+909.0000E-06,+314.0703490E-03,-326.6331619E-03,+632.3242190E-03
+909.2500E-06,+464.8241154E-03,-437.1859254E-03,+895.9960940E-03
+909.5000E-06,+562.8140643E-03,-685.9296407E-03,+1.2426757810E+00
+909.7500E-06,+562.8140643E-03,-964.8241103E-03,+1.5234375000E+00
+910.0000E-06,+881.9095385E-03,-1.0452261195E+00,+1.9213867190E+00
+910.2500E-06,+1.0452261195E+00,-1.1256281286E+00,+2.1679687500E+00
+910.5000E-06,+1.0452261195E+00,-1.2864321470E+00,+2.3242187500E+00
+910.7500E-06,+1.0678391843E+00,-1.6432160632E+00,+2.7026367190E+00
+911.0000E-06,+1.3643215936E+00,-1.5326632997E+00,+2.8930664060E+00
+911.2500E-06,+1.6356783738E+00,-1.5628140541E+00,+3.1958007810E+00
+911.5000E-06,+1.4899497326E+00,-1.8065326442E+00,+3.2910156250E+00
+911.7500E-06,+1.5402009892E+00,-1.9748743503E+00,+3.5131835940E+00
+912.0000E-06,+1.6859296304E+00,-1.9321607831E+00,+3.6132812500E+00
+912.2500E-06,+1.9296482205E+00,-1.9120602808E+00,+3.8381958005E+00
+912.5000E-06,+1.8492462113E+00,-2.0527637969E+00,+3.8989257810E+00
+912.7500E-06,+1.6758793784E+00,-2.2638190719E+00,+3.9355468750E+00
+913.0000E-06,+1.7713567647E+00,-2.2437185696E+00,+4.0087890629E+00
+913.2500E-06,+1.9296482205E+00,-2.0100502297E+00,+3.9355468750E+00
+913.5000E-06,+1.7738693273E+00,-2.0477386718E+00,+3.8162231443E+00
+913.7500E-06,+1.7462311373E+00,-2.1130653038E+00,+3.8574218750E+00
+914.0000E-06,+1.7688442022E+00,-1.9296482205E+00,+3.6914062500E+00
+914.2500E-06,+1.7236180724E+00,-1.8768844013E+00,+3.5961914060E+00
+914.5000E-06,+1.6457286258E+00,-1.8542713365E+00,+3.4985351560E+00
+914.7500E-06,+1.4698492303E+00,-1.8844220908E+00,+3.3471679690E+00
+915.0000E-06,+1.4522612905E+00,-1.6809045053E+00,+3.1320190432E+00
+915.2500E-06,+1.4472361654E+00,-1.4472361654E+00,+2.8906250000E+00
+915.5000E-06,+1.2110552630E+00,-1.4045225982E+00,+2.6098632810E+00
+915.7500E-06,+1.0226130546E+00,-1.2864321470E+00,+2.3022460940E+00
+916.0000E-06,+1.0427135569E+00,-967.3366728E-03,+2.0019531250E+00
+916.2500E-06,+866.8341613E-03,-839.1959714E-03,+1.6989135745E+00
+916.5000E-06,+477.3869300E-03,-894.4723513E-03,+1.3674926753E+00
+916.7500E-06,+472.3618049E-03,-630.6532589E-03,+1.1010742190E+00
+917.0000E-06,+402.0100459E-03,-324.1205993E-03,+725.0976560E-03
+917.2500E-06,+178.3919581E-03,-241.2060276E-03,+417.4804690E-03
+917.5000E-06,-118.0904512E-03,-241.2060276E-03,+119.6289060E-03
+917.7500E-06,-321.6080368E-03,-80.4020092E-03,-244.1406250E-03
+918.0000E-06,-246.2311527E-03,+316.5829116E-03,-566.4062500E-03
+918.2500E-06,-437.1859254E-03,+384.4221062E-03,-827.6367190E-03
+918.5000E-06,-846.7336590E-03,+359.2964788E-03,-1.2109375000E+00
+918.7500E-06,-907.0351659E-03,+597.9899438E-03,-1.5112304690E+00
+919.0000E-06,-889.4472262E-03,+804.0200919E-03,-1.6946411128E+00
+919.2500E-06,-1.1708542584E+00,+902.0100408E-03,-2.0803833005E+00
+919.5000E-06,-1.4045225983E+00,+927.1356682E-03,-2.3339843750E+00
+919.7500E-06,-1.5628140541E+00,+1.0326633048E+00,-2.6000976560E+00
+920.0000E-06,-1.5276381746E+00,+1.3643215937E+00,-2.8979492190E+00
+920.2500E-06,-1.5628140541E+00,+1.4296482257E+00,-2.9956054690E+00
+920.5000E-06,-1.8492462113E+00,+1.4095477234E+00,-3.2641601560E+00
+920.7500E-06,-1.8718592762E+00,+1.5050251097E+00,-3.3789062500E+00
+921.0000E-06,-1.8492462113E+00,+1.6884421930E+00,-3.5449218750E+00
+921.2500E-06,-2.0552763594E+00,+1.7236180725E+00,-3.7792968750E+00
+921.5000E-06,-2.1331658061E+00,+1.6457286258E+00,-3.7792968750E+00
+921.7500E-06,-2.1256281184E+00,+1.7562813875E+00,-3.8891601560E+00
+922.0000E-06,-2.0854271138E+00,+1.8542713365E+00,-3.9453125000E+00
+922.2500E-06,-2.0904522389E+00,+1.8316582716E+00,-3.9282226560E+00
+922.5000E-06,-2.2512562573E+00,+1.7311557601E+00,-3.9868164060E+00
+922.7500E-06,-2.0326632946E+00,+1.8266331465E+00,-3.8671875000E+00
+923.0000E-06,-1.8542713365E+00,+1.9271356580E+00,-3.7820434568E+00
+923.2500E-06,-1.9924622900E+00,+1.6256281235E+00,-3.6230468750E+00
+923.5000E-06,-2.0150753548E+00,+1.4798994823E+00,-3.5034179690E+00
+923.7500E-06,-1.7336683227E+00,+1.6658291281E+00,-3.4036254880E+00
+924.0000E-06,-1.6834170679E+00,+1.5301507371E+00,-3.2202148440E+00
+924.2500E-06,-1.6884421930E+00,+1.2864321470E+00,-2.9785156250E+00
+924.5000E-06,-1.5276381746E+00,+1.1683416958E+00,-2.6977539060E+00
+924.7500E-06,-1.3090452119E+00,+1.1834170730E+00,-2.5000000000E+00
+925.0000E-06,-969.8492354E-03,+1.2010050127E+00,-2.1777343750E+00
+925.2500E-06,-1.1256281286E+00,+804.0200919E-03,-1.9335937500E+00
+925.5000E-06,-1.0075376774E+00,+600.5025064E-03,-1.6113281250E+00
+925.7500E-06,-665.8291384E-03,+620.6030087E-03,-1.2890625000E+00
+926.0000E-06,-404.5226085E-03,+482.4120551E-03,-891.1132810E-03
+926.2500E-06,-464.8241154E-03,+160.8040184E-03,-627.4414060E-03
+926.5000E-06,-321.6080368E-03,-80.4020092E-03,-244.1406250E-03
+926.7500E-06,-150.7537682E-03,-208.5427125E-03,+56.1523440E-03
+927.0000E-06,+238.6934650E-03,-241.2060276E-03,+476.0742190E-03
+927.2500E-06,+206.0301481E-03,-437.1859254E-03,+634.7656250E-03
+927.5000E-06,+364.3216039E-03,-680.9045156E-03,+1.0449218750E+00
+927.7500E-06,+620.6030087E-03,-665.8291384E-03,+1.2792968750E+00
+928.0000E-06,+726.1306452E-03,-881.9095385E-03,+1.6015625000E+00
+928.2500E-06,+821.6080316E-03,-1.1708542583E+00,+1.9848632810E+00
+928.5000E-06,+1.0025125523E+00,-1.2487437050E+00,+2.2460937500E+00
+928.7500E-06,+1.2512562675E+00,-1.2989949617E+00,+2.5463867190E+00
+929.0000E-06,+1.2889447096E+00,-1.4472361654E+00,+2.7273559568E+00
+929.2500E-06,+1.3492462165E+00,-1.6432160633E+00,+2.9858398440E+00
+929.5000E-06,+1.4472361654E+00,-1.7311557601E+00,+3.1762695310E+00
+929.7500E-06,+1.7462311373E+00,-1.6306532486E+00,+3.3691406250E+00
+930.0000E-06,+1.7688442022E+00,-1.7688442022E+00,+3.5351562500E+00
+930.2500E-06,+1.6256281235E+00,-2.0552763594E+00,+3.6743164060E+00
+930.5000E-06,+1.7638190771E+00,-2.0150753548E+00,+3.7695312500E+00
+930.7500E-06,+2.0100502297E+00,-1.8492462113E+00,+3.8574218750E+00
+931.0000E-06,+1.9296482205E+00,-1.9321607831E+00,+3.8598632810E+00
+931.2500E-06,+1.7688442022E+00,-2.1708542481E+00,+3.9355468750E+00
+931.5000E-06,+1.8492462113E+00,-2.0904522389E+00,+3.9355468750E+00
+931.7500E-06,+1.9648241001E+00,-1.8718592762E+00,+3.8327026370E+00
+932.0000E-06,+1.9271356580E+00,-1.8542713364E+00,+3.7722778318E+00
+932.2500E-06,+1.6708542532E+00,-2.1080401787E+00,+3.7695312500E+00
+932.5000E-06,+1.6834170679E+00,-1.9346733456E+00,+3.6132812500E+00
+932.7500E-06,+1.7462311373E+00,-1.7110552578E+00,+3.4570312500E+00
+933.0000E-06,+1.4497487279E+00,-1.7663316396E+00,+3.2128906250E+00
+933.2500E-06,+1.3492462165E+00,-1.6884421930E+00,+3.0297851560E+00
+933.5000E-06,+1.2964823972E+00,-1.5175879244E+00,+2.8125000000E+00
+933.7500E-06,+1.1708542583E+00,-1.3216080265E+00,+2.4902343750E+00
+934.0000E-06,+1.0402009944E+00,-1.2110552629E+00,+2.2460937500E+00
+934.2500E-06,+741.2060225E-03,-1.2060301378E+00,+1.9409179690E+00
+934.5000E-06,+718.5929576E-03,-969.8492353E-03,+1.6796875000E+00
+934.7500E-06,+585.4271292E-03,-723.6180827E-03,+1.3012695310E+00
+935.0000E-06,+246.2311526E-03,-876.8844135E-03,+1.1206054690E+00
+935.2500E-06,+97.9899490E-03,-608.0401940E-03,+703.4301755E-03
+935.5000E-06,+80.4020092E-03,-278.8944696E-03,+353.6987307E-03
+935.7500E-06,-115.5778887E-03,-115.5778887E-03,+0.0E+00
+936.0000E-06,-399.4974834E-03,-158.2914558E-03,-244.1406250E-03
+936.2500E-06,-580.4020041E-03,+62.8140694E-03,-644.5312500E-03
+936.5000E-06,-525.1256223E-03,+359.2964788E-03,-888.6718750E-03
+936.7500E-06,-665.8291383E-03,+597.9899439E-03,-1.2670898440E+00
+937.0000E-06,-1.0427135569E+00,+562.8140643E-03,-1.6088867190E+00
+937.2500E-06,-1.2688442073E+00,+660.8040133E-03,-1.9335937500E+00
+937.5000E-06,-1.2110552629E+00,+917.0854181E-03,-2.1362304690E+00
+937.7500E-06,-1.2864321470E+00,+1.1256281286E+00,-2.4121093750E+00
+938.0000E-06,-1.6055276212E+00,+1.0477386820E+00,-2.6562500000E+00
+938.2500E-06,-1.7060301327E+00,+1.1708542583E+00,-2.8833007810E+00
+938.5000E-06,-1.6884421930E+00,+1.4472361654E+00,-3.1445312500E+00
+938.7500E-06,-1.7688442022E+00,+1.5854271190E+00,-3.3569335940E+00
+939.0000E-06,-1.9321607831E+00,+1.5251256121E+00,-3.4667968750E+00
+939.2500E-06,-2.0728642992E+00,+1.5452261144E+00,-3.6230468750E+00
+939.5000E-06,-1.9346733456E+00,+1.8065326442E+00,-3.7426757810E+00
+939.7500E-06,-2.0326632946E+00,+1.8492462113E+00,-3.8891601560E+00
+940.0000E-06,-2.2487436948E+00,+1.6909547555E+00,-3.9453125000E+00
+940.2500E-06,-2.1256281185E+00,+1.8316582716E+00,-3.9624023440E+00
+940.5000E-06,-1.9673366626E+00,+1.9296482205E+00,-3.9038085940E+00
+940.7500E-06,-2.0100502297E+00,+1.8492462113E+00,-3.8671875000E+00
+941.0000E-06,-2.0201004798E+00,+1.8391959612E+00,-3.8671875000E+00
+941.2500E-06,-1.9472361603E+00,+1.7688442022E+00,-3.7182617190E+00
+941.5000E-06,-1.7688442022E+00,+1.8442210863E+00,-3.6181640630E+00
+941.7500E-06,-1.7462311373E+00,+1.6884421930E+00,-3.4420776370E+00
+942.0000E-06,-1.8467336488E+00,+1.4497487279E+00,-3.3007812500E+00
+942.2500E-06,-1.5904522440E+00,+1.4648241052E+00,-3.0566406250E+00
+942.5000E-06,-1.3241205891E+00,+1.5326632996E+00,-2.8637695310E+00
+942.7500E-06,-1.3216080266E+00,+1.2512562675E+00,-2.5781250000E+00
+943.0000E-06,-1.2889447096E+00,+1.0427135569E+00,-2.3339843750E+00
+943.2500E-06,-1.0452261195E+00,+1.1080401889E+00,-2.1606445310E+00
+943.5000E-06,-728.6432078E-03,+1.0829145615E+00,-1.8188476560E+00
+943.7500E-06,-746.2311475E-03,+723.6180827E-03,-1.4770507810E+00
+944.0000E-06,-798.9949668E-03,+326.6331618E-03,-1.1328125000E+00
+944.2500E-06,-527.6381848E-03,+293.9698469E-03,-827.6367190E-03
+944.5000E-06,-165.8291434E-03,+321.6080368E-03,-493.1640620E-03
+944.7500E-06,-195.9798979E-03,+22.6130648E-03,-222.1679690E-03
+945.0000E-06,-155.7788933E-03,-238.6934650E-03,+80.5664060E-03
+945.2500E-06,+223.6180878E-03,-195.9798979E-03,+417.4804690E-03
+945.5000E-06,+402.0100459E-03,-364.3216039E-03,+764.1601560E-03
+945.7500E-06,+517.5879347E-03,-550.2512496E-03,+1.0668945310E+00
+946.0000E-06,+560.3015018E-03,-881.9095386E-03,+1.4401245123E+00
+946.2500E-06,+758.7939623E-03,-929.6482307E-03,+1.6796875000E+00
+946.5000E-06,+959.7989852E-03,-1.0075376774E+00,+1.9604492190E+00
+946.7500E-06,+907.0351659E-03,-1.2864321470E+00,+2.1899414060E+00
+947.0000E-06,+1.1256281286E+00,-1.4472361654E+00,+2.5683593750E+00
+947.2500E-06,+1.3492462164E+00,-1.4648241052E+00,+2.8125000000E+00
+947.5000E-06,+1.4522612904E+00,-1.5603014916E+00,+3.0053710940E+00
+947.7500E-06,+1.4246231006E+00,-1.8140703318E+00,+3.2348632810E+00
+948.0000E-06,+1.5226130496E+00,-1.8567838989E+00,+3.3718872067E+00
+948.2500E-06,+1.7060301328E+00,-1.8492462113E+00,+3.5522460940E+00
+948.5000E-06,+1.8492462113E+00,-1.8919597785E+00,+3.7329101560E+00
+948.7500E-06,+1.6532663134E+00,-2.1834170628E+00,+3.8327026370E+00
+949.0000E-06,+1.6909547555E+00,-2.2487436948E+00,+3.9355468750E+00
+949.2500E-06,+1.9296482205E+00,-2.0100502297E+00,+3.9355468750E+00
+949.5000E-06,+1.9346733456E+00,-2.0427135468E+00,+3.9721679690E+00
+949.7500E-06,+1.7110552578E+00,-2.2286431925E+00,+3.9355468750E+00
+950.0000E-06,+1.8442210863E+00,-2.0929648014E+00,+3.9331054690E+00
+950.2500E-06,+1.9296482205E+00,-1.9296482205E+00,+3.8574218750E+00
+950.5000E-06,+1.8015075192E+00,-1.8542713364E+00,+3.6499023440E+00
+950.7500E-06,+1.6080401838E+00,-1.9296482205E+00,+3.5351562500E+00
+951.0000E-06,+1.4522612904E+00,-1.9246230955E+00,+3.3691406250E+00
+951.2500E-06,+1.5175879245E+00,-1.7613065124E+00,+3.2739257810E+00
+951.5000E-06,+1.4095477233E+00,-1.5653266167E+00,+2.9687500000E+00
+951.7500E-06,+1.1482411935E+00,-1.5276381746E+00,+2.6684570310E+00
+952.0000E-06,+1.1256281286E+00,-1.2889447095E+00,+2.4050903317E+00
+952.2500E-06,+1.1080401889E+00,-1.0452261195E+00,+2.1508789060E+00
+952.5000E-06,+841.7085340E-03,-1.0075376774E+00,+1.8457031250E+00
+952.7500E-06,+655.7788883E-03,-871.8592863E-03,+1.5234375000E+00
+953.0000E-06,+484.9246176E-03,-723.6180827E-03,+1.2036132810E+00
+953.2500E-06,+419.5979857E-03,-527.6381848E-03,+939.9414060E-03
+953.5000E-06,+160.8040184E-03,-444.7236131E-03,+598.1445310E-03
+953.7500E-06,-57.7889444E-03,-379.3969811E-03,+312.5000000E-03
+954.0000E-06,-80.4020092E-03,-82.9145717E-03,+2.4414060E-03
+954.2500E-06,-195.9798980E-03,+188.4422082E-03,-390.9301755E-03
+954.5000E-06,-482.4120551E-03,+160.8040184E-03,-644.5312500E-03
+954.7500E-06,-723.6180827E-03,+241.2060276E-03,-966.7968750E-03
+955.0000E-06,-728.6432077E-03,+560.3015018E-03,-1.2915039060E+00
+955.2500E-06,-866.8341613E-03,+741.2060225E-03,-1.6113281250E+00
+955.5000E-06,-1.1683416958E+00,+723.6180827E-03,-1.8969726560E+00
+955.7500E-06,-1.4824120450E+00,+768.8442123E-03,-2.2558593750E+00
+956.0000E-06,-1.4447236029E+00,+1.0477386820E+00,-2.5000000000E+00
+956.2500E-06,-1.4020100358E+00,+1.3492462164E+00,-2.7536010745E+00
+956.5000E-06,-1.6834170680E+00,+1.2914572720E+00,-2.9785156250E+00
+956.7500E-06,-1.9070351557E+00,+1.2286432026E+00,-3.1445312500E+00
+957.0000E-06,-1.7738693272E+00,+1.6030150588E+00,-3.3789062500E+00
+957.2500E-06,-1.8316582716E+00,+1.7060301328E+00,-3.5449218750E+00
+957.5000E-06,-2.0527637968E+00,+1.6457286259E+00,-3.7011718750E+00
+957.7500E-06,-2.1482411833E+00,+1.6306532486E+00,-3.7792968750E+00
+958.0000E-06,-2.1658291231E+00,+1.6959798805E+00,-3.8696289060E+00
+958.2500E-06,-2.0728642991E+00,+1.8668341511E+00,-3.9453125000E+00
+958.5000E-06,-2.2085426902E+00,+1.7738693272E+00,-3.9868164060E+00
+958.7500E-06,-2.1834170629E+00,+1.7562813874E+00,-3.9453125000E+00
+959.0000E-06,-2.0100502297E+00,+1.9296482205E+00,-3.9453125000E+00
+959.2500E-06,-1.9924622899E+00,+1.9120602807E+00,-3.9089965814E+00
+959.5000E-06,-2.0527637968E+00,+1.7261306351E+00,-3.7792968750E+00
+959.7500E-06,-1.9296482205E+00,+1.6658291282E+00,-3.6010742190E+00
+960.0000E-06,-1.7638190772E+00,+1.6155778713E+00,-3.3816528317E+00
+960.2500E-06,-1.6708542532E+00,+1.5452261144E+00,-3.2226562500E+00
+960.5000E-06,-1.6080401838E+00,+1.3668341562E+00,-2.9785156250E+00
+960.7500E-06,-1.4472361654E+00,+1.3090452118E+00,-2.7590942380E+00
+961.0000E-06,-1.1281406911E+00,+1.4472361654E+00,-2.5805664060E+00
+961.2500E-06,-1.0804019990E+00,+1.2512562674E+00,-2.3339843750E+00
+961.5000E-06,-1.1256281286E+00,+884.4221011E-03,-2.0117187500E+00
+961.7500E-06,-849.2462215E-03,+839.1959715E-03,-1.6894531250E+00
+962.0000E-06,-562.8140643E-03,+728.6432077E-03,-1.2942504877E+00
+962.2500E-06,-545.2261245E-03,+562.8140643E-03,-1.1157226560E+00
+962.5000E-06,-525.1256222E-03,+278.8944697E-03,-810.5468750E-03
+962.7500E-06,-276.3819072E-03,+103.0150740E-03,-385.4370120E-03
+963.0000E-06,+77.8894467E-03,+80.4020092E-03,-2.7465817E-03
+963.2500E-06,+143.2160786E-03,-52.7638194E-03,+190.4296881E-03
+963.5000E-06,+80.4020092E-03,-439.6984880E-03,+515.1367190E-03
+963.7500E-06,+356.7839164E-03,-447.2361755E-03,+800.7812500E-03
+964.0000E-06,+718.5929577E-03,-565.3266268E-03,+1.2768554690E+00
+964.2500E-06,+643.2160735E-03,-884.4221011E-03,+1.5234375000E+00
+964.5000E-06,+761.3065248E-03,-1.0879396866E+00,+1.8457031250E+00
+964.7500E-06,+929.6482307E-03,-1.1959798878E+00,+2.1212768561E+00
+965.0000E-06,+972.3617978E-03,-1.4346733529E+00,+2.3974609381E+00
+965.2500E-06,+1.1432160684E+00,-1.4296482256E+00,+2.5683593750E+00
+965.5000E-06,+1.1633165707E+00,-1.6884421930E+00,+2.8491210940E+00
+965.7500E-06,+1.4472361654E+00,-1.6658291282E+00,+3.1100463870E+00
+966.0000E-06,+1.6055276213E+00,-1.6909547555E+00,+3.2910156250E+00
+966.2500E-06,+1.5452261144E+00,-1.9296482205E+00,+3.4741210940E+00
+966.5000E-06,+1.5653266167E+00,-2.0954773639E+00,+3.6547851560E+00
+966.7500E-06,+1.7688442022E+00,-2.0100502297E+00,+3.7695312500E+00
+967.0000E-06,+1.7763818896E+00,-2.0854271139E+00,+3.8598632810E+00
+967.2500E-06,+1.7060301328E+00,-2.2336683175E+00,+3.9355468750E+00
+967.5000E-06,+1.6884421930E+00,-2.2085426902E+00,+3.8940429690E+00
+967.7500E-06,+1.8492462113E+00,-2.0678391741E+00,+3.9135742190E+00
+968.0000E-06,+1.9271356580E+00,-1.9346733455E+00,+3.8598632810E+00
+968.2500E-06,+1.6708542532E+00,-2.1256281185E+00,+3.7887573245E+00
+968.5000E-06,+1.5653266167E+00,-2.1758793731E+00,+3.7329101560E+00
+968.7500E-06,+1.8040200818E+00,-1.8944723409E+00,+3.6914062500E+00
+969.0000E-06,+1.6105527463E+00,-1.8467336489E+00,+3.4570312500E+00
+969.2500E-06,+1.3668341562E+00,-1.9296482205E+00,+3.2910156250E+00
+969.5000E-06,+1.2864321470E+00,-1.8115577692E+00,+3.0935668942E+00
+969.7500E-06,+1.3316582766E+00,-1.5276381746E+00,+2.8564453119E+00
+970.0000E-06,+1.2839195845E+00,-1.2914572720E+00,+2.5708007810E+00
+970.2500E-06,+1.0728643092E+00,-1.2587939573E+00,+2.3242187500E+00
+970.5000E-06,+809.0452169E-03,-1.2437185799E+00,+2.0486450192E+00
+970.7500E-06,+861.8090363E-03,-929.6482307E-03,+1.7895507810E+00
+971.0000E-06,+721.1055202E-03,-804.0200919E-03,+1.5209960940E+00
+971.2500E-06,+339.1959766E-03,-866.8341613E-03,+1.2011718750E+00
+971.5000E-06,+241.2060276E-03,-562.8140643E-03,+800.7812500E-03
+971.7500E-06,+125.6281388E-03,-356.7839164E-03,+478.5156250E-03
+972.0000E-06,-75.3768842E-03,-314.0703493E-03,+231.9335940E-03
+972.2500E-06,-241.2060276E-03,-97.9899490E-03,-148.9257810E-03
+972.5000E-06,-316.5829118E-03,+80.4020092E-03,-400.0854498E-03
+972.7500E-06,-424.6231107E-03,+379.3969812E-03,-810.5468750E-03
+973.0000E-06,-643.2160735E-03,+402.0100459E-03,-1.0546875000E+00
+973.2500E-06,-1.0100502398E+00,+437.1859256E-03,-1.4550781250E+00
+973.5000E-06,-1.0075376773E+00,+718.5929577E-03,-1.7306518558E+00
+973.7500E-06,-1.0226130547E+00,+929.6482306E-03,-1.9555664060E+00
+974.0000E-06,-1.3618090312E+00,+891.9597885E-03,-2.2583007810E+00
+974.2500E-06,-1.5728643042E+00,+1.0452261195E+00,-2.6220703119E+00
+974.5000E-06,-1.5653266167E+00,+1.2487437049E+00,-2.8222656250E+00
+974.7500E-06,-1.5050251098E+00,+1.5276381746E+00,-3.0346679690E+00
+975.0000E-06,-1.6130653087E+00,+1.6005024963E+00,-3.2202148440E+00
+975.2500E-06,-1.9296482205E+00,+1.5100502348E+00,-3.4475708004E+00
+975.5000E-06,-1.8542713363E+00,+1.6834170680E+00,-3.5449218750E+00
+975.7500E-06,-1.8140703317E+00,+1.9070351558E+00,-3.7231445310E+00
+976.0000E-06,-2.0854271140E+00,+1.7738693271E+00,-3.8671875000E+00
+976.2500E-06,-2.1708542481E+00,+1.7688442022E+00,-3.9453125000E+00
+976.5000E-06,-2.0477386718E+00,+1.8492462113E+00,-3.9038085940E+00
+976.7500E-06,-1.9522612853E+00,+1.9522612853E+00,-3.9111328119E+00
+977.0000E-06,-2.0929648014E+00,+1.9271356581E+00,-4.0234375000E+00
+977.2500E-06,-2.0628140492E+00,+1.8768844011E+00,-3.9453125000E+00
+977.5000E-06,-1.9296482205E+00,+1.8869346535E+00,-3.8204956058E+00
+977.7500E-06,-1.7562813873E+00,+1.8844220910E+00,-3.6450195310E+00
+978.0000E-06,-1.8492462113E+00,+1.6884421930E+00,-3.5449218750E+00
+978.2500E-06,-1.8944723409E+00,+1.5452261144E+00,-3.4475708004E+00
+978.5000E-06,-1.5226130496E+00,+1.6130653087E+00,-3.1445312500E+00
+978.7500E-06,-1.4824120450E+00,+1.4346733505E+00,-2.9223632809E+00
+979.0000E-06,-1.4472361654E+00,+1.2839195845E+00,-2.7319335941E+00
+979.2500E-06,-1.3040200868E+00,+1.1708542582E+00,-2.4807739254E+00
+979.5000E-06,-1.0025125524E+00,+1.1683416957E+00,-2.1777343750E+00
+979.7500E-06,-907.0351659E-03,+1.0226130547E+00,-1.9335937500E+00
+980.0000E-06,-964.8241103E-03,+640.7035110E-03,-1.6088867191E+00
+980.2500E-06,-786.4321521E-03,+437.1859256E-03,-1.2280273441E+00
+980.5000E-06,-402.0100459E-03,+482.4120551E-03,-888.6718750E-03
+980.7500E-06,-356.7839164E-03,+309.0452219E-03,-669.2504879E-03
+981.0000E-06,-399.4974835E-03,-77.8894467E-03,-322.2656250E-03
+981.2500E-06,-223.6180877E-03,-223.6180877E-03,+0.0E+00
+981.5000E-06,+165.8291433E-03,-198.4924605E-03,+359.1918942E-03
+981.7500E-06,+298.9949720E-03,-344.2211015E-03,+634.7656250E-03
+982.0000E-06,+316.5829118E-03,-567.8391893E-03,+878.9062500E-03
+982.2500E-06,+437.1859256E-03,-866.8341613E-03,+1.2963867191E+00
+982.5000E-06,+718.5929578E-03,-846.7336590E-03,+1.5600585941E+00
+982.7500E-06,+826.6331567E-03,-1.0226130547E+00,+1.8457031250E+00
+983.0000E-06,+809.0452168E-03,-1.3618090313E+00,+2.1679687500E+00
+983.2500E-06,+1.0904522490E+00,-1.3844220960E+00,+2.4710083004E+00
+983.5000E-06,+1.2914572720E+00,-1.4422110405E+00,+2.7246093750E+00
+983.7500E-06,+1.2864321470E+00,-1.6080401838E+00,+2.8906250000E+00
+984.0000E-06,+1.4396984780E+00,-1.6959798804E+00,+3.1347656250E+00
+984.2500E-06,+1.4924622949E+00,-1.7864321420E+00,+3.2739257809E+00
+984.5000E-06,+1.7261306351E+00,-1.8542713363E+00,+3.5766601559E+00
+984.7500E-06,+1.6658291282E+00,-1.9748743501E+00,+3.6352539059E+00
+985.0000E-06,+1.5326632995E+00,-2.1683416856E+00,+3.6938476559E+00
+985.2500E-06,+1.7864321420E+00,-2.0728642991E+00,+3.8574218750E+00
+985.5000E-06,+1.9346733455E+00,-2.0050251048E+00,+3.9355468750E+00
+985.7500E-06,+1.7336683225E+00,-2.2060301278E+00,+3.9355468750E+00
+986.0000E-06,+1.7663316397E+00,-2.1733668106E+00,+3.9355468750E+00
+986.2500E-06,+1.9748743501E+00,-1.9648241002E+00,+3.9355468750E+00
+986.5000E-06,+1.8919597784E+00,-1.9296482205E+00,+3.8162231442E+00
+986.7500E-06,+1.7688442022E+00,-2.0100502297E+00,+3.7695312500E+00
+987.0000E-06,+1.5301507371E+00,-2.0100502297E+00,+3.5375976559E+00
+987.2500E-06,+1.6432160634E+00,-1.8768844010E+00,+3.5180664059E+00
+987.5000E-06,+1.6507537508E+00,-1.6080401838E+00,+3.2543945309E+00
+987.7500E-06,+1.3542713413E+00,-1.6432160634E+00,+2.9907226559E+00
+988.0000E-06,+1.2085427003E+00,-1.6080401838E+00,+2.8149414059E+00
+988.2500E-06,+1.3316582766E+00,-1.2864321470E+00,+2.6123046869E+00
+988.5000E-06,+1.2060301378E+00,-1.1256281286E+00,+2.3242187500E+00
+988.7500E-06,+919.5979807E-03,-1.0678391842E+00,+1.9799804691E+00
+989.0000E-06,+721.1055202E-03,-889.4472260E-03,+1.6040039059E+00
+989.2500E-06,+723.6180827E-03,-706.0301429E-03,+1.4260864254E+00
+989.5000E-06,+557.7889394E-03,-487.4371801E-03,+1.0449218750E+00
+989.7500E-06,+241.2060276E-03,-482.4120551E-03,+722.6562500E-03
+990.0000E-06,+82.9145717E-03,-399.4974835E-03,+478.5156250E-03
+990.2500E-06,+62.8140694E-03,-17.5879398E-03,+78.1250000E-03
+990.5000E-06,-155.7788935E-03,+123.1155762E-03,-280.7617191E-03
+990.7500E-06,-482.4120551E-03,+80.4020092E-03,-566.4062500E-03
+991.0000E-06,-409.5477333E-03,+394.4723586E-03,-810.5468750E-03
+991.2500E-06,-643.2160735E-03,+562.8140643E-03,-1.2109375000E+00
+991.5000E-06,-809.0452168E-03,+680.9045156E-03,-1.4965820309E+00
+991.7500E-06,-1.1256281286E+00,+701.0050179E-03,-1.8334960941E+00
+992.0000E-06,-1.2814070221E+00,+809.0452168E-03,-2.0996093750E+00
+992.2500E-06,-1.1432160685E+00,+1.2060301378E+00,-2.3510742191E+00
+992.5000E-06,-1.3668341562E+00,+1.2060301378E+00,-2.5781250000E+00
+992.7500E-06,-1.6306532485E+00,+1.2060301378E+00,-2.8442382809E+00
+993.0000E-06,-1.6934673179E+00,+1.4396984780E+00,-3.1417846683E+00
+993.2500E-06,-1.6708542531E+00,+1.6256281236E+00,-3.3007812500E+00
+993.5000E-06,-1.8492462113E+00,+1.6080401838E+00,-3.4667968750E+00
+993.7500E-06,-2.0100502297E+00,+1.5276381746E+00,-3.5449218750E+00
+994.0000E-06,-2.0879396765E+00,+1.6105527462E+00,-3.7011718750E+00
+994.2500E-06,-1.9748743500E+00,+1.8668341512E+00,-3.8479614254E+00
+994.5000E-06,-2.0854271140E+00,+1.8542713363E+00,-3.9453125000E+00
+994.7500E-06,-2.2864321370E+00,+1.6758793780E+00,-3.9672851559E+00
+995.0000E-06,-2.1683416857E+00,+1.8467336489E+00,-4.0185546881E+00
+995.2500E-06,-1.9472361604E+00,+1.9924622899E+00,-3.9453125000E+00
+995.5000E-06,-2.0527637968E+00,+1.8492462113E+00,-3.9086914059E+00
+995.7500E-06,-2.1356783684E+00,+1.7236180727E+00,-3.8671875000E+00
+996.0000E-06,-1.9296482205E+00,+1.6909547554E+00,-3.6254882809E+00
+996.2500E-06,-1.8768844010E+00,+1.5979899340E+00,-3.4838867191E+00
+996.5000E-06,-1.7311557600E+00,+1.5653266167E+00,-3.3007812500E+00
+996.7500E-06,-1.7914572669E+00,+1.3090452118E+00,-3.1033325188E+00
+997.0000E-06,-1.5251256121E+00,+1.4472361654E+00,-2.9760742191E+00
+997.2500E-06,-1.3216080267E+00,+1.3944723459E+00,-2.7172851559E+00
+997.5000E-06,-1.3241205892E+00,+1.0879396865E+00,-2.4121093750E+00
+997.7500E-06,-1.2286432026E+00,+942.2110455E-03,-2.1777343750E+00
+998.0000E-06,-809.0452168E-03,+962.3115478E-03,-1.7797851559E+00
+998.2500E-06,-723.6180827E-03,+741.2060225E-03,-1.4721679691E+00
+998.5000E-06,-728.6432076E-03,+439.6984881E-03,-1.1743164059E+00
+998.7500E-06,-620.6030088E-03,+321.6080368E-03,-944.8242191E-03
+999.0000E-06,-319.0954743E-03,+243.7185900E-03,-566.4062500E-03
+999.2500E-06,-35.1758797E-03,+143.2160785E-03,-183.1054691E-03
+999.5000E-06,-118.0904513E-03,-193.4673356E-03,+73.2421882E-03
+999.7500E-06,+0.0E+00,-344.2211015E-03,+337.2192379E-03
+1.0000000E-03,+399.4974835E-03,-326.6331617E-03,+725.0976559E-03
+1.0002500E-03,+562.8140643E-03,-545.2261245E-03,+1.1059570309E+00
+1.0005000E-03,+520.1004973E-03,-884.4221011E-03,+1.3986206058E+00
+1.0007500E-03,+643.2160735E-03,-1.0226130547E+00,+1.6577148441E+00
+1.0010000E-03,+886.9346635E-03,-1.0427135570E+00,+1.9238281250E+00
+1.0012500E-03,+1.0628140593E+00,-1.1884421980E+00,+2.2460937500E+00
+1.0015000E-03,+1.0929648114E+00,-1.3994974735E+00,+2.4902343750E+00
+1.0017500E-03,+1.1482411934E+00,-1.5854271190E+00,+2.7246093750E+00
+1.0020000E-03,+1.3668341562E+00,-1.6080401838E+00,+2.9687500000E+00
+1.0022500E-03,+1.5904522439E+00,-1.6884421930E+00,+3.2739257809E+00
+1.0025000E-03,+1.4472361654E+00,-1.9296482205E+00,+3.3691406250E+00
+1.0027500E-03,+1.6432160635E+00,-1.8944723408E+00,+3.5351562500E+00
+1.0030000E-03,+1.7738693271E+00,-1.9246230956E+00,+3.6914062500E+00
+1.0032500E-03,+1.7412060125E+00,-2.0552763592E+00,+3.7887573246E+00
+1.0035000E-03,+1.7311557600E+00,-2.2085426903E+00,+3.9355468750E+00
+1.0037500E-03,+1.7914572669E+00,-2.2060301278E+00,+3.9916992191E+00
+1.0040000E-03,+1.9321607830E+00,-1.9296482205E+00,+3.8598632809E+00
+1.0042500E-03,+1.9120602807E+00,-2.0276381696E+00,+3.9355468750E+00
+1.0045000E-03,+1.6834170681E+00,-2.1708542481E+00,+3.8473510749E+00
+1.0047500E-03,+1.8040200819E+00,-1.9974874148E+00,+3.7942504879E+00
+1.0050000E-03,+1.9271356581E+00,-1.8517587738E+00,+3.7695312500E+00
+1.0052500E-03,+1.6432160635E+00,-1.9120602807E+00,+3.5522460941E+00
+1.0055000E-03,+1.4849246076E+00,-1.9723617876E+00,+3.4570312500E+00
+1.0057500E-03,+1.5502512393E+00,-1.6658291282E+00,+3.2128906250E+00
+1.0060000E-03,+1.5276381746E+00,-1.5251256122E+00,+3.0444335941E+00
+1.0062500E-03,+1.3944723458E+00,-1.4195979758E+00,+2.8125000000E+00
+1.0065000E-03,+1.0075376773E+00,-1.4045225984E+00,+2.4023437500E+00
+1.0067500E-03,+1.0452261195E+00,-1.1482411934E+00,+2.1899414059E+00
+1.0070000E-03,+1.1206030038E+00,-889.4472260E-03,+2.0019531250E+00
+1.0072500E-03,+741.2060226E-03,-947.2361704E-03,+1.6796875000E+00
+1.0075000E-03,+482.4120551E-03,-766.3316497E-03,+1.2426757809E+00
+1.0077500E-03,+366.8341662E-03,-540.2009996E-03,+900.8789059E-03
+1.0080000E-03,+246.2311524E-03,-399.4974835E-03,+637.5122067E-03
+1.0082500E-03,+125.6281387E-03,-258.7939674E-03,+381.1645504E-03
+1.0085000E-03,-193.4673357E-03,-193.4673357E-03,+0.0E+00
+1.0087500E-03,-241.2060276E-03,+22.6130647E-03,-266.1132809E-03
+1.0090000E-03,-324.1205992E-03,+316.5829119E-03,-642.0898441E-03
+1.0092500E-03,-643.2160735E-03,+321.6080368E-03,-966.7968750E-03
+1.0095000E-03,-846.7336589E-03,+439.6984881E-03,-1.2890625000E+00
+1.0097500E-03,-826.6331566E-03,+781.4070272E-03,-1.6113281250E+00
+1.0100000E-03,-1.1180904413E+00,+809.0452168E-03,-1.9311523441E+00
+1.0102500E-03,-1.3140703366E+00,+731.1557728E-03,-2.0480346687E+00
+1.0105000E-03,-1.4472361654E+00,+1.0452261195E+00,-2.5000000000E+00
+1.0107500E-03,-1.3894472209E+00,+1.2864321470E+00,-2.6782226559E+00
+1.0110000E-03,-1.5301507370E+00,+1.4447236030E+00,-2.9785156250E+00
+1.0112500E-03,-1.8316582715E+00,+1.3492462164E+00,-3.1863403313E+00
+1.0115000E-03,-1.8919597784E+00,+1.4849246076E+00,-3.3789062500E+00
+1.0117500E-03,-1.7562813872E+00,+1.7814070172E+00,-3.5449218750E+00
+1.0120000E-03,-1.9296482205E+00,+1.6909547554E+00,-3.6254882809E+00
+1.0122500E-03,-2.2160803776E+00,+1.5628140543E+00,-3.7792968750E+00
+1.0125000E-03,-2.1708542481E+00,+1.6884421930E+00,-3.8671875000E+00
+1.0127500E-03,-2.0452261095E+00,+1.9296482205E+00,-3.9794921882E+00
+1.0130000E-03,-2.0125627922E+00,+1.9271356581E+00,-3.9453125000E+00
+1.0132500E-03,-2.1432160585E+00,+1.8592964611E+00,-4.0063476559E+00
+1.0135000E-03,-2.1658291232E+00,+1.7738693270E+00,-3.9453125000E+00
+1.0137500E-03,-1.9296482205E+00,+1.9296482205E+00,-3.8671875000E+00
+1.0140000E-03,-1.9271356581E+00,+1.8492462113E+00,-3.7768554691E+00
+1.0142500E-03,-2.0100502297E+00,+1.6080401838E+00,-3.6230468750E+00
+1.0145000E-03,-1.8492462113E+00,+1.5703517416E+00,-3.4255981441E+00
+1.0147500E-03,-1.6432160635E+00,+1.5954773688E+00,-3.2446289059E+00
+1.0150000E-03,-1.6055276214E+00,+1.5251256122E+00,-3.1393432625E+00
+1.0152500E-03,-1.5452261145E+00,+1.2688442072E+00,-2.8222656250E+00
+1.0155000E-03,-1.3618090314E+00,+1.2110552627E+00,-2.5781250000E+00
+1.0157500E-03,-1.1256281286E+00,+1.1834170731E+00,-2.3120117191E+00
+1.0160000E-03,-1.0502512443E+00,+962.3115478E-03,-2.0144653316E+00
+1.0162500E-03,-1.0452261195E+00,+706.0301428E-03,-1.7581176754E+00
+1.0165000E-03,-771.3567746E-03,+675.8793908E-03,-1.4550781250E+00
+1.0167500E-03,-482.4120551E-03,+585.4271290E-03,-1.0766601559E+00
+1.0170000E-03,-560.3015019E-03,+246.2311524E-03,-812.9882809E-03
+1.0172500E-03,-447.2361754E-03,+35.1758797E-03,-488.2812500E-03
+1.0175000E-03,-155.7788935E-03,+5.0251249E-03,-166.0156250E-03
+1.0177500E-03,+103.0150739E-03,-57.7889445E-03,+156.2500000E-03
+1.0180000E-03,+158.2914560E-03,-402.0100459E-03,+554.1992191E-03
+1.0182500E-03,+178.3919582E-03,-660.8040134E-03,+834.9609382E-03
+1.0185000E-03,+477.3869303E-03,-648.2411984E-03,+1.1230468750E+00
+1.0187500E-03,+723.6180827E-03,-688.4422030E-03,+1.4041137688E+00
+1.0190000E-03,+645.7286359E-03,-1.0427135570E+00,+1.6796875000E+00
+1.0192500E-03,+741.2060226E-03,-1.3492462163E+00,+2.0898437500E+00
+1.0195000E-03,+1.0879396865E+00,-1.2437185800E+00,+2.3242187500E+00
+1.0197500E-03,+1.2286432026E+00,-1.3442210915E+00,+2.5683593750E+00
+1.0200000E-03,+1.2060301378E+00,-1.6080401838E+00,+2.8125000000E+00
+1.0202500E-03,+1.3140703366E+00,-1.6959798832E+00,+3.0050659187E+00
+1.0205000E-03,+1.5276381746E+00,-1.7261306351E+00,+3.2495117191E+00
+1.0207500E-03,+1.7010050080E+00,-1.7336683224E+00,+3.4323120121E+00
+1.0210000E-03,+1.6834170681E+00,-1.9321607830E+00,+3.6108398441E+00
+1.0212500E-03,+1.6080401838E+00,-2.0728642990E+00,+3.6743164059E+00
+1.0215000E-03,+1.8115577692E+00,-1.9673366627E+00,+3.7695312500E+00
+1.0217500E-03,+1.8718592761E+00,-2.0678391742E+00,+3.9355468750E+00
+1.0220000E-03,+1.7663316397E+00,-2.0929648013E+00,+3.8574218750E+00
+1.0222500E-03,+1.8140703316E+00,-2.0628140494E+00,+3.8745117191E+00
+1.0225000E-03,+1.8919597784E+00,-1.9673366627E+00,+3.8574218750E+00
+1.0227500E-03,+1.8718592761E+00,-1.9522612853E+00,+3.8162231438E+00
+1.0230000E-03,+1.7663316397E+00,-2.0904522389E+00,+3.8546752934E+00
+1.0232500E-03,+1.7060301329E+00,-1.9296482205E+00,+3.6303710941E+00
+1.0235000E-03,+1.8065326443E+00,-1.6884421930E+00,+3.4936523441E+00
+1.0237500E-03,+1.6532663132E+00,-1.7236180727E+00,+3.3691406250E+00
+1.0240000E-03,+1.2914572719E+00,-1.7663316397E+00,+3.0496215816E+00
+1.0242500E-03,+1.3668341562E+00,-1.5276381746E+00,+2.8906250000E+00
+1.0245000E-03,+1.4522612902E+00,-1.2864321470E+00,+2.7346801750E+00
+1.0247500E-03,+1.2060301378E+00,-1.2060301378E+00,+2.4023437500E+00
+1.0250000E-03,+881.9095387E-03,-1.2085427003E+00,+2.0898437500E+00
+1.0252500E-03,+821.6080318E-03,-1.0276381796E+00,+1.8457031250E+00
+1.0255000E-03,+798.9949671E-03,-690.9547654E-03,+1.4868164059E+00
+1.0257500E-03,+620.6030088E-03,-643.2160735E-03,+1.2573242191E+00
+1.0260000E-03,+165.8291432E-03,-638.1909487E-03,+800.7812500E-03
+1.0262500E-03,+115.5778890E-03,-464.8241153E-03,+573.7304691E-03
+1.0265000E-03,+123.1155762E-03,-118.0904514E-03,+234.3750000E-03
+1.0267500E-03,-138.1909537E-03,-115.5778890E-03,-24.7192379E-03
+1.0270000E-03,-326.6331616E-03,+153.2663311E-03,-485.8398441E-03
+1.0272500E-03,-419.5979858E-03,+223.6180877E-03,-644.5312500E-03
+1.0275000E-03,-562.8140643E-03,+520.1004973E-03,-1.0913085941E+00
+1.0277500E-03,-849.2462213E-03,+517.5879349E-03,-1.3671875000E+00
+1.0280000E-03,-1.2010050130E+00,+487.4371800E-03,-1.6894531250E+00
+1.0282500E-03,-1.1256281286E+00,+804.0200919E-03,-1.9335937500E+00
+1.0285000E-03,-1.2864321470E+00,+1.0452261195E+00,-2.3339843750E+00
+1.0287500E-03,-1.5050251099E+00,+987.4371750E-03,-2.5000000000E+00
+1.0290000E-03,-1.6130653086E+00,+1.1231155662E+00,-2.7371215816E+00
+1.0292500E-03,-1.6432160636E+00,+1.4120602856E+00,-3.0566406250E+00
+1.0295000E-03,-1.7261306352E+00,+1.4472361654E+00,-3.1811523441E+00
+1.0297500E-03,-1.9522612852E+00,+1.4824120452E+00,-3.4420776371E+00
+1.0300000E-03,-2.0904522389E+00,+1.5251256122E+00,-3.6206054691E+00
+1.0302500E-03,-1.9748743500E+00,+1.7688442022E+00,-3.7451171868E+00
+1.0305000E-03,-2.0100502297E+00,+1.8065326443E+00,-3.8204956059E+00
+1.0307500E-03,-2.2638190724E+00,+1.5954773687E+00,-3.8671875000E+00
+1.0310000E-03,-2.4045225884E+00,+1.6130653086E+00,-4.0209960941E+00
+1.0312500E-03,-2.0276381696E+00,+1.9296482205E+00,-3.9624023441E+00
+1.0315000E-03,-2.0100502297E+00,+1.9296482205E+00,-3.9453125000E+00
+1.0317500E-03,-2.1356783683E+00,+1.7462311375E+00,-3.8891601559E+00
+1.0320000E-03,-2.0929648013E+00,+1.6884421930E+00,-3.7820434566E+00
+1.0322500E-03,-1.9296482205E+00,+1.7864321421E+00,-3.7182617191E+00
+1.0325000E-03,-1.7738693270E+00,+1.8015075195E+00,-3.5815429691E+00
+1.0327500E-03,-1.9070351558E+00,+1.4698492301E+00,-3.3789062500E+00
+1.0330000E-03,-1.8467336489E+00,+1.3743718434E+00,-3.2275390618E+00
+1.0332500E-03,-1.5904522439E+00,+1.4648241053E+00,-3.0566406250E+00
+1.0335000E-03,-1.4045225984E+00,+1.3718592810E+00,-2.7810668941E+00
+1.0337500E-03,-1.3894472209E+00,+1.1256281286E+00,-2.5219726559E+00
+1.0340000E-03,-1.1306532535E+00,+1.1206030038E+00,-2.2558593750E+00
+1.0342500E-03,-964.8241103E-03,+982.4120502E-03,-1.9506835941E+00
+1.0345000E-03,-884.4221011E-03,+804.0200919E-03,-1.6894531250E+00
+1.0347500E-03,-826.6331566E-03,+540.2009996E-03,-1.3671875000E+00
+1.0350000E-03,-640.7035111E-03,+404.5226083E-03,-1.0546875000E+00
+1.0352500E-03,-276.3819074E-03,+447.2361753E-03,-732.4218750E-03
+1.0355000E-03,-278.8944698E-03,+165.8291432E-03,-451.6601559E-03
+1.0357500E-03,-241.2060276E-03,-160.8040184E-03,-87.8906250E-03
+1.0360000E-03,+77.8894468E-03,-165.8291432E-03,+236.8164059E-03
+1.0362500E-03,+366.8341662E-03,-276.3819074E-03,+634.7656250E-03
+1.0365000E-03,+359.2964790E-03,-525.1256221E-03,+878.9062500E-03
+1.0367500E-03,+437.1859257E-03,-826.6331566E-03,+1.2573242191E+00
+1.0370000E-03,+640.7035111E-03,-884.4221011E-03,+1.5209960941E+00
+1.0372500E-03,+919.5979809E-03,-866.8341612E-03,+1.7846679691E+00
+1.0375000E-03,+969.8492351E-03,-1.1633165708E+00,+2.1313476559E+00
+1.0377500E-03,+929.6482305E-03,-1.4597989805E+00,+2.3803710941E+00
+1.0380000E-03,+1.2839195846E+00,-1.3693467186E+00,+2.6464843750E+00
+1.0382500E-03,+1.4924622948E+00,-1.4020100360E+00,+2.8906250000E+00
+1.0385000E-03,+1.4472361654E+00,-1.6507537508E+00,+3.0935668941E+00
+1.0387500E-03,+1.4472361654E+00,-1.8492462113E+00,+3.2910156250E+00
+1.0390000E-03,+1.6859296306E+00,-1.8492462113E+00,+3.5327148441E+00
+1.0392500E-03,+1.8040200820E+00,-1.8768844008E+00,+3.6743164059E+00
+1.0395000E-03,+1.7688442022E+00,-1.9723617875E+00,+3.7329101559E+00
+1.0397500E-03,+1.7336683224E+00,-2.1256281187E+00,+3.8574218750E+00
+1.0400000E-03,+1.8542713361E+00,-2.0075376673E+00,+3.8598632809E+00
+1.0402500E-03,+1.9924622898E+00,-1.9296482205E+00,+3.9184570309E+00
+1.0405000E-03,+1.8492462113E+00,-2.0904522389E+00,+3.9355468750E+00
+1.0407500E-03,+1.8040200820E+00,-2.1130653036E+00,+3.9135742191E+00
+1.0410000E-03,+1.9271356581E+00,-1.8517587737E+00,+3.7695312500E+00
+1.0412500E-03,+1.7864321421E+00,-1.9120602806E+00,+3.6914062500E+00
+1.0415000E-03,+1.6080401838E+00,-2.0100502297E+00,+3.6132812500E+00
+1.0417500E-03,+1.5854271191E+00,-1.8718592760E+00,+3.4570312500E+00
+1.0420000E-03,+1.6884421930E+00,-1.6859296306E+00,+3.3666992191E+00
+1.0422500E-03,+1.5100502347E+00,-1.6080401838E+00,+3.1155395504E+00
+1.0425000E-03,+1.2487437048E+00,-1.6457286260E+00,+2.8906250000E+00
+1.0427500E-03,+1.1256281286E+00,-1.5050251099E+00,+2.6245117191E+00
+1.0430000E-03,+1.2814070222E+00,-1.1306532534E+00,+2.4023437500E+00
+1.0432500E-03,+1.0100502396E+00,-1.0628140594E+00,+2.0706176753E+00
+1.0435000E-03,+638.1909487E-03,-1.0502512442E+00,+1.6796875000E+00
+1.0437500E-03,+540.2009996E-03,-907.0351658E-03,+1.4453125000E+00
+1.0440000E-03,+484.9246175E-03,-562.8140643E-03,+1.0473632809E+00
+1.0442500E-03,+321.6080368E-03,-464.8241152E-03,+783.6914059E-03
+1.0445000E-03,+47.7386918E-03,-477.3869304E-03,+520.0195309E-03
+1.0447500E-03,-138.1909537E-03,-356.7839166E-03,+212.4023441E-03
+1.0450000E-03,-163.3165808E-03,+75.3768844E-03,-241.6992191E-03
+1.0452500E-03,-384.4221060E-03,+97.9899491E-03,-488.2812500E-03
+1.0455000E-03,-685.9296405E-03,+118.0904514E-03,-810.5468750E-03
+1.0457500E-03,-746.2311474E-03,+321.6080368E-03,-1.0766601559E+00
+1.0460000E-03,-881.9095387E-03,+565.3266267E-03,-1.4550781250E+00
+1.0462500E-03,-1.0100502396E+00,+678.3919533E-03,-1.6894531250E+00
+1.0465000E-03,-1.2864321470E+00,+723.6180827E-03,-2.0117187500E+00
+1.0467500E-03,-1.4020100360E+00,+929.6482305E-03,-2.3339843750E+00
+1.0470000E-03,-1.4447236030E+00,+1.1281406910E+00,-2.5781250000E+00
+1.0472500E-03,-1.5452261145E+00,+1.2060301378E+00,-2.7536010747E+00
+1.0475000E-03,-1.8115577691E+00,+1.2487437048E+00,-3.0667114250E+00
+1.0477500E-03,-1.8492462113E+00,+1.4246231007E+00,-3.2788085941E+00
+1.0480000E-03,-1.8492462113E+00,+1.6080401838E+00,-3.4667968750E+00
+1.0482500E-03,-2.0100502297E+00,+1.5452261145E+00,-3.5620117191E+00
+1.0485000E-03,-2.1758793729E+00,+1.5226130498E+00,-3.7011718750E+00
+1.0487500E-03,-2.0678391742E+00,+1.7336683223E+00,-3.8040161128E+00
+1.0490000E-03,-2.0100502297E+00,+1.8517587737E+00,-3.8696289059E+00
+1.0492500E-03,-2.1256281187E+00,+1.8140703315E+00,-3.9453125000E+00
+1.0495000E-03,-2.2085426903E+00,+1.6884421930E+00,-3.9038085941E+00
+1.0497500E-03,-2.0552763591E+00,+1.8844220912E+00,-3.9453125000E+00
+1.0500000E-03,-1.9321607829E+00,+2.0075376673E+00,-3.9453125000E+00
+1.0502500E-03,-2.0904522389E+00,+1.6884421930E+00,-3.7792968750E+00
+1.0505000E-03,-2.0954773637E+00,+1.6030150590E+00,-3.7011718750E+00
+1.0507500E-03,-1.8140703315E+00,+1.7462311375E+00,-3.5668945309E+00
+1.0510000E-03,-1.6859296306E+00,+1.6130653085E+00,-3.3032226559E+00
+1.0512500E-03,-1.6884421930E+00,+1.4472361654E+00,-3.1445312500E+00
+1.0515000E-03,-1.6457286260E+00,+1.3341708388E+00,-2.9833984367E+00
+1.0517500E-03,-1.4824120452E+00,+1.2738693319E+00,-2.7590942378E+00
+1.0520000E-03,-1.2085427002E+00,+1.3618090315E+00,-2.5756835941E+00
+1.0522500E-03,-1.2236180778E+00,+1.0276381795E+00,-2.2558593750E+00
+1.0525000E-03,-1.0452261195E+00,+841.7085341E-03,-1.8920898441E+00
+1.0527500E-03,-723.6180827E-03,+826.6331566E-03,-1.5551757809E+00
+1.0530000E-03,-565.3266267E-03,+643.2160735E-03,-1.2133789059E+00
+1.0532500E-03,-608.0401937E-03,+356.7839166E-03,-966.7968750E-03
+1.0535000E-03,-396.9849212E-03,+246.2311523E-03,-644.5312500E-03
+1.0537500E-03,-57.7889445E-03,+183.4170831E-03,-244.1406250E-03
+1.0540000E-03,+77.8894468E-03,+0.0E+00,+75.6835941E-03
+1.0542500E-03,+62.8140693E-03,-276.3819074E-03,+331.7260747E-03
+1.0545000E-03,+241.2060276E-03,-482.4120551E-03,+722.6562500E-03
+1.0547500E-03,+562.8140643E-03,-482.4120551E-03,+1.0449218750E+00
+1.0550000E-03,+645.7286359E-03,-718.5929579E-03,+1.3549804691E+00
+1.0552500E-03,+535.1758749E-03,-1.1356783782E+00,+1.6625976559E+00
+1.0555000E-03,+884.4221011E-03,-1.0025125525E+00,+1.8823242191E+00
+1.0557500E-03,+1.0904522488E+00,-1.0804019993E+00,+2.1679687500E+00
+1.0560000E-03,+1.1281406910E+00,-1.2839195847E+00,+2.4023437500E+00
+1.0562500E-03,+1.1884421979E+00,-1.5452261145E+00,+2.7246093750E+00
+1.0565000E-03,+1.3668341562E+00,-1.6080401838E+00,+2.9687500000E+00
+1.0567500E-03,+1.6432160636E+00,-1.5502512393E+00,+3.1909179692E+00
+1.0570000E-03,+1.6859296306E+00,-1.6909547553E+00,+3.3691406250E+00
+1.0572500E-03,+1.4824120453E+00,-2.0728642990E+00,+3.5522460942E+00
+1.0575000E-03,+1.6834170682E+00,-1.9723617875E+00,+3.6499023442E+00
+1.0577500E-03,+1.9070351559E+00,-1.8718592760E+00,+3.7695312500E+00
+1.0580000E-03,+1.7713567645E+00,-2.0854271142E+00,+3.8546752934E+00
+1.0582500E-03,+1.7688442022E+00,-2.1884421880E+00,+3.9526367192E+00
+1.0585000E-03,+1.7361808847E+00,-2.1180904317E+00,+3.8473510751E+00
+1.0587500E-03,+1.8718592760E+00,-2.0100502297E+00,+3.8793945308E+00
+1.0590000E-03,+1.8442210866E+00,-1.9396984700E+00,+3.7747192374E+00
+1.0592500E-03,+1.6884421930E+00,-2.1708542481E+00,+3.8574218750E+00
+1.0595000E-03,+1.7688442022E+00,-1.9723617875E+00,+3.7329101558E+00
+1.0597500E-03,+1.7110552576E+00,-1.8492462113E+00,+3.5571289058E+00
+1.0600000E-03,+1.4522612901E+00,-1.9271356582E+00,+3.3718872066E+00
+1.0602500E-03,+1.3668341562E+00,-1.8316582714E+00,+3.1958007808E+00
+1.0605000E-03,+1.4522612901E+00,-1.6030150590E+00,+3.0468750000E+00
+1.0607500E-03,+1.3316582764E+00,-1.4824120453E+00,+2.8125000000E+00
+1.0610000E-03,+1.1231155663E+00,-1.3718592810E+00,+2.4926757808E+00
+1.0612500E-03,+884.4221011E-03,-1.3668341562E+00,+2.2460937500E+00
+1.0615000E-03,+922.1105433E-03,-1.0502512442E+00,+1.9653320308E+00
+1.0617500E-03,+804.0200919E-03,-826.6331566E-03,+1.6235351558E+00
+1.0620000E-03,+484.9246175E-03,-959.7989855E-03,+1.4425659184E+00
+1.0622500E-03,+276.3819074E-03,-768.8442120E-03,+1.0449218750E+00
+1.0625000E-03,+316.5829120E-03,-402.0100459E-03,+712.5854501E-03
+1.0627500E-03,+160.8040184E-03,-298.9949721E-03,+456.5429692E-03
+1.0630000E-03,-233.6683405E-03,-238.6934652E-03,+4.8828117E-03
+1.0632500E-03,-339.1959767E-03,-97.9899491E-03,-244.1406250E-03
+1.0635000E-03,-364.3216037E-03,+155.7788936E-03,-524.9023442E-03
+1.0637500E-03,-469.8492399E-03,+414.5728611E-03,-888.6718750E-03
+1.0640000E-03,-881.9095387E-03,+324.1205991E-03,-1.2109375000E+00
+1.0642500E-03,-1.0276381795E+00,+499.9999951E-03,-1.5332031250E+00
+1.0645000E-03,-1.0075376772E+00,+798.9949672E-03,-1.8139648442E+00
+1.0647500E-03,-1.1834170732E+00,+907.0351657E-03,-2.0996093750E+00
+1.0650000E-03,-1.4472361654E+00,+886.9346634E-03,-2.3364257808E+00
+1.0652500E-03,-1.4824120453E+00,+1.1532663180E+00,-2.6391601558E+00
+1.0655000E-03,-1.5603014921E+00,+1.3718592809E+00,-2.9370117192E+00
+1.0657500E-03,-1.7110552576E+00,+1.4597989806E+00,-3.1759643563E+00
+1.0660000E-03,-1.7788944516E+00,+1.5175879251E+00,-3.3007812500E+00
+1.0662500E-03,-1.9472361605E+00,+1.5276381746E+00,-3.4838867192E+00
+1.0665000E-03,-1.8869346536E+00,+1.7688442022E+00,-3.6596679692E+00
+1.0667500E-03,-2.0452261096E+00,+1.7110552576E+00,-3.7573242192E+00
+1.0670000E-03,-2.2462311326E+00,+1.6105527461E+00,-3.8644409184E+00
+1.0672500E-03,-2.0904522389E+00,+1.8492462113E+00,-3.9453125000E+00
+1.0675000E-03,-2.0050251050E+00,+1.9773869122E+00,-3.9868164058E+00
+1.0677500E-03,-2.1482411834E+00,+1.8492462113E+00,-4.0014648442E+00
+1.0680000E-03,-2.1733668105E+00,+1.7663316398E+00,-3.9453125000E+00
+1.0682500E-03,-2.0100502297E+00,+1.8492462113E+00,-3.8671875000E+00
+1.0685000E-03,-1.8542713361E+00,+1.9246230958E+00,-3.7792968750E+00
+1.0687500E-03,-1.9296482205E+00,+1.7688442022E+00,-3.7011718750E+00
+1.0690000E-03,-2.0050251050E+00,+1.4547738525E+00,-3.4692382808E+00
+1.0692500E-03,-1.7964823915E+00,+1.5804019944E+00,-3.3789062500E+00
+1.0695000E-03,-1.4849246076E+00,+1.6507537507E+00,-3.1445312500E+00
+1.0697500E-03,-1.5050251099E+00,+1.3894472209E+00,-2.9003906250E+00
+1.0700000E-03,-1.4472361654E+00,+1.2060301378E+00,-2.6562500000E+00
+1.0702500E-03,-1.2060301378E+00,+1.1884421979E+00,-2.3950195308E+00
+1.0705000E-03,-969.8492350E-03,+1.1206030039E+00,-2.0996093750E+00
+1.0707500E-03,-907.0351657E-03,+919.5979810E-03,-1.8334960942E+00
+1.0710000E-03,-881.9095387E-03,+567.8391890E-03,-1.4575195308E+00
+1.0712500E-03,-545.2261244E-03,+580.4020043E-03,-1.1328125000E+00
+1.0715000E-03,-444.7236129E-03,+482.4120551E-03,-930.1757808E-03
+1.0717500E-03,-379.3969813E-03,+125.6281385E-03,-510.2539058E-03
+1.0720000E-03,-241.2060276E-03,-77.8894468E-03,-168.4570308E-03
+1.0722500E-03,+125.6281385E-03,-35.1758799E-03,+156.2500000E-03
+1.0725000E-03,+203.5175853E-03,-241.2060276E-03,+441.8945308E-03
+1.0727500E-03,+218.5929629E-03,-505.0251198E-03,+722.6562500E-03
+1.0730000E-03,+324.1205991E-03,-643.2160735E-03,+959.7778316E-03
+1.0732500E-03,+660.8040135E-03,-786.4321519E-03,+1.4453125000E+00
+1.0735000E-03,+766.3316496E-03,-841.7085341E-03,+1.6015625000E+00
+1.0737500E-03,+746.2311474E-03,-1.2060301378E+00,+1.9458007808E+00
+1.0740000E-03,+884.4221011E-03,-1.4447236031E+00,+2.3217773442E+00
+1.0742500E-03,+1.2688442071E+00,-1.2412060177E+00,+2.5073242192E+00
+1.0745000E-03,+1.3341708387E+00,-1.4422110407E+00,+2.7713012691E+00
+1.0747500E-03,+1.2060301378E+00,-1.7914572668E+00,+2.9907226558E+00
+1.0750000E-03,+1.4422110407E+00,-1.7738693269E+00,+3.2128906250E+00
+1.0752500E-03,+1.7512562622E+00,-1.7688442022E+00,+3.5180664058E+00
+1.0755000E-03,+1.7261306352E+00,-1.8919597783E+00,+3.6132812500E+00
+1.0757500E-03,+1.6306532484E+00,-2.1256281188E+00,+3.7475585942E+00
+1.0760000E-03,+1.6130653085E+00,-2.2437185703E+00,+3.8546752934E+00
+1.0762500E-03,+1.9924622898E+00,-1.9472361605E+00,+3.9355468750E+00
+1.0765000E-03,+1.8542713360E+00,-2.0854271142E+00,+3.9355468750E+00
+1.0767500E-03,+1.7336683223E+00,-2.2060301280E+00,+3.9355468750E+00
+1.0770000E-03,+1.8442210867E+00,-2.0954773636E+00,+3.9355468750E+00
+1.0772500E-03,+1.8492462113E+00,-2.0100502297E+00,+3.8574218750E+00
+1.0775000E-03,+1.8442210867E+00,-1.9773869122E+00,+3.8162231440E+00
+1.0777500E-03,+1.6884421930E+00,-2.0326632944E+00,+3.7133789058E+00
+1.0780000E-03,+1.6105527461E+00,-2.0025125427E+00,+3.6083984384E+00
+1.0782500E-03,+1.6256281237E+00,-1.7512562622E+00,+3.3691406250E+00
+1.0785000E-03,+1.4472361654E+00,-1.7261306352E+00,+3.1713867192E+00
+1.0787500E-03,+1.2512562671E+00,-1.7462311375E+00,+2.9907226558E+00
+1.0790000E-03,+1.3618090315E+00,-1.4472361654E+00,+2.8073120126E+00
+1.0792500E-03,+1.2512562671E+00,-1.1783919485E+00,+2.4215698247E+00
+1.0795000E-03,+964.8241103E-03,-1.2060301378E+00,+2.1679687500E+00
+1.0797500E-03,+758.7939626E-03,-1.1130653134E+00,+1.8676757808E+00
+1.0800000E-03,+723.6180827E-03,-884.4221011E-03,+1.6015625000E+00
+1.0802500E-03,+643.2160735E-03,-643.2160735E-03,+1.2792968750E+00
+1.0805000E-03,+321.6080368E-03,-643.2160735E-03,+957.0312500E-03
+1.0807500E-03,+103.0150738E-03,-597.9899442E-03,+697.9370122E-03
+1.0810000E-03,+80.4020092E-03,-241.2060276E-03,+312.5000000E-03
+1.0812500E-03,-35.1758799E-03,+45.2261293E-03,-87.8906250E-03
+1.0815000E-03,-396.9849213E-03,-37.6884423E-03,-363.4643560E-03
+1.0817500E-03,-585.4271290E-03,+57.7889446E-03,-644.5312500E-03
+1.0820000E-03,-567.8391890E-03,+399.4974836E-03,-969.5434565E-03
+1.0822500E-03,-706.0301427E-03,+580.4020043E-03,-1.2890625000E+00
+1.0825000E-03,-1.0075376772E+00,+600.5025066E-03,-1.6113281250E+00
+1.0827500E-03,-1.2763818977E+00,+630.6532582E-03,-1.9116210942E+00
+1.0830000E-03,-1.2814070223E+00,+811.5577789E-03,-2.1020507808E+00
+1.0832500E-03,-1.2864321470E+00,+1.1432160686E+00,-2.4313354497E+00
+1.0835000E-03,-1.5653266168E+00,+1.1306532533E+00,-2.6977539058E+00
+1.0837500E-03,-1.7110552576E+00,+1.2638190824E+00,-2.9785156250E+00
+1.0840000E-03,-1.6105527461E+00,+1.5251256123E+00,-3.1445312500E+00
+1.0842500E-03,-1.8316582714E+00,+1.5452261146E+00,-3.3789062500E+00
+1.0845000E-03,-1.9346733452E+00,+1.5603014922E+00,-3.5034179692E+00
+1.0847500E-03,-2.0678391743E+00,+1.6306532484E+00,-3.7011718750E+00
+1.0850000E-03,-2.0050251051E+00,+1.7738693268E+00,-3.7792968750E+00
+1.0852500E-03,-2.0728642990E+00,+1.7864321421E+00,-3.8671875000E+00
+1.0855000E-03,-2.1658291234E+00,+1.7738693268E+00,-3.9453125000E+00
+1.0857500E-03,-2.0904522389E+00,+1.8492462113E+00,-3.9453125000E+00
+1.0860000E-03,-1.9321607829E+00,+2.0854271142E+00,-4.0209960942E+00
+1.0862500E-03,-2.0276381697E+00,+1.8944723406E+00,-3.9282226558E+00
+1.0865000E-03,-2.1331658058E+00,+1.7261306352E+00,-3.8671875000E+00
+1.0867500E-03,-1.9748743498E+00,+1.7462311375E+00,-3.7231445308E+00
+1.0870000E-03,-1.6884421930E+00,+1.9296482205E+00,-3.6230468750E+00
+1.0872500E-03,-1.7688442022E+00,+1.6884421930E+00,-3.4667968750E+00
+1.0875000E-03,-1.8065326444E+00,+1.4522612901E+00,-3.2641601558E+00
+1.0877500E-03,-1.6080401838E+00,+1.4472361654E+00,-3.0566406250E+00
+1.0880000E-03,-1.3693467185E+00,+1.5226130499E+00,-2.8979492192E+00
+1.0882500E-03,-1.2412060178E+00,+1.3944723455E+00,-2.6391601558E+00
+1.0885000E-03,-1.3241205893E+00,+964.8241103E-03,-2.2924804692E+00
+1.0887500E-03,-1.0100502395E+00,+999.9999902E-03,-2.0117187500E+00
+1.0890000E-03,-728.6432074E-03,+884.4221011E-03,-1.6165161123E+00
+1.0892500E-03,-786.4321519E-03,+678.3919534E-03,-1.4721679692E+00
+1.0895000E-03,-680.9045158E-03,+402.0100459E-03,-1.0913085942E+00
+1.0897500E-03,-459.7989905E-03,+228.6432123E-03,-691.2231436E-03
+1.0900000E-03,-238.6934652E-03,+165.8291430E-03,-412.5976558E-03
+1.0902500E-03,-160.8040184E-03,-17.5879400E-03,-148.9257808E-03
+1.0905000E-03,-85.4271338E-03,-326.6331614E-03,+234.3750000E-03
+1.0907500E-03,+218.5929629E-03,-344.2211014E-03,+556.6406250E-03
+1.0910000E-03,+404.5226083E-03,-404.5226083E-03,+805.6640616E-03
+1.0912500E-03,+356.7839167E-03,-831.6582812E-03,+1.1840820308E+00
+1.0915000E-03,+520.1004974E-03,-927.1356680E-03,+1.4453125000E+00
+1.0917500E-03,+746.2311473E-03,-999.9999902E-03,+1.7428588872E+00
+1.0920000E-03,+889.4472257E-03,-1.1206030040E+00,+2.0019531250E+00
+1.0922500E-03,+902.0100411E-03,-1.3668341562E+00,+2.2631835942E+00
+1.0925000E-03,+1.0879396864E+00,-1.5226130499E+00,+2.6049804692E+00
+1.0927500E-03,+1.4246231008E+00,-1.4698492300E+00,+2.8906250000E+00
+1.0930000E-03,+1.5226130499E+00,-1.5326632992E+00,+3.0468750000E+00
+1.0932500E-03,+1.4296482254E+00,-1.8492462113E+00,+3.2739257808E+00
+1.0935000E-03,+1.4422110408E+00,-1.9773869121E+00,+3.4158325190E+00
+1.0937500E-03,+1.7688442022E+00,-1.9070351559E+00,+3.6694335942E+00
+1.0940000E-03,+1.8492462113E+00,-1.9296482205E+00,+3.7695312500E+00
+1.0942500E-03,+1.6884421930E+00,-2.1532663081E+00,+3.8381958003E+00
+1.0945000E-03,+1.7361808845E+00,-2.1658291235E+00,+3.8989257808E+00
+1.0947500E-03,+1.8718592760E+00,-2.0678391743E+00,+3.9355468750E+00
+1.0950000E-03,+2.0050251051E+00,-1.9346733452E+00,+3.9355468750E+00
+1.0952500E-03,+1.8140703314E+00,-2.1256281189E+00,+3.9355468750E+00
+1.0955000E-03,+1.7261306352E+00,-2.1331658058E+00,+3.8574218750E+00
+1.0957500E-03,+1.8844220913E+00,-1.9522612852E+00,+3.8327026372E+00
+1.0960000E-03,+1.7688442022E+00,-1.9271356582E+00,+3.6889648442E+00
+1.0962500E-03,+1.5276381746E+00,-1.9924622898E+00,+3.5180664058E+00
+1.0965000E-03,+1.5703517415E+00,-1.8442210867E+00,+3.4103393560E+00
+1.0967500E-03,+1.5502512392E+00,-1.5854271192E+00,+3.1347656250E+00
+1.0970000E-03,+1.3668341562E+00,-1.5251256123E+00,+2.8881835942E+00
+1.0972500E-03,+1.1080401887E+00,-1.5276381746E+00,+2.6293945308E+00
+1.0975000E-03,+1.0879396864E+00,-1.2864321470E+00,+2.3657226558E+00
+1.0977500E-03,+1.0452261195E+00,-1.0452261195E+00,+2.0898437500E+00
+1.0980000E-03,+804.0200919E-03,-964.8241103E-03,+1.7675781250E+00
+1.0982500E-03,+517.5879351E-03,-947.2361703E-03,+1.4624023442E+00
+1.0985000E-03,+439.6984882E-03,-685.9296404E-03,+1.1230468750E+00
+1.0987500E-03,+389.4472306E-03,-437.1859259E-03,+822.7539058E-03
+1.0990000E-03,+85.4271338E-03,-477.3869305E-03,+556.6406250E-03
+1.0992500E-03,-80.4020092E-03,-304.0200968E-03,+217.2851558E-03
+1.0995000E-03,-160.8040184E-03,-37.6884423E-03,-129.3945308E-03
+1.0997500E-03,-241.2060276E-03,+218.5929630E-03,-466.3085942E-03
+1.1000000E-03,-404.5226083E-03,+316.5829121E-03,-729.6752935E-03
+1.1002500E-03,-804.0200919E-03,+276.3819075E-03,-1.0888671884E+00
+1.1005000E-03,-728.6432073E-03,+557.7889397E-03,-1.2890625000E+00
+1.1007500E-03,-826.6331565E-03,+826.6331565E-03,-1.6580200186E+00
+1.1010000E-03,-1.1206030040E+00,+809.0452165E-03,-1.9335937500E+00
+1.1012500E-03,-1.3216080270E+00,+929.6482303E-03,-2.2558593750E+00
+1.1015000E-03,-1.3618090316E+00,+1.0879396864E+00,-2.4533081060E+00
+1.1017500E-03,-1.3894472208E+00,+1.3668341562E+00,-2.7590942378E+00
+1.1020000E-03,-1.6130653084E+00,+1.4422110408E+00,-3.0566406250E+00
+1.1022500E-03,-1.8668341513E+00,+1.3668341562E+00,-3.2397460942E+00
+1.1025000E-03,-1.8115577691E+00,+1.6030150592E+00,-3.4201049810E+00
+1.1027500E-03,-1.8718592760E+00,+1.7462311376E+00,-3.6230468750E+00
+1.1030000E-03,-2.0854271143E+00,+1.6130653084E+00,-3.7011718750E+00
+1.1032500E-03,-2.0904522389E+00,+1.6884421930E+00,-3.7792968750E+00
+1.1035000E-03,-1.9623115382E+00,+1.8592964606E+00,-3.8259887690E+00
+1.1037500E-03,-2.0452261097E+00,+1.8718592760E+00,-3.9233398442E+00
+1.1040000E-03,-2.1708542481E+00,+1.7688442022E+00,-3.9453125000E+00
+1.1042500E-03,-2.0452261097E+00,+1.8944723406E+00,-3.9453125000E+00
+1.1045000E-03,-1.9673366628E+00,+1.8869346536E+00,-3.8571167002E+00
+1.1047500E-03,-1.9522612851E+00,+1.8492462113E+00,-3.8040161128E+00
+1.1050000E-03,-2.1683416858E+00,+1.6080401838E+00,-3.7768554692E+00
+1.1052500E-03,-1.9748743498E+00,+1.5804019946E+00,-3.5620117192E+00
+1.1055000E-03,-1.7261306353E+00,+1.6934673176E+00,-3.4255981440E+00
+1.1057500E-03,-1.6432160638E+00,+1.5728643038E+00,-3.2226562500E+00
+1.1060000E-03,-1.7663316399E+00,+1.2864321470E+00,-3.0541992192E+00
+1.1062500E-03,-1.5276381746E+00,+1.2688442070E+00,-2.8030395503E+00
+1.1065000E-03,-1.2487437047E+00,+1.2864321470E+00,-2.5415039058E+00
+1.1067500E-03,-1.0904522487E+00,+1.1834170732E+00,-2.2778320308E+00
+1.1070000E-03,-1.1281406910E+00,+804.0200919E-03,-1.9360351558E+00
+1.1072500E-03,-1.0100502395E+00,+660.8040135E-03,-1.6723632808E+00
+1.1075000E-03,-653.2663227E-03,+633.1658243E-03,-1.2890625000E+00
+1.1077500E-03,-620.6030089E-03,+447.2361752E-03,-1.0766601558E+00
+1.1080000E-03,-484.9246174E-03,+160.8040184E-03,-647.2778315E-03
+1.1082500E-03,-276.3819076E-03,+62.8140692E-03,-341.4916997E-03
+1.1085000E-03,+0.0E+00,+0.0E+00,+0.0E+00
+1.1087500E-03,+57.7889446E-03,-183.4170830E-03,+234.3750000E-03
+1.1090000E-03,+236.1809030E-03,-407.0351706E-03,+634.7656250E-03
+1.1092500E-03,+304.0200968E-03,-643.2160735E-03,+939.9414058E-03
+1.1095000E-03,+638.1909489E-03,-648.2411981E-03,+1.2792968750E+00
+1.1097500E-03,+701.0050181E-03,-907.0351657E-03,+1.6015625000E+00
+1.1100000E-03,+648.2411981E-03,-1.2010050132E+00,+1.8457031250E+00
+1.1102500E-03,+1.0276381795E+00,-1.1256281286E+00,+2.1508789058E+00
+1.1105000E-03,+1.1683416955E+00,-1.2386934555E+00,+2.4020385752E+00
+1.1107500E-03,+1.0904522487E+00,-1.5402009900E+00,+2.6245117192E+00
+1.1110000E-03,+1.2839195847E+00,-1.6934673176E+00,+2.9711914058E+00
+1.1112500E-03,+1.5276381746E+00,-1.6256281238E+00,+3.1518554692E+00
+1.1115000E-03,+1.6834170684E+00,-1.6507537507E+00,+3.3276367192E+00
+1.1117500E-03,+1.6080401838E+00,-1.9070351559E+00,+3.5131835942E+00
+1.1120000E-03,+1.5326632992E+00,-2.1658291235E+00,+3.6914062500E+00
+1.1122500E-03,+1.7864321422E+00,-1.9924622897E+00,+3.7695312500E+00
+1.1125000E-03,+1.9723617874E+00,-1.9246230959E+00,+3.8940429692E+00
+1.1127500E-03,+1.7336683222E+00,-2.1834170635E+00,+3.9135742192E+00
+1.1130000E-03,+1.6884421930E+00,-2.1708542481E+00,+3.8574218750E+00
+1.1132500E-03,+1.9296482205E+00,-2.0100502297E+00,+3.9355468750E+00
+1.1135000E-03,+2.0100502297E+00,-1.9296482205E+00,+3.9355468750E+00
+1.1137500E-03,+1.8266331468E+00,-2.0326632943E+00,+3.8574218750E+00
+1.1140000E-03,+1.6909547553E+00,-2.0879396766E+00,+3.7695312500E+00
+1.1142500E-03,+1.7688442022E+00,-1.7864321422E+00,+3.5522460942E+00
+1.1145000E-03,+1.7211055107E+00,-1.6934673176E+00,+3.4103393560E+00
+1.1147500E-03,+1.4698492300E+00,-1.8492462113E+00,+3.3129882808E+00
+1.1150000E-03,+1.4447236031E+00,-1.6884421930E+00,+3.1320190435E+00
+1.1152500E-03,+1.4924622946E+00,-1.4020100362E+00,+2.8906250000E+00
+1.1155000E-03,+1.2864321470E+00,-1.3241205893E+00,+2.6049804692E+00
+1.1157500E-03,+999.9999903E-03,-1.2738693316E+00,+2.2680664058E+00
+1.1160000E-03,+962.3115480E-03,-1.1281406909E+00,+2.0898437500E+00
+1.1162500E-03,+884.4221011E-03,-866.8341611E-03,+1.7483520502E+00
+1.1165000E-03,+680.9045158E-03,-685.9296404E-03,+1.3574218750E+00
+1.1167500E-03,+344.2211013E-03,-723.6180827E-03,+1.0668945308E+00
+1.1170000E-03,+163.3165807E-03,-482.4120551E-03,+637.5122065E-03
+1.1172500E-03,+286.4321567E-03,-178.3919584E-03,+461.4257808E-03
+1.1175000E-03,-32.6633177E-03,-193.4673361E-03,+156.2500000E-03
+1.1177500E-03,-298.9949722E-03,-160.8040184E-03,-144.0429692E-03
+1.1180000E-03,-329.1457236E-03,+155.7788938E-03,-490.7226558E-03
+1.1182500E-03,-419.5979860E-03,+402.0100459E-03,-827.6367192E-03
+1.1185000E-03,-685.9296404E-03,+482.4120551E-03,-1.1743164058E+00
+1.1187500E-03,-1.0226130549E+00,+482.4120551E-03,-1.5112304692E+00
+1.1190000E-03,-1.1206030041E+00,+645.7286358E-03,-1.7745971685E+00
+1.1192500E-03,-1.1080401886E+00,+982.4120503E-03,-2.0996093750E+00
+1.1195000E-03,-1.2814070224E+00,+1.0929648109E+00,-2.3754882808E+00
+1.1197500E-03,-1.5854271192E+00,+987.4371749E-03,-2.5781250000E+00
+1.1200000E-03,-1.5301507369E+00,+1.2839195847E+00,-2.8222656250E+00
+1.1202500E-03,-1.5452261146E+00,+1.5100502346E+00,-3.0566406250E+00
+1.1205000E-03,-1.7688442022E+00,+1.4472361654E+00,-3.2226562500E+00
+1.1207500E-03,-1.9522612851E+00,+1.5050251100E+00,-3.4667968750E+00
+1.1210000E-03,-2.0050251052E+00,+1.5326632992E+00,-3.5449218750E+00
+1.1212500E-03,-1.9296482205E+00,+1.7864321422E+00,-3.7182617192E+00
+1.1215000E-03,-2.0477386720E+00,+1.7311557599E+00,-3.7792968750E+00
+1.1217500E-03,-2.1708542481E+00,+1.6884421930E+00,-3.8671875000E+00
+1.1220000E-03,-2.0879396766E+00,+1.8492462113E+00,-3.9428710942E+00
+1.1222500E-03,-2.0276381697E+00,+1.9748743497E+00,-4.0063476558E+00
+1.1225000E-03,-2.1708542481E+00,+1.7688442022E+00,-3.9453125000E+00
+1.1227500E-03,-2.1130653035E+00,+1.8040200822E+00,-3.9233398442E+00
+1.1230000E-03,-1.9321607828E+00,+1.7688442022E+00,-3.7036132808E+00
+1.1232500E-03,-1.8944723405E+00,+1.7412060130E+00,-3.6401367192E+00
+1.1235000E-03,-1.9346733451E+00,+1.5653266169E+00,-3.5083007808E+00
+1.1237500E-03,-1.9070351560E+00,+1.4698492300E+00,-3.3789062500E+00
+1.1240000E-03,-1.5301507369E+00,+1.6055276215E+00,-3.1445312500E+00
+1.1242500E-03,-1.4020100362E+00,+1.4924622946E+00,-2.9003906250E+00
+1.1245000E-03,-1.4849246077E+00,+1.2060301378E+00,-2.6928710942E+00
+1.1247500E-03,-1.3894472208E+00,+1.0804019995E+00,-2.4752807623E+00
+1.1250000E-03,-974.8743594E-03,+1.1959798887E+00,-2.1777343750E+00
+1.1252500E-03,-884.4221011E-03,+964.8241103E-03,-1.8554687500E+00
+1.1255000E-03,-884.4221011E-03,+643.2160735E-03,-1.5332031250E+00
+1.1257500E-03,-781.4070273E-03,+424.6231105E-03,-1.2109375000E+00
+1.1260000E-03,-482.4120551E-03,+404.5226082E-03,-891.1132808E-03
+1.1262500E-03,-321.6080368E-03,+304.0200967E-03,-627.4414058E-03
+1.1265000E-03,-316.5829122E-03,+5.0251246E-03,-322.2656250E-03
+1.1267500E-03,-218.5929630E-03,-241.2060276E-03,+21.9726558E-03
+1.1270000E-03,+236.1809030E-03,-243.7185898E-03,+476.0742192E-03
+1.1272500E-03,+321.6080368E-03,-402.0100459E-03,+722.6562500E-03
+1.1275000E-03,+316.5829122E-03,-728.6432073E-03,+1.0449218750E+00
+1.1277500E-03,+482.4120551E-03,-768.8442119E-03,+1.2451171865E+00
+1.1280000E-03,+726.1306450E-03,-959.7989857E-03,+1.6772460942E+00
+1.1282500E-03,+776.3819028E-03,-1.1532663178E+00,+1.9238281250E+00
+1.1285000E-03,+846.7336588E-03,-1.3618090317E+00,+2.2045898442E+00
+1.1287500E-03,+1.0452261195E+00,-1.3894472208E+00,+2.4270629877E+00
+1.1290000E-03,+1.3643215939E+00,-1.4497487277E+00,+2.8125000000E+00
+1.1292500E-03,+1.3492462162E+00,-1.6256281238E+00,+2.9687500000E+00
+1.1295000E-03,+1.3241205893E+00,-1.8542713359E+00,+3.1762695308E+00
+1.1297500E-03,+1.5628140546E+00,-1.8140703313E+00,+3.3691406250E+00
+1.1300000E-03,+1.7713567644E+00,-1.8467336491E+00,+3.6132812500E+00
+1.1302500E-03,+1.6256281238E+00,-1.9924622897E+00,+3.6132812500E+00
+1.1305000E-03,+1.6457286261E+00,-2.1708542481E+00,+3.8107299810E+00
+1.1307500E-03,+1.7914572667E+00,-2.0678391743E+00,+3.8574218750E+00
+1.1310000E-03,+2.0100502297E+00,-2.0100502297E+00,+4.0136718750E+00
+1.1312500E-03,+1.8316582713E+00,-2.0452261098E+00,+3.8745117192E+00
+1.1315000E-03,+1.7638190776E+00,-2.2135678150E+00,+3.9721679692E+00
+1.1317500E-03,+1.8844220914E+00,-1.9748743497E+00,+3.8574218750E+00
+1.1320000E-03,+1.9321607828E+00,-1.8492462113E+00,+3.7722778315E+00
+1.1322500E-03,+1.7688442022E+00,-1.9296482205E+00,+3.6914062500E+00
+1.1325000E-03,+1.6080401838E+00,-1.9296482205E+00,+3.5351562500E+00
+1.1327500E-03,+1.6532663129E+00,-1.8040200822E+00,+3.4570312500E+00
+1.1330000E-03,+1.6884421930E+00,-1.6055276215E+00,+3.2885742193E+00
+1.1332500E-03,+1.4296482254E+00,-1.4999999855E+00,+2.9248046885E+00
+1.1335000E-03,+1.2110552624E+00,-1.5226130501E+00,+2.7246093750E+00
+1.1337500E-03,+1.2638190825E+00,-1.2286432024E+00,+2.4902343750E+00
+1.1340000E-03,+1.2788944602E+00,-969.8492348E-03,+2.2436523443E+00
+1.1342500E-03,+884.4221011E-03,-1.0452261195E+00,+1.9238281250E+00
+1.1345000E-03,+718.5929582E-03,-889.4472256E-03,+1.6015625000E+00
+1.1347500E-03,+665.8291381E-03,-620.6030089E-03,+1.2792968750E+00
+1.1350000E-03,+407.0351705E-03,-635.6783867E-03,+1.0421752935E+00
+1.1352500E-03,+150.7537693E-03,-527.6381843E-03,+671.0815440E-03
+1.1355000E-03,+42.7135669E-03,-316.5829122E-03,+353.6987310E-03
+1.1357500E-03,-35.1758801E-03,+0.0E+00,-41.1987315E-03
+1.1360000E-03,-160.8040184E-03,+80.4020092E-03,-244.1406250E-03
+1.1362500E-03,-482.4120551E-03,+80.4020092E-03,-566.4062500E-03
+1.1365000E-03,-648.2411980E-03,+273.8693454E-03,-925.2929693E-03
+1.1367500E-03,-585.4271289E-03,+620.6030089E-03,-1.2109375000E+00
+1.1370000E-03,-881.9095388E-03,+567.8391889E-03,-1.4575195307E+00
+1.1372500E-03,-1.2512562670E+00,+580.4020044E-03,-1.8383789057E+00
+1.1375000E-03,-1.2864321470E+00,+846.7336588E-03,-2.1411132807E+00
+1.1377500E-03,-1.2864321470E+00,+1.1256281286E+00,-2.4121093750E+00
+1.1380000E-03,-1.3718592807E+00,+1.2839195848E+00,-2.6586914057E+00
+1.1382500E-03,-1.6884421930E+00,+1.2060301378E+00,-2.9003906250E+00
+1.1385000E-03,-1.8492462113E+00,+1.2814070225E+00,-3.1344604503E+00
+1.1387500E-03,-1.7914572667E+00,+1.5628140547E+00,-3.3569335943E+00
+1.1390000E-03,-1.7738693267E+00,+1.6055276215E+00,-3.3816528315E+00
+1.1392500E-03,-2.0904522389E+00,+1.4648241054E+00,-3.5620117193E+00
+1.1395000E-03,-2.1281406812E+00,+1.6507537506E+00,-3.7792968750E+00
+1.1397500E-03,-2.0100502297E+00,+1.7914572667E+00,-3.8040161127E+00
+1.1400000E-03,-2.0904522389E+00,+1.7688442022E+00,-3.8671875000E+00
+1.1402500E-03,-2.1432160590E+00,+1.7964823912E+00,-3.9453125000E+00
+1.1405000E-03,-2.1281406813E+00,+1.7688442022E+00,-3.9038085943E+00
+1.1407500E-03,-1.9748743497E+00,+1.9648241006E+00,-3.9453125000E+00
+1.1410000E-03,-2.0929648012E+00,+1.8442210868E+00,-3.9428710943E+00
+1.1412500E-03,-2.1532663081E+00,+1.6432160639E+00,-3.7985229498E+00
+1.1415000E-03,-1.8919597782E+00,+1.7638190776E+00,-3.6596679693E+00
+1.1417500E-03,-1.7462311376E+00,+1.7110552575E+00,-3.4667968750E+00
+1.1420000E-03,-1.9221105338E+00,+1.3768844053E+00,-3.3032226557E+00
+1.1422500E-03,-1.7060301330E+00,+1.4120602853E+00,-3.1253051752E+00
+1.1425000E-03,-1.4849246077E+00,+1.4095477231E+00,-2.9003906250E+00
+1.1427500E-03,-1.2864321470E+00,+1.3668341562E+00,-2.6562500000E+00
+1.1430000E-03,-1.2864321470E+00,+1.1231155664E+00,-2.4096679693E+00
+1.1432500E-03,-1.2060301378E+00,+947.2361702E-03,-2.1606445307E+00
+1.1435000E-03,-889.4472256E-03,+879.3969766E-03,-1.7773437500E+00
+1.1437500E-03,-665.8291381E-03,+804.0200919E-03,-1.4770507807E+00
+1.1440000E-03,-796.4824051E-03,+409.5477327E-03,-1.2109375000E+00
+1.1442500E-03,-562.8140643E-03,+241.2060276E-03,-810.5468750E-03
+1.1445000E-03,-236.1809031E-03,+283.9195944E-03,-524.9023443E-03
+1.1447500E-03,-57.7889446E-03,+103.0150737E-03,-166.0156250E-03
+1.1450000E-03,-2.5125623E-03,-163.3165806E-03,+156.2500000E-03
+1.1452500E-03,+125.6281383E-03,-339.1959768E-03,+461.4257807E-03
+1.1455000E-03,+359.2964791E-03,-449.7487373E-03,+805.6640615E-03
+1.1457500E-03,+610.5527599E-03,-515.0753687E-03,+1.1230468750E+00
+1.1460000E-03,+562.8140643E-03,-881.9095388E-03,+1.4425659186E+00
+1.1462500E-03,+723.6180827E-03,-982.4120503E-03,+1.6989135748E+00
+1.1465000E-03,+969.8492348E-03,-1.0402009950E+00,+2.0019531250E+00
+1.1467500E-03,+1.1482411932E+00,-1.2060301378E+00,+2.3461914057E+00
+1.1470000E-03,+1.2010050133E+00,-1.3743718430E+00,+2.5708007807E+00
+1.1472500E-03,+1.3316582761E+00,-1.4824120455E+00,+2.8125000000E+00
+1.1475000E-03,+1.5276381746E+00,-1.5276381746E+00,+3.0468750000E+00
+1.1477500E-03,+1.5854271192E+00,-1.6306532483E+00,+3.2128906250E+00
+1.1480000E-03,+1.5276381746E+00,-1.8517587736E+00,+3.3718872064E+00
+1.1482500E-03,+1.6256281238E+00,-1.9748743496E+00,+3.5961914057E+00
+1.1485000E-03,+1.8869346537E+00,-1.8492462113E+00,+3.7280273443E+00
+1.1487500E-03,+1.8366833958E+00,-2.0577889254E+00,+3.8888549816E+00
+1.1490000E-03,+1.6130653083E+00,-2.2462311328E+00,+3.8574218750E+00
+1.1492500E-03,+1.8316582713E+00,-2.1080401790E+00,+3.9355468750E+00
+1.1495000E-03,+2.0150753542E+00,-1.8869346537E+00,+3.8989257807E+00
+1.1497500E-03,+1.9070351560E+00,-2.0100502297E+00,+3.9135742193E+00
+1.1500000E-03,+1.6909547552E+00,-2.1658291236E+00,+3.8546752936E+00
+1.1502500E-03,+1.7236180731E+00,-2.0552763588E+00,+3.7695312500E+00
+1.1505000E-03,+1.8442210869E+00,-1.8542713358E+00,+3.6914062500E+00
+1.1507500E-03,+1.7110552575E+00,-1.8266331468E+00,+3.5351562500E+00
+1.1510000E-03,+1.4497487277E+00,-1.9246230960E+00,+3.3666992193E+00
+1.1512500E-03,+1.5276381746E+00,-1.6256281238E+00,+3.1518554693E+00
+1.1515000E-03,+1.4899497322E+00,-1.4849246078E+00,+2.9687500000E+00
+1.1517500E-03,+1.3216080271E+00,-1.3894472208E+00,+2.7026367193E+00
+1.1520000E-03,+1.0427135572E+00,-1.4472361654E+00,+2.4874877936E+00
+1.1522500E-03,+947.2361702E-03,-1.2060301378E+00,+2.1508789057E+00
+1.1525000E-03,+841.7085342E-03,-969.8492348E-03,+1.8090820307E+00
+1.1527500E-03,+701.0050182E-03,-907.0351656E-03,+1.6015625000E+00
+1.1530000E-03,+324.1205990E-03,-884.4221011E-03,+1.2036132807E+00
+1.1532500E-03,+321.6080368E-03,-562.8140643E-03,+878.9062500E-03
+1.1535000E-03,+246.2311521E-03,-354.2713546E-03,+593.2617193E-03
+1.1537500E-03,-22.6130645E-03,-321.6080368E-03,+290.5273443E-03
+1.1540000E-03,-165.8291429E-03,-85.4271337E-03,-87.8906250E-03
+1.1542500E-03,-321.6080368E-03,+125.6281383E-03,-451.9653309E-03
+1.1545000E-03,-444.7236128E-03,+236.1809031E-03,-685.7299811E-03
+1.1547500E-03,-746.2311472E-03,+298.9949722E-03,-1.0546875000E+00
+1.1550000E-03,-884.4221011E-03,+402.0100459E-03,-1.2890625000E+00
+1.1552500E-03,-947.2361702E-03,+660.8040136E-03,-1.6113281250E+00
+1.1555000E-03,-1.0025125526E+00,+927.1356679E-03,-1.9335937500E+00
+1.1557500E-03,-1.4020100363E+00,+849.2462210E-03,-2.2558593750E+00
+1.1560000E-03,-1.4472361654E+00,+1.0427135572E+00,-2.4972534186E+00
+1.1562500E-03,-1.4020100363E+00,+1.3316582761E+00,-2.7343750000E+00
+1.1565000E-03,-1.5703517414E+00,+1.4045225986E+00,-2.9785156250E+00
+1.1567500E-03,-1.7914572667E+00,+1.3442210917E+00,-3.1445312500E+00
+1.1570000E-03,-2.0075376675E+00,+1.4472361654E+00,-3.4640502936E+00
+1.1572500E-03,-1.8944723404E+00,+1.5979899348E+00,-3.5009765636E+00
+1.1575000E-03,-1.9296482205E+00,+1.7261306353E+00,-3.6596679693E+00
+1.1577500E-03,-2.1482411836E+00,+1.6532663129E+00,-3.8040161127E+00
+1.1580000E-03,-2.2462311328E+00,+1.6909547552E+00,-3.9428710943E+00
+1.1582500E-03,-2.0276381698E+00,+1.9296482205E+00,-3.9624023443E+00
+1.1585000E-03,-2.0100502297E+00,+1.9296482205E+00,-3.9453125000E+00
+1.1587500E-03,-2.1130653035E+00,+1.8266331468E+00,-3.9453125000E+00
+1.1590000E-03,-2.0929648012E+00,+1.8467336491E+00,-3.9453125000E+00
+1.1592500E-03,-1.9924622897E+00,+1.8668341514E+00,-3.8671875000E+00
+1.1595000E-03,-1.9396984695E+00,+1.7587939532E+00,-3.7011718750E+00
+1.1597500E-03,-1.9522612851E+00,+1.6658291284E+00,-3.6230468750E+00
+1.1600000E-03,-1.8492462113E+00,+1.6080401838E+00,-3.4667968750E+00
+1.1602500E-03,-1.6080401838E+00,+1.6080401838E+00,-3.2226562500E+00
+1.1605000E-03,-1.5653266170E+00,+1.4472361654E+00,-3.0151367193E+00
+1.1607500E-03,-1.5728643037E+00,+1.2638190825E+00,-2.8442382807E+00
+1.1610000E-03,-1.2914572715E+00,+1.2814070226E+00,-2.5781250000E+00
+1.1612500E-03,-1.1432160687E+00,+1.2060301378E+00,-2.3510742193E+00
+1.1615000E-03,-1.0879396863E+00,+959.7989858E-03,-2.0529174811E+00
+1.1617500E-03,-987.4371748E-03,+701.0050182E-03,-1.6894531250E+00
+1.1620000E-03,-801.5075297E-03,+643.2160735E-03,-1.4523315436E+00
+1.1622500E-03,-464.8241151E-03,+580.4020044E-03,-1.0546875000E+00
+1.1625000E-03,-396.9849215E-03,+331.6582857E-03,-732.7270496E-03
+1.1627500E-03,-379.3969814E-03,+22.6130645E-03,-410.1562500E-03
+1.1630000E-03,-2.5125622E-03,+77.8894470E-03,-87.8906250E-03
+1.1632500E-03,+223.6180875E-03,-35.1758801E-03,+251.4648443E-03
+1.1635000E-03,+118.0904516E-03,-364.3216036E-03,+478.5156250E-03
+1.1637500E-03,+276.3819077E-03,-585.4271289E-03,+856.9335943E-03
+1.1640000E-03,+562.8140643E-03,-643.2160735E-03,+1.2011718750E+00
+1.1642500E-03,+821.6080320E-03,-768.8442118E-03,+1.5844726557E+00
+1.1645000E-03,+804.0200919E-03,-1.0025125526E+00,+1.8041992193E+00
+1.1647500E-03,+871.8592855E-03,-1.2989949626E+00,+2.1679687500E+00
+1.1650000E-03,+1.1256281286E+00,-1.2085427001E+00,+2.3266601557E+00
+1.1652500E-03,+1.3316582761E+00,-1.3040200871E+00,+2.6293945307E+00
+1.1655000E-03,+1.3291457138E+00,-1.5653266170E+00,+2.8906250000E+00
+1.1657500E-03,+1.4020100364E+00,-1.6532663128E+00,+3.0468750000E+00
+1.1660000E-03,+1.6080401838E+00,-1.6884421930E+00,+3.2910156250E+00
+1.1662500E-03,+1.6432160639E+00,-1.8140703312E+00,+3.4570312500E+00
+1.1665000E-03,+1.6030150593E+00,-2.0150753542E+00,+3.6132812500E+00
+1.1667500E-03,+1.7462311376E+00,-2.0100502297E+00,+3.7475585943E+00
+1.1670000E-03,+1.9271356583E+00,-1.9296482205E+00,+3.8546752936E+00
+1.1672500E-03,+1.9120602805E+00,-1.9648241007E+00,+3.8745117193E+00
+1.1675000E-03,+1.7688442022E+00,-2.2085426905E+00,+3.9721679693E+00
+1.1677500E-03,+1.7814070178E+00,-2.0778894233E+00,+3.8574218750E+00
+1.1680000E-03,+2.0075376675E+00,-1.9321607828E+00,+3.9355468750E+00
+1.1682500E-03,+1.8492462113E+00,-1.9924622897E+00,+3.8381958002E+00
+1.1685000E-03,+1.6457286262E+00,-2.0954773634E+00,+3.7329101557E+00
+1.1687500E-03,+1.6658291285E+00,-2.0100502297E+00,+3.6694335943E+00
+1.1690000E-03,+1.6909547552E+00,-1.8442210869E+00,+3.5327148443E+00
+1.1692500E-03,+1.6708542529E+00,-1.6884421930E+00,+3.3520507807E+00
+1.1695000E-03,+1.2964823959E+00,-1.7587939533E+00,+3.0468750000E+00
+1.1697500E-03,+1.2638190825E+00,-1.6306532483E+00,+2.8906250000E+00
+1.1700000E-03,+1.3592964695E+00,-1.2160803867E+00,+2.5708007807E+00
+1.1702500E-03,+1.2160803867E+00,-1.1608040088E+00,+2.3681640614E+00
+1.1705000E-03,+798.9949674E-03,-1.2487437047E+00,+2.0431518561E+00
+1.1707500E-03,+701.0050182E-03,-1.0678391840E+00,+1.7675781250E+00
+1.1710000E-03,+645.7286357E-03,-801.5075297E-03,+1.4453125000E+00
+1.1712500E-03,+499.9999952E-03,-706.0301426E-03,+1.2011718750E+00
+1.1715000E-03,+160.8040184E-03,-638.1909491E-03,+795.8984386E-03
+1.1717500E-03,+45.2261290E-03,-379.3969814E-03,+422.3632807E-03
+1.1720000E-03,+0.0E+00,-163.3165806E-03,+158.6914057E-03
+1.1722500E-03,-115.5778893E-03,-35.1758802E-03,-87.8906250E-03
+1.1725000E-03,-439.6984883E-03,-42.7135668E-03,-400.0854504E-03
+1.1727500E-03,-505.0251197E-03,+276.3819077E-03,-788.5742193E-03
+1.1730000E-03,-640.7035113E-03,+482.4120551E-03,-1.1303710943E+00
+1.1732500E-03,-929.6482301E-03,+437.1859261E-03,-1.3671875000E+00
+1.1735000E-03,-1.0929648107E+00,+638.1909491E-03,-1.7361450189E+00
+1.1737500E-03,-1.1608040088E+00,+826.6331564E-03,-1.9897460943E+00
+1.1740000E-03,-1.2035175756E+00,+1.0477386817E+00,-2.2558593750E+00
+1.1742500E-03,-1.4648241055E+00,+1.0904522485E+00,-2.5610351557E+00
+1.1745000E-03,-1.7311557598E+00,+1.1256281286E+00,-2.8637695307E+00
+1.1747500E-03,-1.6306532483E+00,+1.4597989811E+00,-3.0978393566E+00
+1.1750000E-03,-1.6859296308E+00,+1.6055276216E+00,-3.2958984386E+00
+1.1752500E-03,-1.9120602805E+00,+1.4648241055E+00,-3.3789062500E+00
+1.1755000E-03,-2.0527637965E+00,+1.4849246078E+00,-3.5449218750E+00
+1.1757500E-03,-1.9296482205E+00,+1.7688442022E+00,-3.7011718750E+00
+1.1760000E-03,-2.0050251053E+00,+1.8517587736E+00,-3.8644409186E+00
+1.1762500E-03,-2.0452261099E+00,+1.7512562621E+00,-3.7985229498E+00
+1.1765000E-03,-2.1708542481E+00,+1.7688442022E+00,-3.9453125000E+00
+1.1767500E-03,-2.0326632942E+00,+1.9648241007E+00,-4.0014648443E+00
+1.1770000E-03,-1.9346733450E+00,+2.0804019901E+00,-4.0185546886E+00
+1.1772500E-03,-2.0904522389E+00,+1.7688442022E+00,-3.8671875000E+00
+1.1775000E-03,-2.0527637965E+00,+1.7261306354E+00,-3.7792968750E+00
+1.1777500E-03,-1.8844220915E+00,+1.8718592759E+00,-3.7573242193E+00
+1.1780000E-03,-1.7663316399E+00,+1.6934673174E+00,-3.4692382807E+00
+1.1782500E-03,-1.8316582713E+00,+1.5452261147E+00,-3.3789062500E+00
+1.1785000E-03,-1.6834170685E+00,+1.5326632990E+00,-3.2226562500E+00
+1.1787500E-03,-1.4824120456E+00,+1.4924622944E+00,-2.9785156250E+00
+1.1790000E-03,-1.2889447092E+00,+1.5226130502E+00,-2.8195190436E+00
+1.1792500E-03,-1.3492462161E+00,+1.1432160687E+00,-2.5000000000E+00
+1.1795000E-03,-1.1306532531E+00,+1.1206030042E+00,-2.2558593750E+00
+1.1797500E-03,-826.6331564E-03,+1.1030150641E+00,-1.9335937500E+00
+1.1800000E-03,-879.3969767E-03,+809.0452163E-03,-1.6894531250E+00
+1.1802500E-03,-786.4321518E-03,+499.9999952E-03,-1.2890625000E+00
+1.1805000E-03,-482.4120551E-03,+520.1004975E-03,-1.0079956061E+00
+1.1807500E-03,-218.5929631E-03,+424.6231105E-03,-644.5312500E-03
+1.1810000E-03,-160.8040184E-03,+158.2914562E-03,-319.8242193E-03
+1.1812500E-03,-160.8040184E-03,-178.3919585E-03,+17.0898443E-03
+1.1815000E-03,+37.6884424E-03,-241.2060276E-03,+270.9960943E-03
+1.1817500E-03,+437.1859261E-03,-228.6432119E-03,+659.4848626E-03
+1.1820000E-03,+404.5226082E-03,-562.8140643E-03,+959.7778314E-03
+1.1822500E-03,+437.1859261E-03,-929.6482301E-03,+1.3574218750E+00
+1.1825000E-03,+638.1909491E-03,-927.1356679E-03,+1.5600585943E+00
+1.1827500E-03,+907.0351656E-03,-942.2110458E-03,+1.8457031250E+00
+1.1830000E-03,+964.8241103E-03,-1.2060301378E+00,+2.1679687500E+00
+1.1832500E-03,+1.0276381794E+00,-1.4020100364E+00,+2.4215698249E+00
+1.1835000E-03,+1.2060301378E+00,-1.4472361654E+00,+2.6464843750E+00
+1.1837500E-03,+1.4246231009E+00,-1.5276381746E+00,+2.9467773443E+00
+1.1840000E-03,+1.4422110410E+00,-1.6155778704E+00,+3.0496215814E+00
+1.1842500E-03,+1.3216080272E+00,-1.9748743495E+00,+3.2910156250E+00
+1.1845000E-03,+1.6080401838E+00,-1.8919597781E+00,+3.4985351557E+00
+1.1847500E-03,+1.7110552575E+00,-1.9070351560E+00,+3.6132812500E+00
+1.1850000E-03,+1.6105527460E+00,-2.1658291237E+00,+3.7670898443E+00
+1.1852500E-03,+1.6884421930E+00,-2.1884421882E+00,+3.8745117193E+00
+1.1855000E-03,+1.8969849026E+00,-2.0427135477E+00,+3.9355468750E+00
+1.1857500E-03,+1.8718592758E+00,-2.0904522389E+00,+3.9575195307E+00
+1.1860000E-03,+1.7663316400E+00,-2.0954773633E+00,+3.8598632807E+00
+1.1862500E-03,+1.7060301331E+00,-2.1708542481E+00,+3.8745117193E+00
+1.1865000E-03,+1.8819095293E+00,-1.9346733449E+00,+3.8107299811E+00
+1.1867500E-03,+1.8140703312E+00,-1.9296482205E+00,+3.7380981433E+00
+1.1870000E-03,+1.5326632990E+00,-2.1633165615E+00,+3.6889648443E+00
+1.1872500E-03,+1.4371859166E+00,-2.0201004785E+00,+3.4570312500E+00
+1.1875000E-03,+1.6080401838E+00,-1.6457286262E+00,+3.2495117193E+00
+1.1877500E-03,+1.5050251101E+00,-1.5276381746E+00,+3.0249023443E+00
+1.1880000E-03,+1.2060301378E+00,-1.6080401838E+00,+2.8125000000E+00
+1.1882500E-03,+1.1080401885E+00,-1.5276381746E+00,+2.6293945307E+00
+1.1885000E-03,+1.1206030043E+00,-1.1733668198E+00,+2.2875976557E+00
+1.1887500E-03,+1.0226130550E+00,-987.4371748E-03,+2.0019531250E+00
+1.1890000E-03,+645.7286357E-03,-1.1180904421E+00,+1.7623901379E+00
+1.1892500E-03,+437.1859261E-03,-929.6482301E-03,+1.3574218750E+00
+1.1895000E-03,+520.1004975E-03,-562.8140643E-03,+1.0815429693E+00
+1.1897500E-03,+286.4321566E-03,-459.7989906E-03,+744.6289057E-03
+1.1900000E-03,+0.0E+00,-402.0100459E-03,+400.3906250E-03
+1.1902500E-03,-97.9899493E-03,-133.1658295E-03,+34.1796886E-03
+1.1905000E-03,-203.5175852E-03,+118.0904516E-03,-322.2656250E-03
+1.1907500E-03,-366.8341657E-03,+195.9798986E-03,-566.4062500E-03
+1.1910000E-03,-567.8391887E-03,+238.6934654E-03,-812.9882807E-03
+1.1912500E-03,-786.4321518E-03,+419.5979860E-03,-1.2109375000E+00
+1.1915000E-03,-884.4221011E-03,+680.9045159E-03,-1.5698242193E+00
+1.1917500E-03,-1.1030150642E+00,+746.2311472E-03,-1.8554687500E+00
+1.1920000E-03,-1.3643215940E+00,+726.1306449E-03,-2.0996093750E+00
+1.1922500E-03,-1.3216080272E+00,+1.0100502392E+00,-2.3339843750E+00
+1.1925000E-03,-1.3618090318E+00,+1.2487437046E+00,-2.6147460943E+00
+1.1927500E-03,-1.6080401838E+00,+1.2060301378E+00,-2.8222656250E+00
+1.1930000E-03,-1.7738693265E+00,+1.3618090318E+00,-3.1445312500E+00
+1.1932500E-03,-1.7512562621E+00,+1.5276381746E+00,-3.2836914057E+00
+1.1935000E-03,-1.7688442022E+00,+1.6884421930E+00,-3.4667968750E+00
+1.1937500E-03,-1.9296482205E+00,+1.6080401838E+00,-3.5449218750E+00
+1.1940000E-03,-2.1683416859E+00,+1.5351758612E+00,-3.7063598620E+00
+1.1942500E-03,-2.0376884186E+00,+1.8040200824E+00,-3.8479614251E+00
+1.1945000E-03,-1.9673366629E+00,+1.9723617873E+00,-3.9453125000E+00
+1.1947500E-03,-2.1030150546E+00,+1.8140703311E+00,-3.9233398443E+00
+1.1950000E-03,-2.0929648011E+00,+1.8467336492E+00,-3.9453125000E+00
+1.1952500E-03,-2.0728642988E+00,+1.8668341515E+00,-3.9453125000E+00
+1.1955000E-03,-1.8542713357E+00,+1.9999999810E+00,-3.8571167005E+00
+1.1957500E-03,-1.9296482205E+00,+1.8492462113E+00,-3.7792968750E+00
+1.1960000E-03,-2.0854271145E+00,+1.6130653082E+00,-3.7011718750E+00
+1.1962500E-03,-1.8316582712E+00,+1.7060301331E+00,-3.5449218750E+00
+1.1965000E-03,-1.6080401838E+00,+1.7311557598E+00,-3.3422851557E+00
+1.1967500E-03,-1.6658291285E+00,+1.4698492299E+00,-3.1445312500E+00
+1.1970000E-03,-1.5301507368E+00,+1.3643215940E+00,-2.9003906250E+00
+1.1972500E-03,-1.2587939582E+00,+1.3768844050E+00,-2.6391601557E+00
+1.1975000E-03,-1.1256281286E+00,+1.2437185802E+00,-2.3706054693E+00
+1.1977500E-03,-1.1482411931E+00,+964.8241103E-03,-2.1215820307E+00
+1.1980000E-03,-967.3366725E-03,+804.0200919E-03,-1.7797851557E+00
+1.1982500E-03,-706.0301426E-03,+804.0200919E-03,-1.5161132807E+00
+1.1985000E-03,-605.5276311E-03,+600.5025067E-03,-1.2109375000E+00
+1.1987500E-03,-597.9899445E-03,+286.4321565E-03,-888.6718750E-03
+1.1990000E-03,-404.5226081E-03,+158.2914562E-03,-566.4062500E-03
+1.1992500E-03,-35.1758802E-03,+188.4422072E-03,-227.0507807E-03
+1.1995000E-03,-37.6884424E-03,-75.3768848E-03,+36.6210943E-03
+1.1997500E-03,+35.1758802E-03,-366.8341657E-03,+400.3906250E-03
+1.2000000E-03,+236.1809032E-03,-484.9246173E-03,+719.9096686E-03
+1.2002500E-03,+499.9999952E-03,-608.0401933E-03,+1.1059570307E+00
+1.2005000E-03,+600.5025067E-03,-685.9296403E-03,+1.2792968750E+00
+1.2007500E-03,+527.6381841E-03,-1.0804019997E+00,+1.6015625000E+00
+1.2010000E-03,+801.5075297E-03,-1.1256281286E+00,+1.9213867193E+00
+1.2012500E-03,+1.0628140596E+00,-1.1256281286E+00,+2.1850585943E+00
+1.2015000E-03,+1.1733668198E+00,-1.3190954651E+00,+2.4902343750E+00
+1.2017500E-03,+1.1482411931E+00,-1.6080401838E+00,+2.7493286126E+00
+1.2020000E-03,+1.2864321470E+00,-1.6909547552E+00,+2.9711914057E+00
+1.2022500E-03,+1.4824120456E+00,-1.7336683219E+00,+3.2128906250E+00
+1.2025000E-03,+1.5653266170E+00,-1.7738693265E+00,+3.3325195307E+00
+1.2027500E-03,+1.4924622944E+00,-2.0678391744E+00,+3.5571289057E+00
+1.2030000E-03,+1.5351758611E+00,-2.0829145524E+00,+3.6132812500E+00
+1.2032500E-03,+1.8040200824E+00,-1.9924622896E+00,+3.7887573249E+00
+1.2035000E-03,+1.8115577689E+00,-2.0477386721E+00,+3.8574218750E+00
+1.2037500E-03,+1.7462311377E+00,-2.1934673126E+00,+3.9355468750E+00
+1.2040000E-03,+1.9271356584E+00,-2.0150753541E+00,+3.9379882807E+00
+1.2042500E-03,+1.9120602804E+00,-2.0100502297E+00,+3.9184570307E+00
+1.2045000E-03,+1.8065326446E+00,-2.0954773633E+00,+3.8989257807E+00
+1.2047500E-03,+1.7236180732E+00,-2.0778894231E+00,+3.7942504876E+00
+1.2050000E-03,+1.7688442022E+00,-2.0050251054E+00,+3.7646484387E+00
+1.2052500E-03,+1.7688442022E+00,-1.7688442022E+00,+3.5351562500E+00
+1.2055000E-03,+1.5326632989E+00,-1.8442210870E+00,+3.3691406250E+00
+1.2057500E-03,+1.3894472207E+00,-1.8266331469E+00,+3.2128906250E+00
+1.2060000E-03,+1.5226130502E+00,-1.5301507368E+00,+3.0444335943E+00
+1.2062500E-03,+1.4748743542E+00,-1.3216080273E+00,+2.7932739251E+00
+1.2065000E-03,+1.0879396862E+00,-1.4472361654E+00,+2.5317382807E+00
+1.2067500E-03,+942.2110458E-03,-1.2512562668E+00,+2.1899414057E+00
+1.2070000E-03,+962.3115481E-03,-967.3366724E-03,+1.9238281250E+00
+1.2072500E-03,+839.1959721E-03,-831.6582807E-03,+1.6625976557E+00
+1.2075000E-03,+525.1256219E-03,-761.3065251E-03,+1.2792968750E+00
+1.2077500E-03,+206.0301473E-03,-736.1808985E-03,+935.0585943E-03
+1.2080000E-03,+321.6080368E-03,-321.6080368E-03,+634.7656250E-03
+1.2082500E-03,+206.0301473E-03,-178.3919585E-03,+381.1645501E-03
+1.2085000E-03,-113.0653273E-03,-118.0904516E-03,+305.1745E-06
+1.2087500E-03,-263.8190920E-03,+0.0E+00,-266.1132807E-03
+1.2090000E-03,-326.6331611E-03,+241.2060276E-03,-571.5942370E-03
+1.2092500E-03,-608.0401933E-03,+374.3718571E-03,-986.0229499E-03
+1.2095000E-03,-846.7336587E-03,+439.6984884E-03,-1.2890625000E+00
+1.2097500E-03,-999.9999905E-03,+550.2512485E-03,-1.5551757806E+00
+1.2100000E-03,-1.0402009951E+00,+809.0452162E-03,-1.8554687500E+00
+1.2102500E-03,-1.1256281286E+00,+1.0276381793E+00,-2.1606445306E+00
+1.2105000E-03,-1.4849246078E+00,+1.0075376770E+00,-2.5000000000E+00
+1.2107500E-03,-1.5050251101E+00,+1.2060301378E+00,-2.7124023444E+00
+1.2110000E-03,-1.4497487276E+00,+1.5226130503E+00,-2.9760742194E+00
+1.2112500E-03,-1.6256281239E+00,+1.4472361654E+00,-3.0758666999E+00
+1.2115000E-03,-1.9346733449E+00,+1.3994974743E+00,-3.3374023444E+00
+1.2117500E-03,-1.8366833956E+00,+1.6432160640E+00,-3.4887695306E+00
+1.2120000E-03,-1.9246230962E+00,+1.6934673173E+00,-3.6230468750E+00
+1.2122500E-03,-1.9648241008E+00,+1.7512562620E+00,-3.7182617194E+00
+1.2125000E-03,-2.1658291238E+00,+1.6507537505E+00,-3.8204956061E+00
+1.2127500E-03,-2.0904522389E+00,+1.7688442022E+00,-3.8671875000E+00
+1.2130000E-03,-1.9346733449E+00,+2.0829145524E+00,-4.0209960944E+00
+1.2132500E-03,-2.0452261100E+00,+1.8944723403E+00,-3.9453125000E+00
+1.2135000E-03,-2.2135678149E+00,+1.7261306354E+00,-3.9453125000E+00
+1.2137500E-03,-2.0326632942E+00,+1.8266331469E+00,-3.8671875000E+00
+1.2140000E-03,-1.9271356584E+00,+1.8517587735E+00,-3.7792968750E+00
+1.2142500E-03,-1.9748743495E+00,+1.6884421930E+00,-3.6669921863E+00
+1.2145000E-03,-1.9246230962E+00,+1.5703517414E+00,-3.5034179694E+00
+1.2147500E-03,-1.8391959627E+00,+1.3994974693E+00,-3.2446289056E+00
+1.2150000E-03,-1.6055276216E+00,+1.4497487276E+00,-3.0566406250E+00
+1.2152500E-03,-1.4648241055E+00,+1.3944723450E+00,-2.8640747057E+00
+1.2155000E-03,-1.4949748565E+00,+1.1206030043E+00,-2.6196289056E+00
+1.2157500E-03,-1.2286432023E+00,+1.1608040089E+00,-2.3901367194E+00
+1.2160000E-03,-1.1231155665E+00,+967.3366724E-03,-2.0996093750E+00
+1.2162500E-03,-1.0276381793E+00,+758.7939630E-03,-1.7944335944E+00
+1.2165000E-03,-884.4221011E-03,+562.8140643E-03,-1.4550781250E+00
+1.2167500E-03,-597.9899446E-03,+527.6381840E-03,-1.1328125000E+00
+1.2170000E-03,-479.8994930E-03,+324.1205989E-03,-810.5468750E-03
+1.2172500E-03,-402.0100459E-03,+80.4020092E-03,-488.2812500E-03
+1.2175000E-03,-236.1809032E-03,-118.0904516E-03,-124.5117194E-03
+1.2177500E-03,+57.7889447E-03,-160.8040184E-03,+212.4023444E-03
+1.2180000E-03,+319.0954746E-03,-165.8291427E-03,+480.9570306E-03
+1.2182500E-03,+241.2060276E-03,-625.6281334E-03,+861.8164056E-03
+1.2185000E-03,+359.2964792E-03,-766.3316495E-03,+1.1230468750E+00
+1.2187500E-03,+723.6180827E-03,-723.6180827E-03,+1.4453125000E+00
+1.2190000E-03,+806.5326540E-03,-962.3115481E-03,+1.7675781250E+00
+1.2192500E-03,+866.8341609E-03,-1.2236180780E+00,+2.0898437500E+00
+1.2195000E-03,+927.1356678E-03,-1.3994974743E+00,+2.3193359387E+00
+1.2197500E-03,+1.2060301378E+00,-1.3668341562E+00,+2.5683593750E+00
+1.2200000E-03,+1.4422110411E+00,-1.4522612897E+00,+2.8906250000E+00
+1.2202500E-03,+1.3316582759E+00,-1.7864321423E+00,+3.1155395501E+00
+1.2205000E-03,+1.4045225987E+00,-1.8542713357E+00,+3.2543945306E+00
+1.2207500E-03,+1.6432160641E+00,-1.7914572666E+00,+3.4323120124E+00
+1.2210000E-03,+1.6909547551E+00,-1.9271356584E+00,+3.6132812500E+00
+1.2212500E-03,+1.6080401838E+00,-2.0904522389E+00,+3.6914062500E+00
+1.2215000E-03,+1.7361808840E+00,-2.1231155570E+00,+3.8574218750E+00
+1.2217500E-03,+1.9296482205E+00,-2.0100502297E+00,+3.9355468750E+00
+1.2220000E-03,+1.9271356584E+00,-2.0150753540E+00,+3.9379882806E+00
+1.2222500E-03,+1.7688442022E+00,-2.1708542481E+00,+3.9355468750E+00
+1.2225000E-03,+1.8115577689E+00,-2.1281406814E+00,+3.9355468750E+00
+1.2227500E-03,+1.9070351561E+00,-1.9522612850E+00,+3.8574218750E+00
+1.2230000E-03,+1.6934673173E+00,-2.0854271146E+00,+3.7695312500E+00
+1.2232500E-03,+1.6432160641E+00,-2.0552763586E+00,+3.6914062500E+00
+1.2235000E-03,+1.6507537505E+00,-1.8442210870E+00,+3.4936523444E+00
+1.2237500E-03,+1.6532663127E+00,-1.7236180733E+00,+3.3691406250E+00
+1.2240000E-03,+1.4472361654E+00,-1.6859296308E+00,+3.1320190437E+00
+1.2242500E-03,+1.2688442069E+00,-1.6256281239E+00,+2.8906250000E+00
+1.2245000E-03,+1.2864321470E+00,-1.4472361654E+00,+2.7246093750E+00
+1.2247500E-03,+1.2638190826E+00,-1.1482411931E+00,+2.4023437500E+00
+1.2250000E-03,+964.8241103E-03,-1.0502512438E+00,+2.0071411120E+00
+1.2252500E-03,+597.9899446E-03,-1.2160803864E+00,+1.8093872057E+00
+1.2255000E-03,+675.8793917E-03,-851.7587829E-03,+1.5234375000E+00
+1.2257500E-03,+643.2160735E-03,-620.6030091E-03,+1.2573242194E+00
+1.2260000E-03,+326.6331611E-03,-635.6783871E-03,+954.5898444E-03
+1.2262500E-03,+125.6281381E-03,-437.1859262E-03,+556.6406250E-03
+1.2265000E-03,+42.7135667E-03,-198.4924608E-03,+234.3750000E-03
+1.2267500E-03,-22.6130644E-03,+57.7889447E-03,-87.8906250E-03
+1.2270000E-03,-243.7185897E-03,+155.7788941E-03,-407.4096687E-03
+1.2272500E-03,-580.4020045E-03,+97.9899493E-03,-680.8471693E-03
+1.2275000E-03,-567.8391886E-03,+439.6984884E-03,-1.0134887688E+00
+1.2277500E-03,-746.2311471E-03,+643.2160735E-03,-1.3919067376E+00
+1.2280000E-03,-1.1206030044E+00,+565.3266265E-03,-1.6870117194E+00
+1.2282500E-03,-1.1608040090E+00,+786.4321517E-03,-1.9506835944E+00
+1.2285000E-03,-1.2386934560E+00,+974.8743588E-03,-2.2192382806E+00
+1.2287500E-03,-1.3668341562E+00,+1.1482411931E+00,-2.5219726556E+00
+1.2290000E-03,-1.6080401838E+00,+1.2035175757E+00,-2.8195190437E+00
+1.2292500E-03,-1.7688442022E+00,+1.2864321470E+00,-3.0566406250E+00
+1.2295000E-03,-1.7261306354E+00,+1.4849246079E+00,-3.2177734388E+00
+1.2297500E-03,-1.7914572666E+00,+1.5276381746E+00,-3.3227539056E+00
+1.2300000E-03,-2.0879396768E+00,+1.3718592805E+00,-3.4692382806E+00
+1.2302500E-03,-2.1356783678E+00,+1.5452261147E+00,-3.6840820306E+00
+1.2305000E-03,-2.0050251054E+00,+1.8115577689E+00,-3.8204956062E+00
+1.2307500E-03,-2.0452261100E+00,+1.7914572666E+00,-3.8424682624E+00
+1.2310000E-03,-2.1733668102E+00,+1.6859296308E+00,-3.8671875000E+00
+1.2312500E-03,-2.1708542481E+00,+1.8316582712E+00,-4.0063476556E+00
+1.2315000E-03,-2.0527637965E+00,+1.9296482205E+00,-3.9868164056E+00
+1.2317500E-03,-2.0326632942E+00,+1.9648241009E+00,-4.0014648444E+00
+1.2320000E-03,-2.1683416860E+00,+1.6105527459E+00,-3.7792968750E+00
+1.2322500E-03,-2.1356783678E+00,+1.5804019951E+00,-3.7182617194E+00
+1.2325000E-03,-1.8115577689E+00,+1.8065326446E+00,-3.6230468750E+00
+1.2327500E-03,-1.7462311377E+00,+1.6532663127E+00,-3.4036254876E+00
+1.2330000E-03,-1.7713567643E+00,+1.4472361654E+00,-3.2250976556E+00
+1.2332500E-03,-1.6256281239E+00,+1.4120602851E+00,-3.0395507806E+00
+1.2335000E-03,-1.3668341562E+00,+1.4472361654E+00,-2.8222656250E+00
+1.2337500E-03,-1.2864321470E+00,+1.2638190826E+00,-2.5561523444E+00
+1.2340000E-03,-1.2085427000E+00,+964.8241103E-03,-2.1801757806E+00
+1.2342500E-03,-1.1080401885E+00,+902.0100412E-03,-2.0117187500E+00
+1.2345000E-03,-804.0200919E-03,+841.7085343E-03,-1.6479492194E+00
+1.2347500E-03,-758.7939630E-03,+665.8291379E-03,-1.4303588874E+00
+1.2350000E-03,-718.5929584E-03,+324.1205989E-03,-1.0519409187E+00
+1.2352500E-03,-356.7839171E-03,+366.8341656E-03,-732.4218750E-03
+1.2355000E-03,-236.1809033E-03,+170.8542669E-03,-410.4614244E-03
+1.2357500E-03,-103.0150736E-03,+35.1758803E-03,-144.0429694E-03
+1.2360000E-03,+70.3517607E-03,-248.7437140E-03,+310.0585944E-03
+1.2362500E-03,+286.4321564E-03,-321.6080368E-03,+600.5859362E-03
+1.2365000E-03,+520.1004976E-03,-444.7236127E-03,+957.0312500E-03
+1.2367500E-03,+424.6231104E-03,-723.6180827E-03,+1.1450195306E+00
+1.2370000E-03,+484.9246173E-03,-1.0427135573E+00,+1.5234375000E+00
+1.2372500E-03,+821.6080321E-03,-964.8241103E-03,+1.7846679694E+00
+1.2375000E-03,+1.0502512437E+00,-1.0778894377E+00,+2.1264648444E+00
+1.2377500E-03,+929.6482299E-03,-1.4246231010E+00,+2.3461914056E+00
+1.2380000E-03,+1.1231155665E+00,-1.5301507367E+00,+2.6464843750E+00
+1.2382500E-03,+1.3492462160E+00,-1.5276381746E+00,+2.8735351556E+00
+1.2385000E-03,+1.5276381746E+00,-1.6080401838E+00,+3.1347656250E+00
+1.2387500E-03,+1.4472361654E+00,-1.7914572666E+00,+3.2348632806E+00
+1.2390000E-03,+1.4547738518E+00,-2.0829145525E+00,+3.5351562500E+00
+1.2392500E-03,+1.7412060135E+00,-1.9748743494E+00,+3.7084960944E+00
+1.2395000E-03,+1.8869346538E+00,-1.9296482205E+00,+3.8107299812E+00
+1.2397500E-03,+1.7110552574E+00,-2.1482411837E+00,+3.8574218750E+00
+1.2400000E-03,+1.7688442022E+00,-2.1708542481E+00,+3.9355468750E+00
+1.2402500E-03,+1.9924622896E+00,-2.0276381699E+00,+4.0136718750E+00
+1.2405000E-03,+1.9246230963E+00,-2.0527637965E+00,+3.9721679694E+00
+1.2407500E-03,+1.8040200825E+00,-2.0552763586E+00,+3.8574218750E+00
+1.2410000E-03,+1.7688442022E+00,-2.0904522389E+00,+3.8574218750E+00
+1.2412500E-03,+1.8040200825E+00,-1.9120602804E+00,+3.7084960944E+00
+1.2415000E-03,+1.7688442022E+00,-1.8115577689E+00,+3.5766601556E+00
+1.2417500E-03,+1.5728643034E+00,-1.9070351561E+00,+3.4790039056E+00
+1.2420000E-03,+1.5301507367E+00,-1.7688442022E+00,+3.2934570306E+00
+1.2422500E-03,+1.5452261148E+00,-1.4648241056E+00,+3.0050659193E+00
+1.2425000E-03,+1.4095477229E+00,-1.4472361654E+00,+2.8540039056E+00
+1.2427500E-03,+1.1256281286E+00,-1.4120602851E+00,+2.5341796862E+00
+1.2430000E-03,+1.1959798893E+00,-1.1381909393E+00,+2.3266601556E+00
+1.2432500E-03,+999.9999906E-03,-1.0904522483E+00,+2.0898437500E+00
+1.2435000E-03,+884.4221011E-03,-927.1356678E-03,+1.8090820306E+00
+1.2437500E-03,+505.0251196E-03,-884.4221011E-03,+1.3821411126E+00
+1.2440000E-03,+404.5226081E-03,-721.1055206E-03,+1.1230468750E+00
+1.2442500E-03,+464.8241150E-03,-339.1959769E-03,+800.7812500E-03
+1.2445000E-03,+208.5427093E-03,-273.8693458E-03,+478.5156250E-03
+1.2447500E-03,-160.8040184E-03,-321.6080368E-03,+156.2500000E-03
+1.2450000E-03,-165.8291426E-03,-5.0251242E-03,-166.0156250E-03
+1.2452500E-03,-241.2060276E-03,+241.2060276E-03,-488.2812500E-03
+1.2455000E-03,-487.4371794E-03,+316.5829125E-03,-810.5468750E-03
+1.2457500E-03,-781.4070275E-03,+379.3969815E-03,-1.1669921888E+00
+1.2460000E-03,-957.2864239E-03,+487.4371794E-03,-1.4523315437E+00
+1.2462500E-03,-947.2361701E-03,+821.6080321E-03,-1.7773437500E+00
+1.2465000E-03,-1.2010050136E+00,+846.7336586E-03,-2.0529174812E+00
+1.2467500E-03,-1.4246231010E+00,+942.2110459E-03,-2.3681640638E+00
+1.2470000E-03,-1.3693467183E+00,+1.2035175757E+00,-2.5781250000E+00
+1.2472500E-03,-1.5276381746E+00,+1.2864321470E+00,-2.8222656250E+00
+1.2475000E-03,-1.7311557597E+00,+1.3241205895E+00,-3.0566406250E+00
+1.2477500E-03,,,
x-axis,FFT
Hertz,dBV
+0E+00,-31.054688E+00
+100E+00,-31.023968E+00
+200E+00,-30.993248E+00
+300E+00,-30.962528E+00
+400E+00,-30.931808E+00
+500E+00,-30.901088E+00
+600E+00,-30.870368E+00
+700E+00,-30.839648E+00
+800E+00,-30.808928E+00
+900E+00,-30.778208E+00
+1.000E+03,-31.051088E+00
+1.100E+03,-31.675728E+00
+1.200E+03,-32.300368E+00
+1.300E+03,-32.925008E+00
+1.400E+03,-33.549648E+00
+1.500E+03,-34.174288E+00
+1.600E+03,-34.798928E+00
+1.700E+03,-35.423568E+00
+1.800E+03,-36.048208E+00
+1.900E+03,-36.672848E+00
+2.000E+03,-38.094438E+00
+2.100E+03,-39.579238E+00
+2.200E+03,-41.064038E+00
+2.300E+03,-42.548838E+00
+2.400E+03,-44.033638E+00
+2.500E+03,-45.518438E+00
+2.600E+03,-47.003238E+00
+2.700E+03,-48.488038E+00
+2.800E+03,-49.972838E+00
+2.900E+03,-51.014609E+00
+3.000E+03,-51.362769E+00
+3.100E+03,-51.710929E+00
+3.200E+03,-52.059089E+00
+3.300E+03,-52.407249E+00
+3.400E+03,-52.755409E+00
+3.500E+03,-53.103569E+00
+3.600E+03,-53.451729E+00
+3.700E+03,-53.799889E+00
+3.800E+03,-54.148049E+00
+3.900E+03,-54.024519E+00
+4.000E+03,-53.819719E+00
+4.100E+03,-53.614919E+00
+4.200E+03,-53.410119E+00
+4.300E+03,-53.205319E+00
+4.400E+03,-53.000519E+00
+4.500E+03,-52.795719E+00
+4.600E+03,-52.590919E+00
+4.700E+03,-52.386119E+00
+4.800E+03,-52.259049E+00
+4.900E+03,-52.300009E+00
+5.000E+03,-52.340969E+00
+5.100E+03,-52.381929E+00
+5.200E+03,-52.422889E+00
+5.300E+03,-52.463849E+00
+5.400E+03,-52.504809E+00
+5.500E+03,-52.545769E+00
+5.600E+03,-52.586729E+00
+5.700E+03,-52.627689E+00
+5.800E+03,-52.804351E+00
+5.900E+03,-53.019391E+00
+6.000E+03,-53.234431E+00
+6.100E+03,-53.449471E+00
+6.200E+03,-53.664511E+00
+6.300E+03,-53.879551E+00
+6.400E+03,-54.094591E+00
+6.500E+03,-54.309631E+00
+6.600E+03,-54.524671E+00
+6.700E+03,-54.933639E+00
+6.800E+03,-55.947399E+00
+6.900E+03,-56.961159E+00
+7.000E+03,-57.974919E+00
+7.100E+03,-58.988679E+00
+7.200E+03,-60.002439E+00
+7.300E+03,-61.016199E+00
+7.400E+03,-62.029959E+00
+7.500E+03,-63.043719E+00
+7.600E+03,-64.057479E+00
+7.700E+03,-63.986739E+00
+7.800E+03,-63.464499E+00
+7.900E+03,-62.942259E+00
+8.000E+03,-62.420019E+00
+8.100E+03,-61.897779E+00
+8.200E+03,-61.375539E+00
+8.300E+03,-60.853299E+00
+8.400E+03,-60.331059E+00
+8.500E+03,-59.808819E+00
+8.600E+03,-59.364598E+00
+8.700E+03,-59.303158E+00
+8.800E+03,-59.241718E+00
+8.900E+03,-59.180278E+00
+9.000E+03,-59.118838E+00
+9.100E+03,-59.057398E+00
+9.200E+03,-58.995958E+00
+9.300E+03,-58.934518E+00
+9.400E+03,-58.873078E+00
+9.500E+03,-58.811638E+00
+9.600E+03,-58.555873E+00
+9.700E+03,-58.187233E+00
+9.800E+03,-57.818593E+00
+9.900E+03,-57.449953E+00
+10.000E+03,-57.081313E+00
+10.100E+03,-56.712673E+00
+10.200E+03,-56.344033E+00
+10.300E+03,-55.975393E+00
+10.400E+03,-55.606753E+00
+10.500E+03,-55.348013E+00
+10.600E+03,-56.126253E+00
+10.700E+03,-56.904493E+00
+10.800E+03,-57.682733E+00
+10.900E+03,-58.460973E+00
+11.000E+03,-59.239213E+00
+11.100E+03,-60.017453E+00
+11.200E+03,-60.795693E+00
+11.300E+03,-61.573933E+00
+11.400E+03,-62.352173E+00
+11.500E+03,-62.506388E+00
+11.600E+03,-62.168468E+00
+11.700E+03,-61.830548E+00
+11.800E+03,-61.492628E+00
+11.900E+03,-61.154708E+00
+12.000E+03,-60.816788E+00
+12.100E+03,-60.478868E+00
+12.200E+03,-60.140948E+00
+12.300E+03,-59.803028E+00
+12.400E+03,-59.476088E+00
+12.500E+03,-59.629688E+00
+12.600E+03,-59.783288E+00
+12.700E+03,-59.936888E+00
+12.800E+03,-60.090488E+00
+12.900E+03,-60.244088E+00
+13.000E+03,-60.397688E+00
+13.100E+03,-60.551288E+00
+13.200E+03,-60.704888E+00
+13.300E+03,-60.858488E+00
+13.400E+03,-60.773408E+00
+13.500E+03,-60.435488E+00
+13.600E+03,-60.097568E+00
+13.700E+03,-59.759648E+00
+13.800E+03,-59.421728E+00
+13.900E+03,-59.083808E+00
+14.000E+03,-58.745888E+00
+14.100E+03,-58.407968E+00
+14.200E+03,-58.070048E+00
+14.300E+03,-57.732128E+00
+14.400E+03,-58.132643E+00
+14.500E+03,-58.572963E+00
+14.600E+03,-59.013283E+00
+14.700E+03,-59.453603E+00
+14.800E+03,-59.893923E+00
+14.900E+03,-60.334243E+00
+15.000E+03,-60.774563E+00
+15.100E+03,-61.214883E+00
+15.200E+03,-61.655203E+00
+15.300E+03,-62.125063E+00
+15.400E+03,-62.637063E+00
+15.500E+03,-63.149063E+00
+15.600E+03,-63.661063E+00
+15.700E+03,-64.173063E+00
+15.800E+03,-64.685063E+00
+15.900E+03,-65.197063E+00
+16.000E+03,-65.709063E+00
+16.100E+03,-66.221063E+00
+16.200E+03,-66.733063E+00
+16.300E+03,-66.877549E+00
+16.400E+03,-66.969709E+00
+16.500E+03,-67.061869E+00
+16.600E+03,-67.154029E+00
+16.700E+03,-67.246189E+00
+16.800E+03,-67.338349E+00
+16.900E+03,-67.430509E+00
+17.000E+03,-67.522669E+00
+17.100E+03,-67.614829E+00
+17.200E+03,-67.360239E+00
+17.300E+03,-66.428399E+00
+17.400E+03,-65.496559E+00
+17.500E+03,-64.564719E+00
+17.600E+03,-63.632879E+00
+17.700E+03,-62.701039E+00
+17.800E+03,-61.769199E+00
+17.900E+03,-60.837359E+00
+18.000E+03,-59.905519E+00
+18.100E+03,-58.973679E+00
+18.200E+03,-59.166780E+00
+18.300E+03,-59.637820E+00
+18.400E+03,-60.108860E+00
+18.500E+03,-60.579900E+00
+18.600E+03,-61.050940E+00
+18.700E+03,-61.521980E+00
+18.800E+03,-61.993020E+00
+18.900E+03,-62.464060E+00
+19.000E+03,-62.935100E+00
+19.100E+03,-63.436005E+00
+19.200E+03,-64.019685E+00
+19.300E+03,-64.603365E+00
+19.400E+03,-65.187045E+00
+19.500E+03,-65.770725E+00
+19.600E+03,-66.354405E+00
+19.700E+03,-66.938085E+00
+19.800E+03,-67.521765E+00
+19.900E+03,-68.105445E+00
+20.000E+03,-68.689125E+00
+20.100E+03,-69.272805E+00
+20.200E+03,-69.856485E+00
+20.300E+03,-70.440165E+00
+20.400E+03,-71.023845E+00
+20.500E+03,-71.607525E+00
+20.600E+03,-72.191205E+00
+20.700E+03,-72.774885E+00
+20.800E+03,-73.358565E+00
+20.900E+03,-73.942245E+00
+21.000E+03,-74.117725E+00
+21.100E+03,-72.571485E+00
+21.200E+03,-71.025245E+00
+21.300E+03,-69.479005E+00
+21.400E+03,-67.932765E+00
+21.500E+03,-66.386525E+00
+21.600E+03,-64.840285E+00
+21.700E+03,-63.294045E+00
+21.800E+03,-61.747805E+00
+21.900E+03,-60.201565E+00
+22.000E+03,-59.761856E+00
+22.100E+03,-59.905216E+00
+22.200E+03,-60.048576E+00
+22.300E+03,-60.191936E+00
+22.400E+03,-60.335296E+00
+22.500E+03,-60.478656E+00
+22.600E+03,-60.622016E+00
+22.700E+03,-60.765376E+00
+22.800E+03,-60.908736E+00
+22.900E+03,-61.133166E+00
+23.000E+03,-61.962606E+00
+23.100E+03,-62.792046E+00
+23.200E+03,-63.621486E+00
+23.300E+03,-64.450926E+00
+23.400E+03,-65.280366E+00
+23.500E+03,-66.109806E+00
+23.600E+03,-66.939246E+00
+23.700E+03,-67.768686E+00
+23.800E+03,-68.598126E+00
+23.900E+03,-68.564273E+00
+24.000E+03,-67.908913E+00
+24.100E+03,-67.253553E+00
+24.200E+03,-66.598193E+00
+24.300E+03,-65.942833E+00
+24.400E+03,-65.287473E+00
+24.500E+03,-64.632113E+00
+24.600E+03,-63.976753E+00
+24.700E+03,-63.321393E+00
+24.800E+03,-62.684333E+00
+24.900E+03,-62.438573E+00
+25.000E+03,-62.192813E+00
+25.100E+03,-61.947053E+00
+25.200E+03,-61.701293E+00
+25.300E+03,-61.455533E+00
+25.400E+03,-61.209773E+00
+25.500E+03,-60.964013E+00
+25.600E+03,-60.718253E+00
+25.700E+03,-60.472493E+00
+25.800E+03,-60.341160E+00
+25.900E+03,-60.320680E+00
+26.000E+03,-60.300200E+00
+26.100E+03,-60.279720E+00
+26.200E+03,-60.259240E+00
+26.300E+03,-60.238760E+00
+26.400E+03,-60.218280E+00
+26.500E+03,-60.197800E+00
+26.600E+03,-60.177320E+00
+26.700E+03,-60.156840E+00
+26.800E+03,-61.170640E+00
+26.900E+03,-62.215120E+00
+27.000E+03,-63.259600E+00
+27.100E+03,-64.304080E+00
+27.200E+03,-65.348560E+00
+27.300E+03,-66.393040E+00
+27.400E+03,-67.437520E+00
+27.500E+03,-68.482000E+00
+27.600E+03,-69.526480E+00
+27.700E+03,-69.916994E+00
+27.800E+03,-69.456194E+00
+27.900E+03,-68.995394E+00
+28.000E+03,-68.534594E+00
+28.100E+03,-68.073794E+00
+28.200E+03,-67.612994E+00
+28.300E+03,-67.152194E+00
+28.400E+03,-66.691394E+00
+28.500E+03,-66.230594E+00
+28.600E+03,-65.769794E+00
+28.700E+03,-66.237436E+00
+28.800E+03,-66.810876E+00
+28.900E+03,-67.384316E+00
+29.000E+03,-67.957756E+00
+29.100E+03,-68.531196E+00
+29.200E+03,-69.104636E+00
+29.300E+03,-69.678076E+00
+29.400E+03,-70.251516E+00
+29.500E+03,-70.824956E+00
+29.600E+03,-71.095304E+00
+29.700E+03,-70.829064E+00
+29.800E+03,-70.562824E+00
+29.900E+03,-70.296584E+00
+30.000E+03,-70.030344E+00
+30.100E+03,-69.764104E+00
+30.200E+03,-69.497864E+00
+30.300E+03,-69.231624E+00
+30.400E+03,-68.965384E+00
+30.500E+03,-68.699144E+00
+30.600E+03,-68.416024E+00
+30.700E+03,-68.129304E+00
+30.800E+03,-67.842584E+00
+30.900E+03,-67.555864E+00
+31.000E+03,-67.269144E+00
+31.100E+03,-66.982424E+00
+31.200E+03,-66.695704E+00
+31.300E+03,-66.408984E+00
+31.400E+03,-66.122264E+00
+31.500E+03,-65.735456E+00
+31.600E+03,-65.100576E+00
+31.700E+03,-64.465696E+00
+31.800E+03,-63.830816E+00
+31.900E+03,-63.195936E+00
+32.000E+03,-62.561056E+00
+32.100E+03,-61.926176E+00
+32.200E+03,-61.291296E+00
+32.300E+03,-60.656416E+00
+32.400E+03,-60.021536E+00
+32.500E+03,-60.155406E+00
+32.600E+03,-60.544526E+00
+32.700E+03,-60.933646E+00
+32.800E+03,-61.322766E+00
+32.900E+03,-61.711886E+00
+33.000E+03,-62.101006E+00
+33.100E+03,-62.490126E+00
+33.200E+03,-62.879246E+00
+33.300E+03,-63.268366E+00
+33.400E+03,-63.482186E+00
+33.500E+03,-63.052106E+00
+33.600E+03,-62.622026E+00
+33.700E+03,-62.191946E+00
+33.800E+03,-61.761866E+00
+33.900E+03,-61.331786E+00
+34.000E+03,-60.901706E+00
+34.100E+03,-60.471626E+00
+34.200E+03,-60.041546E+00
+34.300E+03,-59.611466E+00
+34.400E+03,-59.763926E+00
+34.500E+03,-60.194006E+00
+34.600E+03,-60.624086E+00
+34.700E+03,-61.054166E+00
+34.800E+03,-61.484246E+00
+34.900E+03,-61.914326E+00
+35.000E+03,-62.344406E+00
+35.100E+03,-62.774486E+00
+35.200E+03,-63.204566E+00
+35.300E+03,-63.486455E+00
+35.400E+03,-62.861815E+00
+35.500E+03,-62.237175E+00
+35.600E+03,-61.612535E+00
+35.700E+03,-60.987895E+00
+35.800E+03,-60.363255E+00
+35.900E+03,-59.738615E+00
+36.000E+03,-59.113975E+00
+36.100E+03,-58.489335E+00
+36.200E+03,-57.864695E+00
+36.300E+03,-57.913948E+00
+36.400E+03,-58.405468E+00
+36.500E+03,-58.896988E+00
+36.600E+03,-59.388508E+00
+36.700E+03,-59.880028E+00
+36.800E+03,-60.371548E+00
+36.900E+03,-60.863068E+00
+37.000E+03,-61.354588E+00
+37.100E+03,-61.846108E+00
+37.200E+03,-62.261454E+00
+37.300E+03,-61.616334E+00
+37.400E+03,-60.971214E+00
+37.500E+03,-60.326094E+00
+37.600E+03,-59.680974E+00
+37.700E+03,-59.035854E+00
+37.800E+03,-58.390734E+00
+37.900E+03,-57.745614E+00
+38.000E+03,-57.100494E+00
+38.100E+03,-56.455374E+00
+38.200E+03,-56.711634E+00
+38.300E+03,-57.766354E+00
+38.400E+03,-58.821074E+00
+38.500E+03,-59.875794E+00
+38.600E+03,-60.930514E+00
+38.700E+03,-61.985234E+00
+38.800E+03,-63.039954E+00
+38.900E+03,-64.094674E+00
+39.000E+03,-65.149394E+00
+39.100E+03,-66.204114E+00
+39.200E+03,-64.684875E+00
+39.300E+03,-63.148875E+00
+39.400E+03,-61.612875E+00
+39.500E+03,-60.076875E+00
+39.600E+03,-58.540875E+00
+39.700E+03,-57.004875E+00
+39.800E+03,-55.468875E+00
+39.900E+03,-53.932875E+00
+40.000E+03,-52.396875E+00
+40.100E+03,-52.067670E+00
+40.200E+03,-53.173590E+00
+40.300E+03,-54.279510E+00
+40.400E+03,-55.385430E+00
+40.500E+03,-56.491350E+00
+40.600E+03,-57.597270E+00
+40.700E+03,-58.703190E+00
+40.800E+03,-59.809110E+00
+40.900E+03,-60.915030E+00
+41.000E+03,-62.020950E+00
+41.100E+03,-60.978825E+00
+41.200E+03,-59.750025E+00
+41.300E+03,-58.521225E+00
+41.400E+03,-57.292425E+00
+41.500E+03,-56.063625E+00
+41.600E+03,-54.834825E+00
+41.700E+03,-53.606025E+00
+41.800E+03,-52.377225E+00
+41.900E+03,-51.148425E+00
+42.000E+03,-50.759575E+00
+42.100E+03,-51.722135E+00
+42.200E+03,-52.684695E+00
+42.300E+03,-53.647255E+00
+42.400E+03,-54.609815E+00
+42.500E+03,-55.572375E+00
+42.600E+03,-56.534935E+00
+42.700E+03,-57.497495E+00
+42.800E+03,-58.460055E+00
+42.900E+03,-59.422615E+00
+43.000E+03,-58.426038E+00
+43.100E+03,-57.074358E+00
+43.200E+03,-55.722678E+00
+43.300E+03,-54.370998E+00
+43.400E+03,-53.019318E+00
+43.500E+03,-51.667638E+00
+43.600E+03,-50.315958E+00
+43.700E+03,-48.964278E+00
+43.800E+03,-47.612598E+00
+43.900E+03,-46.974730E+00
+44.000E+03,-47.927050E+00
+44.100E+03,-48.879370E+00
+44.200E+03,-49.831690E+00
+44.300E+03,-50.784010E+00
+44.400E+03,-51.736330E+00
+44.500E+03,-52.688650E+00
+44.600E+03,-53.640970E+00
+44.700E+03,-54.593290E+00
+44.800E+03,-55.545610E+00
+44.900E+03,-54.526784E+00
+45.000E+03,-52.929344E+00
+45.100E+03,-51.331904E+00
+45.200E+03,-49.734464E+00
+45.300E+03,-48.137024E+00
+45.400E+03,-46.539584E+00
+45.500E+03,-44.942144E+00
+45.600E+03,-43.344704E+00
+45.700E+03,-41.747264E+00
+45.800E+03,-40.614464E+00
+45.900E+03,-40.983104E+00
+46.000E+03,-41.351744E+00
+46.100E+03,-41.720384E+00
+46.200E+03,-42.089024E+00
+46.300E+03,-42.457664E+00
+46.400E+03,-42.826304E+00
+46.500E+03,-43.194944E+00
+46.600E+03,-43.563584E+00
+46.700E+03,-43.932224E+00
+46.800E+03,-43.426886E+00
+46.900E+03,-42.546246E+00
+47.000E+03,-41.665606E+00
+47.100E+03,-40.784966E+00
+47.200E+03,-39.904326E+00
+47.300E+03,-39.023686E+00
+47.400E+03,-38.143046E+00
+47.500E+03,-37.262406E+00
+47.600E+03,-36.381766E+00
+47.700E+03,-35.647866E+00
+47.800E+03,-35.668346E+00
+47.900E+03,-35.688826E+00
+48.000E+03,-35.709306E+00
+48.100E+03,-35.729786E+00
+48.200E+03,-35.750266E+00
+48.300E+03,-35.770746E+00
+48.400E+03,-35.791226E+00
+48.500E+03,-35.811706E+00
+48.600E+03,-35.832186E+00
+48.700E+03,-35.301299E+00
+48.800E+03,-34.441139E+00
+48.900E+03,-33.580979E+00
+49.000E+03,-32.720819E+00
+49.100E+03,-31.860659E+00
+49.200E+03,-31.000499E+00
+49.300E+03,-30.140339E+00
+49.400E+03,-29.280179E+00
+49.500E+03,-28.420019E+00
+49.600E+03,-27.600119E+00
+49.700E+03,-27.190519E+00
+49.800E+03,-26.780919E+00
+49.900E+03,-26.371319E+00
+50.000E+03,-25.961719E+00
+50.100E+03,-25.552119E+00
+50.200E+03,-25.142519E+00
+50.300E+03,-24.732919E+00
+50.400E+03,-24.323319E+00
+50.500E+03,-23.913719E+00
+50.600E+03,-23.249475E+00
+50.700E+03,-22.379075E+00
+50.800E+03,-21.508675E+00
+50.900E+03,-20.638275E+00
+51.000E+03,-19.767875E+00
+51.100E+03,-18.897475E+00
+51.200E+03,-18.027075E+00
+51.300E+03,-17.156675E+00
+51.400E+03,-16.286275E+00
+51.500E+03,-15.406613E+00
+51.600E+03,-13.952533E+00
+51.700E+03,-12.498453E+00
+51.800E+03,-11.044373E+00
+51.900E+03,-9.590293E+00
+52.000E+03,-8.136213E+00
+52.100E+03,-6.682133E+00
+52.200E+03,-5.228053E+00
+52.300E+03,-3.773973E+00
+52.400E+03,-2.319893E+00
+52.500E+03,-1.233781E+00
+52.600E+03,-547.701E-03
+52.700E+03,+138.379E-03
+52.800E+03,+824.459E-03
+52.900E+03,+1.510539E+00
+53.000E+03,+2.196619E+00
+53.100E+03,+2.882699E+00
+53.200E+03,+3.568779E+00
+53.300E+03,+4.254859E+00
+53.400E+03,+4.940939E+00
+53.500E+03,+5.289269E+00
+53.600E+03,+5.616949E+00
+53.700E+03,+5.944629E+00
+53.800E+03,+6.272309E+00
+53.900E+03,+6.599989E+00
+54.000E+03,+6.927669E+00
+54.100E+03,+7.255349E+00
+54.200E+03,+7.583029E+00
+54.300E+03,+7.910709E+00
+54.400E+03,+8.126238E+00
+54.500E+03,+8.177438E+00
+54.600E+03,+8.228637E+00
+54.700E+03,+8.279838E+00
+54.800E+03,+8.331037E+00
+54.900E+03,+8.382238E+00
+55.000E+03,+8.433438E+00
+55.100E+03,+8.484637E+00
+55.200E+03,+8.535838E+00
+55.300E+03,+8.587037E+00
+55.400E+03,+8.398005E+00
+55.500E+03,+8.172725E+00
+55.600E+03,+7.947445E+00
+55.700E+03,+7.722165E+00
+55.800E+03,+7.496885E+00
+55.900E+03,+7.271605E+00
+56.000E+03,+7.046325E+00
+56.100E+03,+6.821045E+00
+56.200E+03,+6.595765E+00
+56.300E+03,+6.261645E+00
+56.400E+03,+5.708685E+00
+56.500E+03,+5.155725E+00
+56.600E+03,+4.602765E+00
+56.700E+03,+4.049805E+00
+56.800E+03,+3.496845E+00
+56.900E+03,+2.943885E+00
+57.000E+03,+2.390925E+00
+57.100E+03,+1.837965E+00
+57.200E+03,+1.285005E+00
+57.300E+03,+308.505E-03
+57.400E+03,-776.935E-03
+57.500E+03,-1.862375E+00
+57.600E+03,-2.947815E+00
+57.700E+03,-4.033255E+00
+57.800E+03,-5.118695E+00
+57.900E+03,-6.204135E+00
+58.000E+03,-7.289575E+00
+58.100E+03,-8.375015E+00
+58.200E+03,-9.786251E+00
+58.300E+03,-12.131211E+00
+58.400E+03,-14.476171E+00
+58.500E+03,-16.821131E+00
+58.600E+03,-19.166091E+00
+58.700E+03,-21.511051E+00
+58.800E+03,-23.856011E+00
+58.900E+03,-26.200971E+00
+59.000E+03,-28.545931E+00
+59.100E+03,-30.890891E+00
+59.200E+03,-30.966354E+00
+59.300E+03,-30.167634E+00
+59.400E+03,-29.368914E+00
+59.500E+03,-28.570194E+00
+59.600E+03,-27.771474E+00
+59.700E+03,-26.972754E+00
+59.800E+03,-26.174034E+00
+59.900E+03,-25.375314E+00
+60.000E+03,-24.576594E+00
+60.100E+03,-24.555336E+00
+60.200E+03,-27.955016E+00
+60.300E+03,-31.354696E+00
+60.400E+03,-34.754376E+00
+60.500E+03,-38.154056E+00
+60.600E+03,-41.553736E+00
+60.700E+03,-44.953416E+00
+60.800E+03,-48.353096E+00
+60.900E+03,-51.752776E+00
+61.000E+03,-55.152456E+00
+61.100E+03,-54.760696E+00
+61.200E+03,-52.313336E+00
+61.300E+03,-49.865976E+00
+61.400E+03,-47.418616E+00
+61.500E+03,-44.971256E+00
+61.600E+03,-42.523896E+00
+61.700E+03,-40.076536E+00
+61.800E+03,-37.629176E+00
+61.900E+03,-35.181816E+00
+62.000E+03,-33.285744E+00
+62.100E+03,-35.774064E+00
+62.200E+03,-38.262384E+00
+62.300E+03,-40.750704E+00
+62.400E+03,-43.239024E+00
+62.500E+03,-45.727344E+00
+62.600E+03,-48.215664E+00
+62.700E+03,-50.703984E+00
+62.800E+03,-53.192304E+00
+62.900E+03,-55.680624E+00
+63.000E+03,-55.702081E+00
+63.100E+03,-53.899841E+00
+63.200E+03,-52.097601E+00
+63.300E+03,-50.295361E+00
+63.400E+03,-48.493121E+00
+63.500E+03,-46.690881E+00
+63.600E+03,-44.888641E+00
+63.700E+03,-43.086401E+00
+63.800E+03,-41.284161E+00
+63.900E+03,-39.612599E+00
+64.000E+03,-41.230519E+00
+64.100E+03,-42.848439E+00
+64.200E+03,-44.466359E+00
+64.300E+03,-46.084279E+00
+64.400E+03,-47.702199E+00
+64.500E+03,-49.320119E+00
+64.600E+03,-50.938039E+00
+64.700E+03,-52.555959E+00
+64.800E+03,-54.173879E+00
+64.900E+03,-54.384809E+00
+65.000E+03,-53.196969E+00
+65.100E+03,-52.009129E+00
+65.200E+03,-50.821289E+00
+65.300E+03,-49.633449E+00
+65.400E+03,-48.445609E+00
+65.500E+03,-47.257769E+00
+65.600E+03,-46.069929E+00
+65.700E+03,-44.882089E+00
+65.800E+03,-43.694249E+00
+65.900E+03,-44.472280E+00
+66.000E+03,-45.322200E+00
+66.100E+03,-46.172120E+00
+66.200E+03,-47.022040E+00
+66.300E+03,-47.871960E+00
+66.400E+03,-48.721880E+00
+66.500E+03,-49.571800E+00
+66.600E+03,-50.421720E+00
+66.700E+03,-51.271640E+00
+66.800E+03,-51.762195E+00
+66.900E+03,-51.772435E+00
+67.000E+03,-51.782675E+00
+67.100E+03,-51.792915E+00
+67.200E+03,-51.803155E+00
+67.300E+03,-51.813395E+00
+67.400E+03,-51.823635E+00
+67.500E+03,-51.833875E+00
+67.600E+03,-51.844115E+00
+67.700E+03,-51.854355E+00
+67.800E+03,-53.187901E+00
+67.900E+03,-54.682941E+00
+68.000E+03,-56.177981E+00
+68.100E+03,-57.673021E+00
+68.200E+03,-59.168061E+00
+68.300E+03,-60.663101E+00
+68.400E+03,-62.158141E+00
+68.500E+03,-63.653181E+00
+68.600E+03,-65.148221E+00
+68.700E+03,-65.485291E+00
+68.800E+03,-63.713771E+00
+68.900E+03,-61.942251E+00
+69.000E+03,-60.170731E+00
+69.100E+03,-58.399211E+00
+69.200E+03,-56.627691E+00
+69.300E+03,-54.856171E+00
+69.400E+03,-53.084651E+00
+69.500E+03,-51.313131E+00
+69.600E+03,-49.541611E+00
+69.700E+03,-49.478336E+00
+69.800E+03,-49.795776E+00
+69.900E+03,-50.113216E+00
+70.000E+03,-50.430656E+00
+70.100E+03,-50.748096E+00
+70.200E+03,-51.065536E+00
+70.300E+03,-51.382976E+00
+70.400E+03,-51.700416E+00
+70.500E+03,-52.017856E+00
+70.600E+03,-52.490681E+00
+70.700E+03,-53.361081E+00
+70.800E+03,-54.231481E+00
+70.900E+03,-55.101881E+00
+71.000E+03,-55.972281E+00
+71.100E+03,-56.842681E+00
+71.200E+03,-57.713081E+00
+71.300E+03,-58.583481E+00
+71.400E+03,-59.453881E+00
+71.500E+03,-60.324281E+00
+71.600E+03,-60.493526E+00
+71.700E+03,-60.421846E+00
+71.800E+03,-60.350166E+00
+71.900E+03,-60.278486E+00
+72.000E+03,-60.206806E+00
+72.100E+03,-60.135126E+00
+72.200E+03,-60.063446E+00
+72.300E+03,-59.991766E+00
+72.400E+03,-59.920086E+00
+72.500E+03,-59.954656E+00
+72.600E+03,-60.394976E+00
+72.700E+03,-60.835296E+00
+72.800E+03,-61.275616E+00
+72.900E+03,-61.715936E+00
+73.000E+03,-62.156256E+00
+73.100E+03,-62.596576E+00
+73.200E+03,-63.036896E+00
+73.300E+03,-63.477216E+00
+73.400E+03,-63.917536E+00
+73.500E+03,-64.673819E+00
+73.600E+03,-65.585179E+00
+73.700E+03,-66.496539E+00
+73.800E+03,-67.407899E+00
+73.900E+03,-68.319259E+00
+74.000E+03,-69.230619E+00
+74.100E+03,-70.141979E+00
+74.200E+03,-71.053339E+00
+74.300E+03,-71.964699E+00
+74.400E+03,-72.478034E+00
+74.500E+03,-70.419794E+00
+74.600E+03,-68.361554E+00
+74.700E+03,-66.303314E+00
+74.800E+03,-64.245074E+00
+74.900E+03,-62.186834E+00
+75.000E+03,-60.128594E+00
+75.100E+03,-58.070354E+00
+75.200E+03,-56.012114E+00
+75.300E+03,-53.953874E+00
+75.400E+03,-53.082186E+00
+75.500E+03,-53.010506E+00
+75.600E+03,-52.938826E+00
+75.700E+03,-52.867146E+00
+75.800E+03,-52.795466E+00
+75.900E+03,-52.723786E+00
+76.000E+03,-52.652106E+00
+76.100E+03,-52.580426E+00
+76.200E+03,-52.508746E+00
+76.300E+03,-52.473646E+00
+76.400E+03,-53.006126E+00
+76.500E+03,-53.538606E+00
+76.600E+03,-54.071086E+00
+76.700E+03,-54.603566E+00
+76.800E+03,-55.136046E+00
+76.900E+03,-55.668526E+00
+77.000E+03,-56.201006E+00
+77.100E+03,-56.733486E+00
+77.200E+03,-57.265966E+00
+77.300E+03,-57.551714E+00
+77.400E+03,-57.613154E+00
+77.500E+03,-57.674594E+00
+77.600E+03,-57.736034E+00
+77.700E+03,-57.797474E+00
+77.800E+03,-57.858914E+00
+77.900E+03,-57.920354E+00
+78.000E+03,-57.981794E+00
+78.100E+03,-58.043234E+00
+78.200E+03,-58.104674E+00
+78.300E+03,-58.085254E+00
+78.400E+03,-58.064774E+00
+78.500E+03,-58.044294E+00
+78.600E+03,-58.023814E+00
+78.700E+03,-58.003334E+00
+78.800E+03,-57.982854E+00
+78.900E+03,-57.962374E+00
+79.000E+03,-57.941894E+00
+79.100E+03,-57.921414E+00
+79.200E+03,-57.887100E+00
+79.300E+03,-57.835900E+00
+79.400E+03,-57.784700E+00
+79.500E+03,-57.733500E+00
+79.600E+03,-57.682300E+00
+79.700E+03,-57.631100E+00
+79.800E+03,-57.579900E+00
+79.900E+03,-57.528700E+00
+80.000E+03,-57.477500E+00
+80.100E+03,-57.426300E+00
+80.200E+03,-57.122515E+00
+80.300E+03,-56.794835E+00
+80.400E+03,-56.467155E+00
+80.500E+03,-56.139475E+00
+80.600E+03,-55.811795E+00
+80.700E+03,-55.484115E+00
+80.800E+03,-55.156435E+00
+80.900E+03,-54.828755E+00
+81.000E+03,-54.501075E+00
+81.100E+03,-54.293016E+00
+81.200E+03,-54.282776E+00
+81.300E+03,-54.272536E+00
+81.400E+03,-54.262296E+00
+81.500E+03,-54.252056E+00
+81.600E+03,-54.241816E+00
+81.700E+03,-54.231576E+00
+81.800E+03,-54.221336E+00
+81.900E+03,-54.211096E+00
+82.000E+03,-54.200856E+00
+82.100E+03,-54.930431E+00
+82.200E+03,-55.800831E+00
+82.300E+03,-56.671231E+00
+82.400E+03,-57.541631E+00
+82.500E+03,-58.412031E+00
+82.600E+03,-59.282431E+00
+82.700E+03,-60.152831E+00
+82.800E+03,-61.023231E+00
+82.900E+03,-61.893631E+00
+83.000E+03,-62.543488E+00
+83.100E+03,-62.686848E+00
+83.200E+03,-62.830208E+00
+83.300E+03,-62.973568E+00
+83.400E+03,-63.116928E+00
+83.500E+03,-63.260288E+00
+83.600E+03,-63.403648E+00
+83.700E+03,-63.547008E+00
+83.800E+03,-63.690368E+00
+83.900E+03,-63.833728E+00
+84.000E+03,-64.322488E+00
+84.100E+03,-64.916407E+00
+84.200E+03,-65.510327E+00
+84.300E+03,-66.104248E+00
+84.400E+03,-66.698168E+00
+84.500E+03,-67.292088E+00
+84.600E+03,-67.886008E+00
+84.700E+03,-68.479927E+00
+84.800E+03,-69.073847E+00
+84.900E+03,-69.430039E+00
+85.000E+03,-68.989719E+00
+85.100E+03,-68.549399E+00
+85.200E+03,-68.109079E+00
+85.300E+03,-67.668759E+00
+85.400E+03,-67.228439E+00
+85.500E+03,-66.788119E+00
+85.600E+03,-66.347799E+00
+85.700E+03,-65.907479E+00
+85.800E+03,-65.467159E+00
+85.900E+03,-65.012644E+00
+86.000E+03,-64.551844E+00
+86.100E+03,-64.091044E+00
+86.200E+03,-63.630244E+00
+86.300E+03,-63.169444E+00
+86.400E+03,-62.708644E+00
+86.500E+03,-62.247844E+00
+86.600E+03,-61.787044E+00
+86.700E+03,-61.326244E+00
+86.800E+03,-60.926291E+00
+86.900E+03,-60.854611E+00
+87.000E+03,-60.782931E+00
+87.100E+03,-60.711251E+00
+87.200E+03,-60.639571E+00
+87.300E+03,-60.567891E+00
+87.400E+03,-60.496211E+00
+87.500E+03,-60.424531E+00
+87.600E+03,-60.352851E+00
+87.700E+03,-60.281171E+00
+87.800E+03,-60.552121E+00
+87.900E+03,-61.033401E+00
+88.000E+03,-61.514681E+00
+88.100E+03,-61.995961E+00
+88.200E+03,-62.477241E+00
+88.300E+03,-62.958521E+00
+88.400E+03,-63.439801E+00
+88.500E+03,-63.921081E+00
+88.600E+03,-64.402361E+00
+88.700E+03,-64.838658E+00
+88.800E+03,-64.777218E+00
+88.900E+03,-64.715778E+00
+89.000E+03,-64.654338E+00
+89.100E+03,-64.592898E+00
+89.200E+03,-64.531458E+00
+89.300E+03,-64.470018E+00
+89.400E+03,-64.408578E+00
+89.500E+03,-64.347138E+00
+89.600E+03,-64.285698E+00
+89.700E+03,-63.972595E+00
+89.800E+03,-63.450355E+00
+89.900E+03,-62.928115E+00
+90.000E+03,-62.405875E+00
+90.100E+03,-61.883635E+00
+90.200E+03,-61.361395E+00
+90.300E+03,-60.839155E+00
+90.400E+03,-60.316915E+00
+90.500E+03,-59.794675E+00
+90.600E+03,-59.274360E+00
+90.700E+03,-58.956920E+00
+90.800E+03,-58.639480E+00
+90.900E+03,-58.322040E+00
+91.000E+03,-58.004600E+00
+91.100E+03,-57.687160E+00
+91.200E+03,-57.369720E+00
+91.300E+03,-57.052280E+00
+91.400E+03,-56.734840E+00
+91.500E+03,-56.417400E+00
+91.600E+03,-56.283880E+00
+91.700E+03,-56.355560E+00
+91.800E+03,-56.427240E+00
+91.900E+03,-56.498920E+00
+92.000E+03,-56.570600E+00
+92.100E+03,-56.642280E+00
+92.200E+03,-56.713960E+00
+92.300E+03,-56.785640E+00
+92.400E+03,-56.857320E+00
+92.500E+03,-56.929000E+00
+92.600E+03,-56.971929E+00
+92.700E+03,-57.012889E+00
+92.800E+03,-57.053849E+00
+92.900E+03,-57.094809E+00
+93.000E+03,-57.135769E+00
+93.100E+03,-57.176729E+00
+93.200E+03,-57.217689E+00
+93.300E+03,-57.258649E+00
+93.400E+03,-57.299609E+00
+93.500E+03,-57.291519E+00
+93.600E+03,-57.209599E+00
+93.700E+03,-57.127679E+00
+93.800E+03,-57.045759E+00
+93.900E+03,-56.963839E+00
+94.000E+03,-56.881919E+00
+94.100E+03,-56.799999E+00
+94.200E+03,-56.718079E+00
+94.300E+03,-56.636159E+00
+94.400E+03,-56.554239E+00
+94.500E+03,-56.578294E+00
+94.600E+03,-56.619254E+00
+94.700E+03,-56.660214E+00
+94.800E+03,-56.701174E+00
+94.900E+03,-56.742134E+00
+95.000E+03,-56.783094E+00
+95.100E+03,-56.824054E+00
+95.200E+03,-56.865014E+00
+95.300E+03,-56.905974E+00
+95.400E+03,-57.030309E+00
+95.500E+03,-57.327269E+00
+95.600E+03,-57.624229E+00
+95.700E+03,-57.921189E+00
+95.800E+03,-58.218149E+00
+95.900E+03,-58.515109E+00
+96.000E+03,-58.812069E+00
+96.100E+03,-59.109029E+00
+96.200E+03,-59.405989E+00
+96.300E+03,-59.702949E+00
+96.400E+03,-59.717153E+00
+96.500E+03,-59.655713E+00
+96.600E+03,-59.594273E+00
+96.700E+03,-59.532833E+00
+96.800E+03,-59.471393E+00
+96.900E+03,-59.409953E+00
+97.000E+03,-59.348513E+00
+97.100E+03,-59.287073E+00
+97.200E+03,-59.225633E+00
+97.300E+03,-59.130620E+00
+97.400E+03,-58.936060E+00
+97.500E+03,-58.741500E+00
+97.600E+03,-58.546940E+00
+97.700E+03,-58.352380E+00
+97.800E+03,-58.157820E+00
+97.900E+03,-57.963260E+00
+98.000E+03,-57.768700E+00
+98.100E+03,-57.574140E+00
+98.200E+03,-57.379580E+00
+98.300E+03,-57.228978E+00
+98.400E+03,-57.095858E+00
+98.500E+03,-56.962738E+00
+98.600E+03,-56.829618E+00
+98.700E+03,-56.696498E+00
+98.800E+03,-56.563378E+00
+98.900E+03,-56.430258E+00
+99.000E+03,-56.297138E+00
+99.100E+03,-56.164018E+00
+99.200E+03,-56.083968E+00
+99.300E+03,-56.247808E+00
+99.400E+03,-56.411648E+00
+99.500E+03,-56.575488E+00
+99.600E+03,-56.739328E+00
+99.700E+03,-56.903168E+00
+99.800E+03,-57.067008E+00
+99.900E+03,-57.230848E+00
+100.000E+03,-57.394688E+00
+100.100E+03,-57.558528E+00
+100.200E+03,-57.886711E+00
+100.300E+03,-58.306551E+00
+100.400E+03,-58.726391E+00
+100.500E+03,-59.146231E+00
+100.600E+03,-59.566071E+00
+100.700E+03,-59.985911E+00
+100.800E+03,-60.405751E+00
+100.900E+03,-60.825591E+00
+101.000E+03,-61.245431E+00
+101.100E+03,-61.603854E+00
+101.200E+03,-61.440014E+00
+101.300E+03,-61.276174E+00
+101.400E+03,-61.112334E+00
+101.500E+03,-60.948494E+00
+101.600E+03,-60.784654E+00
+101.700E+03,-60.620814E+00
+101.800E+03,-60.456974E+00
+101.900E+03,-60.293134E+00
+102.000E+03,-60.129294E+00
+102.100E+03,-59.872314E+00
+102.200E+03,-59.544634E+00
+102.300E+03,-59.216954E+00
+102.400E+03,-58.889274E+00
+102.500E+03,-58.561594E+00
+102.600E+03,-58.233914E+00
+102.700E+03,-57.906234E+00
+102.800E+03,-57.578554E+00
+102.900E+03,-57.250874E+00
+103.000E+03,-56.924169E+00
+103.100E+03,-56.627209E+00
+103.200E+03,-56.330249E+00
+103.300E+03,-56.033289E+00
+103.400E+03,-55.736329E+00
+103.500E+03,-55.439369E+00
+103.600E+03,-55.142409E+00
+103.700E+03,-54.845449E+00
+103.800E+03,-54.548489E+00
+103.900E+03,-54.251529E+00
+104.000E+03,-53.995119E+00
+104.100E+03,-53.780079E+00
+104.200E+03,-53.565039E+00
+104.300E+03,-53.349999E+00
+104.400E+03,-53.134959E+00
+104.500E+03,-52.919919E+00
+104.600E+03,-52.704879E+00
+104.700E+03,-52.489839E+00
+104.800E+03,-52.274799E+00
+104.900E+03,-52.059759E+00
+105.000E+03,-52.001719E+00
+105.100E+03,-51.950519E+00
+105.200E+03,-51.899319E+00
+105.300E+03,-51.848119E+00
+105.400E+03,-51.796919E+00
+105.500E+03,-51.745719E+00
+105.600E+03,-51.694519E+00
+105.700E+03,-51.643319E+00
+105.800E+03,-51.592119E+00
+105.900E+03,-51.674723E+00
+106.000E+03,-51.940963E+00
+106.100E+03,-52.207203E+00
+106.200E+03,-52.473443E+00
+106.300E+03,-52.739682E+00
+106.400E+03,-53.005923E+00
+106.500E+03,-53.272163E+00
+106.600E+03,-53.538403E+00
+106.700E+03,-53.804643E+00
+106.800E+03,-54.070883E+00
+106.900E+03,-54.735762E+00
+107.000E+03,-55.452562E+00
+107.100E+03,-56.169362E+00
+107.200E+03,-56.886162E+00
+107.300E+03,-57.602962E+00
+107.400E+03,-58.319762E+00
+107.500E+03,-59.036562E+00
+107.600E+03,-59.753362E+00
+107.700E+03,-60.470162E+00
+107.800E+03,-60.745058E+00
+107.900E+03,-60.192098E+00
+108.000E+03,-59.639138E+00
+108.100E+03,-59.086178E+00
+108.200E+03,-58.533218E+00
+108.300E+03,-57.980258E+00
+108.400E+03,-57.427298E+00
+108.500E+03,-56.874338E+00
+108.600E+03,-56.321378E+00
+108.700E+03,-55.768418E+00
+108.800E+03,-55.398223E+00
+108.900E+03,-55.070543E+00
+109.000E+03,-54.742863E+00
+109.100E+03,-54.415183E+00
+109.200E+03,-54.087503E+00
+109.300E+03,-53.759823E+00
+109.400E+03,-53.432143E+00
+109.500E+03,-53.104463E+00
+109.600E+03,-52.776783E+00
+109.700E+03,-52.553119E+00
+109.800E+03,-52.604319E+00
+109.900E+03,-52.655519E+00
+110.000E+03,-52.706719E+00
+110.100E+03,-52.757919E+00
+110.200E+03,-52.809119E+00
+110.300E+03,-52.860319E+00
+110.400E+03,-52.911519E+00
+110.500E+03,-52.962719E+00
+110.600E+03,-53.013919E+00
+110.700E+03,-53.163334E+00
+110.800E+03,-53.347654E+00
+110.900E+03,-53.531974E+00
+111.000E+03,-53.716294E+00
+111.100E+03,-53.900614E+00
+111.200E+03,-54.084934E+00
+111.300E+03,-54.269254E+00
+111.400E+03,-54.453574E+00
+111.500E+03,-54.637894E+00
+111.600E+03,-54.853095E+00
+111.700E+03,-55.191015E+00
+111.800E+03,-55.528935E+00
+111.900E+03,-55.866855E+00
+112.000E+03,-56.204775E+00
+112.100E+03,-56.542695E+00
+112.200E+03,-56.880615E+00
+112.300E+03,-57.218535E+00
+112.400E+03,-57.556455E+00
+112.500E+03,-57.894375E+00
+112.600E+03,-58.157468E+00
+112.700E+03,-58.382748E+00
+112.800E+03,-58.608028E+00
+112.900E+03,-58.833308E+00
+113.000E+03,-59.058588E+00
+113.100E+03,-59.283868E+00
+113.200E+03,-59.509148E+00
+113.300E+03,-59.734428E+00
+113.400E+03,-59.959708E+00
+113.500E+03,-60.141881E+00
+113.600E+03,-60.029241E+00
+113.700E+03,-59.916601E+00
+113.800E+03,-59.803961E+00
+113.900E+03,-59.691321E+00
+114.000E+03,-59.578681E+00
+114.100E+03,-59.466041E+00
+114.200E+03,-59.353401E+00
+114.300E+03,-59.240761E+00
+114.400E+03,-59.128121E+00
+114.500E+03,-59.184881E+00
+114.600E+03,-59.358961E+00
+114.700E+03,-59.533041E+00
+114.800E+03,-59.707121E+00
+114.900E+03,-59.881201E+00
+115.000E+03,-60.055281E+00
+115.100E+03,-60.229361E+00
+115.200E+03,-60.403441E+00
+115.300E+03,-60.577521E+00
+115.400E+03,-60.763784E+00
+115.500E+03,-61.163144E+00
+115.600E+03,-61.562504E+00
+115.700E+03,-61.961864E+00
+115.800E+03,-62.361224E+00
+115.900E+03,-62.760584E+00
+116.000E+03,-63.159944E+00
+116.100E+03,-63.559304E+00
+116.200E+03,-63.958664E+00
+116.300E+03,-64.358024E+00
+116.400E+03,-64.487211E+00
+116.500E+03,-64.364331E+00
+116.600E+03,-64.241451E+00
+116.700E+03,-64.118571E+00
+116.800E+03,-63.995691E+00
+116.900E+03,-63.872811E+00
+117.000E+03,-63.749931E+00
+117.100E+03,-63.627051E+00
+117.200E+03,-63.504171E+00
+117.300E+03,-63.381291E+00
+117.400E+03,-63.087710E+00
+117.500E+03,-62.790750E+00
+117.600E+03,-62.493790E+00
+117.700E+03,-62.196830E+00
+117.800E+03,-61.899870E+00
+117.900E+03,-61.602910E+00
+118.000E+03,-61.305950E+00
+118.100E+03,-61.008990E+00
+118.200E+03,-60.712030E+00
+118.300E+03,-60.505970E+00
+118.400E+03,-60.413810E+00
+118.500E+03,-60.321650E+00
+118.600E+03,-60.229490E+00
+118.700E+03,-60.137330E+00
+118.800E+03,-60.045170E+00
+118.900E+03,-59.953010E+00
+119.000E+03,-59.860850E+00
+119.100E+03,-59.768690E+00
+119.200E+03,-59.676530E+00
+119.300E+03,-60.169561E+00
+119.400E+03,-60.722521E+00
+119.500E+03,-61.275481E+00
+119.600E+03,-61.828441E+00
+119.700E+03,-62.381401E+00
+119.800E+03,-62.934361E+00
+119.900E+03,-63.487321E+00
+120.000E+03,-64.040281E+00
+120.100E+03,-64.593241E+00
+120.200E+03,-65.153786E+00
+120.300E+03,-65.727226E+00
+120.400E+03,-66.300666E+00
+120.500E+03,-66.874106E+00
+120.600E+03,-67.447546E+00
+120.700E+03,-68.020986E+00
+120.800E+03,-68.594426E+00
+120.900E+03,-69.167866E+00
+121.000E+03,-69.741306E+00
+121.100E+03,-70.314746E+00
+121.200E+03,-69.897981E+00
+121.300E+03,-69.283581E+00
+121.400E+03,-68.669181E+00
+121.500E+03,-68.054781E+00
+121.600E+03,-67.440381E+00
+121.700E+03,-66.825981E+00
+121.800E+03,-66.211581E+00
+121.900E+03,-65.597181E+00
+122.000E+03,-64.982781E+00
+122.100E+03,-64.538621E+00
+122.200E+03,-64.497661E+00
+122.300E+03,-64.456701E+00
+122.400E+03,-64.415741E+00
+122.500E+03,-64.374781E+00
+122.600E+03,-64.333821E+00
+122.700E+03,-64.292861E+00
+122.800E+03,-64.251901E+00
+122.900E+03,-64.210941E+00
+123.000E+03,-64.169981E+00
+123.100E+03,-64.152373E+00
+123.200E+03,-64.142133E+00
+123.300E+03,-64.131893E+00
+123.400E+03,-64.121653E+00
+123.500E+03,-64.111413E+00
+123.600E+03,-64.101173E+00
+123.700E+03,-64.090933E+00
+123.800E+03,-64.080693E+00
+123.900E+03,-64.070453E+00
+124.000E+03,-64.044200E+00
+124.100E+03,-63.962280E+00
+124.200E+03,-63.880360E+00
+124.300E+03,-63.798440E+00
+124.400E+03,-63.716520E+00
+124.500E+03,-63.634600E+00
+124.600E+03,-63.552680E+00
+124.700E+03,-63.470760E+00
+124.800E+03,-63.388840E+00
+124.900E+03,-63.306920E+00
+125.000E+03,-63.288281E+00
+125.100E+03,-63.298521E+00
+125.200E+03,-63.308761E+00
+125.300E+03,-63.319001E+00
+125.400E+03,-63.329241E+00
+125.500E+03,-63.339481E+00
+125.600E+03,-63.349721E+00
+125.700E+03,-63.359961E+00
+125.800E+03,-63.370201E+00
+125.900E+03,-63.328251E+00
+126.000E+03,-62.990331E+00
+126.100E+03,-62.652411E+00
+126.200E+03,-62.314491E+00
+126.300E+03,-61.976571E+00
+126.400E+03,-61.638651E+00
+126.500E+03,-61.300731E+00
+126.600E+03,-60.962811E+00
+126.700E+03,-60.624891E+00
+126.800E+03,-60.286971E+00
+126.900E+03,-60.043233E+00
+127.000E+03,-59.858913E+00
+127.100E+03,-59.674593E+00
+127.200E+03,-59.490273E+00
+127.300E+03,-59.305953E+00
+127.400E+03,-59.121633E+00
+127.500E+03,-58.937313E+00
+127.600E+03,-58.752993E+00
+127.700E+03,-58.568673E+00
+127.800E+03,-58.402350E+00
+127.900E+03,-58.453550E+00
+128.000E+03,-58.504750E+00
+128.100E+03,-58.555950E+00
+128.200E+03,-58.607150E+00
+128.300E+03,-58.658350E+00
+128.400E+03,-58.709550E+00
+128.500E+03,-58.760750E+00
+128.600E+03,-58.811950E+00
+128.700E+03,-58.863150E+00
+128.800E+03,-59.035928E+00
+128.900E+03,-59.312408E+00
+129.000E+03,-59.588888E+00
+129.100E+03,-59.865368E+00
+129.200E+03,-60.141848E+00
+129.300E+03,-60.418327E+00
+129.400E+03,-60.694807E+00
+129.500E+03,-60.971287E+00
+129.600E+03,-61.247768E+00
+129.700E+03,-61.523528E+00
+129.800E+03,-61.554248E+00
+129.900E+03,-61.584968E+00
+130.000E+03,-61.615688E+00
+130.100E+03,-61.646408E+00
+130.200E+03,-61.677128E+00
+130.300E+03,-61.707848E+00
+130.400E+03,-61.738568E+00
+130.500E+03,-61.769288E+00
+130.600E+03,-61.800008E+00
+130.700E+03,-61.630230E+00
+130.800E+03,-61.230870E+00
+130.900E+03,-60.831510E+00
+131.000E+03,-60.432150E+00
+131.100E+03,-60.032790E+00
+131.200E+03,-59.633430E+00
+131.300E+03,-59.234070E+00
+131.400E+03,-58.834710E+00
+131.500E+03,-58.435350E+00
+131.600E+03,-58.035990E+00
+131.700E+03,-57.760358E+00
+131.800E+03,-57.494118E+00
+131.900E+03,-57.227878E+00
+132.000E+03,-56.961638E+00
+132.100E+03,-56.695398E+00
+132.200E+03,-56.429158E+00
+132.300E+03,-56.162918E+00
+132.400E+03,-55.896678E+00
+132.500E+03,-55.630438E+00
+132.600E+03,-55.476793E+00
+132.700E+03,-55.497273E+00
+132.800E+03,-55.517753E+00
+132.900E+03,-55.538233E+00
+133.000E+03,-55.558713E+00
+133.100E+03,-55.579193E+00
+133.200E+03,-55.599673E+00
+133.300E+03,-55.620153E+00
+133.400E+03,-55.640633E+00
+133.500E+03,-55.661113E+00
+133.600E+03,-55.813068E+00
+133.700E+03,-55.987148E+00
+133.800E+03,-56.161227E+00
+133.900E+03,-56.335307E+00
+134.000E+03,-56.509388E+00
+134.100E+03,-56.683468E+00
+134.200E+03,-56.857548E+00
+134.300E+03,-57.031628E+00
+134.400E+03,-57.205708E+00
+134.500E+03,-57.334025E+00
+134.600E+03,-57.364745E+00
+134.700E+03,-57.395465E+00
+134.800E+03,-57.426185E+00
+134.900E+03,-57.456905E+00
+135.000E+03,-57.487625E+00
+135.100E+03,-57.518345E+00
+135.200E+03,-57.549065E+00
+135.300E+03,-57.579785E+00
+135.400E+03,-57.610505E+00
+135.500E+03,-57.569113E+00
+135.600E+03,-57.507673E+00
+135.700E+03,-57.446233E+00
+135.800E+03,-57.384793E+00
+135.900E+03,-57.323353E+00
+136.000E+03,-57.261913E+00
+136.100E+03,-57.200473E+00
+136.200E+03,-57.139033E+00
+136.300E+03,-57.077593E+00
+136.400E+03,-57.021185E+00
+136.500E+03,-56.980225E+00
+136.600E+03,-56.939265E+00
+136.700E+03,-56.898305E+00
+136.800E+03,-56.857345E+00
+136.900E+03,-56.816385E+00
+137.000E+03,-56.775425E+00
+137.100E+03,-56.734465E+00
+137.200E+03,-56.693505E+00
+137.300E+03,-56.652545E+00
+137.400E+03,-56.749525E+00
+137.500E+03,-56.903125E+00
+137.600E+03,-57.056725E+00
+137.700E+03,-57.210325E+00
+137.800E+03,-57.363925E+00
+137.900E+03,-57.517525E+00
+138.000E+03,-57.671125E+00
+138.100E+03,-57.824725E+00
+138.200E+03,-57.978325E+00
+138.300E+03,-58.117815E+00
+138.400E+03,-58.189495E+00
+138.500E+03,-58.261175E+00
+138.600E+03,-58.332855E+00
+138.700E+03,-58.404535E+00
+138.800E+03,-58.476215E+00
+138.900E+03,-58.547895E+00
+139.000E+03,-58.619575E+00
+139.100E+03,-58.691255E+00
+139.200E+03,-58.762935E+00
+139.300E+03,-58.717480E+00
+139.400E+03,-58.604840E+00
+139.500E+03,-58.492200E+00
+139.600E+03,-58.379560E+00
+139.700E+03,-58.266920E+00
+139.800E+03,-58.154280E+00
+139.900E+03,-58.041640E+00
+140.000E+03,-57.929000E+00
+140.100E+03,-57.816360E+00
+140.200E+03,-57.672371E+00
+140.300E+03,-57.242291E+00
+140.400E+03,-56.812211E+00
+140.500E+03,-56.382131E+00
+140.600E+03,-55.952051E+00
+140.700E+03,-55.521971E+00
+140.800E+03,-55.091891E+00
+140.900E+03,-54.661811E+00
+141.000E+03,-54.231731E+00
+141.100E+03,-53.801651E+00
+141.200E+03,-53.498181E+00
+141.300E+03,-53.293381E+00
+141.400E+03,-53.088581E+00
+141.500E+03,-52.883781E+00
+141.600E+03,-52.678981E+00
+141.700E+03,-52.474181E+00
+141.800E+03,-52.269381E+00
+141.900E+03,-52.064581E+00
+142.000E+03,-51.859781E+00
+142.100E+03,-51.660415E+00
+142.200E+03,-51.670655E+00
+142.300E+03,-51.680895E+00
+142.400E+03,-51.691135E+00
+142.500E+03,-51.701375E+00
+142.600E+03,-51.711615E+00
+142.700E+03,-51.721855E+00
+142.800E+03,-51.732095E+00
+142.900E+03,-51.742335E+00
+143.000E+03,-51.752575E+00
+143.100E+03,-51.897883E+00
+143.200E+03,-52.184603E+00
+143.300E+03,-52.471323E+00
+143.400E+03,-52.758043E+00
+143.500E+03,-53.044763E+00
+143.600E+03,-53.331483E+00
+143.700E+03,-53.618203E+00
+143.800E+03,-53.904922E+00
+143.900E+03,-54.191642E+00
+144.000E+03,-54.478362E+00
+144.100E+03,-54.969754E+00
+144.200E+03,-55.471514E+00
+144.300E+03,-55.973274E+00
+144.400E+03,-56.475034E+00
+144.500E+03,-56.976794E+00
+144.600E+03,-57.478554E+00
+144.700E+03,-57.980314E+00
+144.800E+03,-58.482074E+00
+144.900E+03,-58.983834E+00
+145.000E+03,-59.783094E+00
+145.100E+03,-61.001654E+00
+145.200E+03,-62.220214E+00
+145.300E+03,-63.438774E+00
+145.400E+03,-64.657334E+00
+145.500E+03,-65.875894E+00
+145.600E+03,-67.094454E+00
+145.700E+03,-68.313014E+00
+145.800E+03,-69.531574E+00
+145.900E+03,-70.750134E+00
+146.000E+03,-70.448750E+00
+146.100E+03,-69.936750E+00
+146.200E+03,-69.424750E+00
+146.300E+03,-68.912750E+00
+146.400E+03,-68.400750E+00
+146.500E+03,-67.888750E+00
+146.600E+03,-67.376750E+00
+146.700E+03,-66.864750E+00
+146.800E+03,-66.352750E+00
+146.900E+03,-65.802278E+00
+147.000E+03,-65.177638E+00
+147.100E+03,-64.552998E+00
+147.200E+03,-63.928358E+00
+147.300E+03,-63.303718E+00
+147.400E+03,-62.679078E+00
+147.500E+03,-62.054438E+00
+147.600E+03,-61.429798E+00
+147.700E+03,-60.805158E+00
+147.800E+03,-60.180518E+00
+147.900E+03,-59.844321E+00
+148.000E+03,-59.578081E+00
+148.100E+03,-59.311841E+00
+148.200E+03,-59.045601E+00
+148.300E+03,-58.779361E+00
+148.400E+03,-58.513121E+00
+148.500E+03,-58.246881E+00
+148.600E+03,-57.980641E+00
+148.700E+03,-57.714401E+00
+148.800E+03,-57.503061E+00
+148.900E+03,-57.441621E+00
+149.000E+03,-57.380181E+00
+149.100E+03,-57.318741E+00
+149.200E+03,-57.257301E+00
+149.300E+03,-57.195861E+00
+149.400E+03,-57.134421E+00
+149.500E+03,-57.072981E+00
+149.600E+03,-57.011541E+00
+149.700E+03,-56.950101E+00
+149.800E+03,-57.023459E+00
+149.900E+03,-57.146339E+00
+150.000E+03,-57.269219E+00
+150.100E+03,-57.392099E+00
+150.200E+03,-57.514979E+00
+150.300E+03,-57.637859E+00
+150.400E+03,-57.760739E+00
+150.500E+03,-57.883619E+00
+150.600E+03,-58.006499E+00
+150.700E+03,-58.151296E+00
+150.800E+03,-58.386816E+00
+150.900E+03,-58.622336E+00
+151.000E+03,-58.857856E+00
+151.100E+03,-59.093376E+00
+151.200E+03,-59.328896E+00
+151.300E+03,-59.564416E+00
+151.400E+03,-59.799936E+00
+151.500E+03,-60.035456E+00
+151.600E+03,-60.270976E+00
+151.700E+03,-60.580595E+00
+151.800E+03,-60.928755E+00
+151.900E+03,-61.276915E+00
+152.000E+03,-61.625075E+00
+152.100E+03,-61.973235E+00
+152.200E+03,-62.321395E+00
+152.300E+03,-62.669555E+00
+152.400E+03,-63.017715E+00
+152.500E+03,-63.365875E+00
+152.600E+03,-63.643355E+00
+152.700E+03,-63.407835E+00
+152.800E+03,-63.172315E+00
+152.900E+03,-62.936795E+00
+153.000E+03,-62.701275E+00
+153.100E+03,-62.465755E+00
+153.200E+03,-62.230235E+00
+153.300E+03,-61.994715E+00
+153.400E+03,-61.759195E+00
+153.500E+03,-61.523675E+00
+153.600E+03,-61.228318E+00
+153.700E+03,-60.890398E+00
+153.800E+03,-60.552478E+00
+153.900E+03,-60.214558E+00
+154.000E+03,-59.876638E+00
+154.100E+03,-59.538718E+00
+154.200E+03,-59.200798E+00
+154.300E+03,-58.862878E+00
+154.400E+03,-58.524958E+00
+154.500E+03,-58.200200E+00
+154.600E+03,-58.138760E+00
+154.700E+03,-58.077320E+00
+154.800E+03,-58.015880E+00
+154.900E+03,-57.954440E+00
+155.000E+03,-57.893000E+00
+155.100E+03,-57.831560E+00
+155.200E+03,-57.770120E+00
+155.300E+03,-57.708680E+00
+155.400E+03,-57.647240E+00
+155.500E+03,-57.580569E+00
+155.600E+03,-57.508889E+00
+155.700E+03,-57.437209E+00
+155.800E+03,-57.365529E+00
+155.900E+03,-57.293849E+00
+156.000E+03,-57.222169E+00
+156.100E+03,-57.150489E+00
+156.200E+03,-57.078809E+00
+156.300E+03,-57.007129E+00
+156.400E+03,-56.935449E+00
+156.500E+03,-56.793944E+00
+156.600E+03,-56.650584E+00
+156.700E+03,-56.507224E+00
+156.800E+03,-56.363864E+00
+156.900E+03,-56.220504E+00
+157.000E+03,-56.077144E+00
+157.100E+03,-55.933784E+00
+157.200E+03,-55.790424E+00
+157.300E+03,-55.647064E+00
+157.400E+03,-55.570885E+00
+157.500E+03,-55.581125E+00
+157.600E+03,-55.591365E+00
+157.700E+03,-55.601605E+00
+157.800E+03,-55.611845E+00
+157.900E+03,-55.622085E+00
+158.000E+03,-55.632325E+00
+158.100E+03,-55.642565E+00
+158.200E+03,-55.652805E+00
+158.300E+03,-55.663045E+00
+158.400E+03,-56.152855E+00
+158.500E+03,-56.695575E+00
+158.600E+03,-57.238295E+00
+158.700E+03,-57.781015E+00
+158.800E+03,-58.323735E+00
+158.900E+03,-58.866455E+00
+159.000E+03,-59.409175E+00
+159.100E+03,-59.951895E+00
+159.200E+03,-60.494615E+00
+159.300E+03,-60.824939E+00
+159.400E+03,-60.783979E+00
+159.500E+03,-60.743019E+00
+159.600E+03,-60.702059E+00
+159.700E+03,-60.661099E+00
+159.800E+03,-60.620139E+00
+159.900E+03,-60.579179E+00
+160.000E+03,-60.538219E+00
+160.100E+03,-60.497259E+00
+160.200E+03,-60.456299E+00
+160.300E+03,-60.627089E+00
+160.400E+03,-60.842129E+00
+160.500E+03,-61.057169E+00
+160.600E+03,-61.272209E+00
+160.700E+03,-61.487249E+00
+160.800E+03,-61.702289E+00
+160.900E+03,-61.917329E+00
+161.000E+03,-62.132369E+00
+161.100E+03,-62.347409E+00
+161.200E+03,-61.964725E+00
+161.300E+03,-60.121525E+00
+161.400E+03,-58.278325E+00
+161.500E+03,-56.435125E+00
+161.600E+03,-54.591925E+00
+161.700E+03,-52.748725E+00
+161.800E+03,-50.905525E+00
+161.900E+03,-49.062325E+00
+162.000E+03,-47.219125E+00
+162.100E+03,-45.375925E+00
+162.200E+03,-44.219583E+00
+162.300E+03,-43.287743E+00
+162.400E+03,-42.355903E+00
+162.500E+03,-41.424063E+00
+162.600E+03,-40.492223E+00
+162.700E+03,-39.560383E+00
+162.800E+03,-38.628543E+00
+162.900E+03,-37.696703E+00
+163.000E+03,-36.764863E+00
+163.100E+03,-35.932979E+00
+163.200E+03,-35.461939E+00
+163.300E+03,-34.990899E+00
+163.400E+03,-34.519859E+00
+163.500E+03,-34.048819E+00
+163.600E+03,-33.577779E+00
+163.700E+03,-33.106739E+00
+163.800E+03,-32.635699E+00
+163.900E+03,-32.164659E+00
+164.000E+03,-31.693619E+00
+164.100E+03,-31.438494E+00
+164.200E+03,-31.284894E+00
+164.300E+03,-31.131294E+00
+164.400E+03,-30.977694E+00
+164.500E+03,-30.824094E+00
+164.600E+03,-30.670494E+00
+164.700E+03,-30.516894E+00
+164.800E+03,-30.363294E+00
+164.900E+03,-30.209694E+00
+165.000E+03,-30.097219E+00
+165.100E+03,-30.230339E+00
+165.200E+03,-30.363459E+00
+165.300E+03,-30.496579E+00
+165.400E+03,-30.629699E+00
+165.500E+03,-30.762819E+00
+165.600E+03,-30.895939E+00
+165.700E+03,-31.029059E+00
+165.800E+03,-31.162179E+00
+165.900E+03,-31.295299E+00
+166.000E+03,-31.614794E+00
+166.100E+03,-32.055114E+00
+166.200E+03,-32.495434E+00
+166.300E+03,-32.935754E+00
+166.400E+03,-33.376074E+00
+166.500E+03,-33.816394E+00
+166.600E+03,-34.256714E+00
+166.700E+03,-34.697034E+00
+166.800E+03,-35.137354E+00
+166.900E+03,-35.604891E+00
+167.000E+03,-36.434331E+00
+167.100E+03,-37.263771E+00
+167.200E+03,-38.093211E+00
+167.300E+03,-38.922651E+00
+167.400E+03,-39.752091E+00
+167.500E+03,-40.581531E+00
+167.600E+03,-41.410971E+00
+167.700E+03,-42.240411E+00
+167.800E+03,-43.069851E+00
+167.900E+03,-44.199591E+00
+168.000E+03,-45.592231E+00
+168.100E+03,-46.984871E+00
+168.200E+03,-48.377511E+00
+168.300E+03,-49.770151E+00
+168.400E+03,-51.162791E+00
+168.500E+03,-52.555431E+00
+168.600E+03,-53.948071E+00
+168.700E+03,-55.340711E+00
+168.800E+03,-56.733351E+00
+168.900E+03,-57.493359E+00
+169.000E+03,-58.251119E+00
+169.100E+03,-59.008879E+00
+169.200E+03,-59.766639E+00
+169.300E+03,-60.524399E+00
+169.400E+03,-61.282159E+00
+169.500E+03,-62.039919E+00
+169.600E+03,-62.797679E+00
+169.700E+03,-63.555439E+00
+169.800E+03,-63.781251E+00
+169.900E+03,-63.381891E+00
+170.000E+03,-62.982531E+00
+170.100E+03,-62.583171E+00
+170.200E+03,-62.183811E+00
+170.300E+03,-61.784451E+00
+170.400E+03,-61.385091E+00
+170.500E+03,-60.985731E+00
+170.600E+03,-60.586371E+00
+170.700E+03,-60.187011E+00
+170.800E+03,-60.487044E+00
+170.900E+03,-60.845444E+00
+171.000E+03,-61.203844E+00
+171.100E+03,-61.562244E+00
+171.200E+03,-61.920644E+00
+171.300E+03,-62.279044E+00
+171.400E+03,-62.637444E+00
+171.500E+03,-62.995844E+00
+171.600E+03,-63.354244E+00
+171.700E+03,-64.234704E+00
+171.800E+03,-65.944784E+00
+171.900E+03,-67.654864E+00
+172.000E+03,-69.364944E+00
+172.100E+03,-71.075024E+00
+172.200E+03,-72.785104E+00
+172.300E+03,-74.495184E+00
+172.400E+03,-76.205264E+00
+172.500E+03,-77.915344E+00
+172.600E+03,-79.625424E+00
+172.700E+03,-78.421423E+00
+172.800E+03,-76.701103E+00
+172.900E+03,-74.980783E+00
+173.000E+03,-73.260463E+00
+173.100E+03,-71.540143E+00
+173.200E+03,-69.819823E+00
+173.300E+03,-68.099503E+00
+173.400E+03,-66.379183E+00
+173.500E+03,-64.658863E+00
+173.600E+03,-63.310033E+00
+173.700E+03,-62.777553E+00
+173.800E+03,-62.245073E+00
+173.900E+03,-61.712593E+00
+174.000E+03,-61.180113E+00
+174.100E+03,-60.647633E+00
+174.200E+03,-60.115153E+00
+174.300E+03,-59.582673E+00
+174.400E+03,-59.050193E+00
+174.500E+03,-58.517713E+00
+174.600E+03,-58.112373E+00
+174.700E+03,-57.743733E+00
+174.800E+03,-57.375093E+00
+174.900E+03,-57.006453E+00
+175.000E+03,-56.637813E+00
+175.100E+03,-56.269173E+00
+175.200E+03,-55.900533E+00
+175.300E+03,-55.531893E+00
+175.400E+03,-55.163253E+00
+175.500E+03,-54.875463E+00
+175.600E+03,-54.844743E+00
+175.700E+03,-54.814023E+00
+175.800E+03,-54.783303E+00
+175.900E+03,-54.752583E+00
+176.000E+03,-54.721863E+00
+176.100E+03,-54.691143E+00
+176.200E+03,-54.660423E+00
+176.300E+03,-54.629703E+00
+176.400E+03,-54.598983E+00
+176.500E+03,-54.870400E+00
+176.600E+03,-55.269760E+00
+176.700E+03,-55.669120E+00
+176.800E+03,-56.068480E+00
+176.900E+03,-56.467840E+00
+177.000E+03,-56.867200E+00
+177.100E+03,-57.266560E+00
+177.200E+03,-57.665920E+00
+177.300E+03,-58.065280E+00
+177.400E+03,-58.600440E+00
+177.500E+03,-59.819000E+00
+177.600E+03,-61.037560E+00
+177.700E+03,-62.256120E+00
+177.800E+03,-63.474680E+00
+177.900E+03,-64.693240E+00
+178.000E+03,-65.911800E+00
+178.100E+03,-67.130360E+00
+178.200E+03,-68.348920E+00
+178.300E+03,-69.567480E+00
+178.400E+03,-69.336759E+00
+178.500E+03,-68.251319E+00
+178.600E+03,-67.165879E+00
+178.700E+03,-66.080439E+00
+178.800E+03,-64.994999E+00
+178.900E+03,-63.909559E+00
+179.000E+03,-62.824119E+00
+179.100E+03,-61.738679E+00
+179.200E+03,-60.653239E+00
+179.300E+03,-59.625444E+00
+179.400E+03,-59.164644E+00
+179.500E+03,-58.703844E+00
+179.600E+03,-58.243044E+00
+179.700E+03,-57.782244E+00
+179.800E+03,-57.321444E+00
+179.900E+03,-56.860644E+00
+180.000E+03,-56.399844E+00
+180.100E+03,-55.939044E+00
+180.200E+03,-55.478244E+00
+180.300E+03,-55.222239E+00
+180.400E+03,-55.130079E+00
+180.500E+03,-55.037919E+00
+180.600E+03,-54.945759E+00
+180.700E+03,-54.853599E+00
+180.800E+03,-54.761439E+00
+180.900E+03,-54.669279E+00
+181.000E+03,-54.577119E+00
+181.100E+03,-54.484959E+00
+181.200E+03,-54.396841E+00
+181.300E+03,-54.519721E+00
+181.400E+03,-54.642601E+00
+181.500E+03,-54.765481E+00
+181.600E+03,-54.888361E+00
+181.700E+03,-55.011241E+00
+181.800E+03,-55.134121E+00
+181.900E+03,-55.257001E+00
+182.000E+03,-55.379881E+00
+182.100E+03,-55.502761E+00
+182.200E+03,-55.729302E+00
+182.300E+03,-56.067223E+00
+182.400E+03,-56.405143E+00
+182.500E+03,-56.743063E+00
+182.600E+03,-57.080982E+00
+182.700E+03,-57.418902E+00
+182.800E+03,-57.756822E+00
+182.900E+03,-58.094742E+00
+183.000E+03,-58.432662E+00
+183.100E+03,-58.770582E+00
+183.200E+03,-59.060102E+00
+183.300E+03,-59.346823E+00
+183.400E+03,-59.633542E+00
+183.500E+03,-59.920263E+00
+183.600E+03,-60.206983E+00
+183.700E+03,-60.493702E+00
+183.800E+03,-60.780422E+00
+183.900E+03,-61.067142E+00
+184.000E+03,-61.353862E+00
+184.100E+03,-61.456498E+00
+184.200E+03,-61.292658E+00
+184.300E+03,-61.128818E+00
+184.400E+03,-60.964978E+00
+184.500E+03,-60.801138E+00
+184.600E+03,-60.637298E+00
+184.700E+03,-60.473458E+00
+184.800E+03,-60.309618E+00
+184.900E+03,-60.145778E+00
+185.000E+03,-59.981938E+00
+185.100E+03,-59.755605E+00
+185.200E+03,-59.520085E+00
+185.300E+03,-59.284565E+00
+185.400E+03,-59.049045E+00
+185.500E+03,-58.813525E+00
+185.600E+03,-58.578005E+00
+185.700E+03,-58.342485E+00
+185.800E+03,-58.106965E+00
+185.900E+03,-57.871445E+00
+186.000E+03,-57.749156E+00
+186.100E+03,-57.851556E+00
+186.200E+03,-57.953956E+00
+186.300E+03,-58.056356E+00
+186.400E+03,-58.158756E+00
+186.500E+03,-58.261156E+00
+186.600E+03,-58.363556E+00
+186.700E+03,-58.465956E+00
+186.800E+03,-58.568356E+00
+186.900E+03,-58.670756E+00
+187.000E+03,-59.116506E+00
+187.100E+03,-59.648986E+00
+187.200E+03,-60.181466E+00
+187.300E+03,-60.713946E+00
+187.400E+03,-61.246426E+00
+187.500E+03,-61.778906E+00
+187.600E+03,-62.311386E+00
+187.700E+03,-62.843866E+00
+187.800E+03,-63.376346E+00
+187.900E+03,-63.769531E+00
+188.000E+03,-63.769531E+00
+188.100E+03,-63.769531E+00
+188.200E+03,-63.769531E+00
+188.300E+03,-63.769531E+00
+188.400E+03,-63.769531E+00
+188.500E+03,-63.769531E+00
+188.600E+03,-63.769531E+00
+188.700E+03,-63.769531E+00
+188.800E+03,-63.769531E+00
+188.900E+03,-63.569124E+00
+189.000E+03,-63.292644E+00
+189.100E+03,-63.016164E+00
+189.200E+03,-62.739684E+00
+189.300E+03,-62.463204E+00
+189.400E+03,-62.186724E+00
+189.500E+03,-61.910244E+00
+189.600E+03,-61.633764E+00
+189.700E+03,-61.357284E+00
+189.800E+03,-61.103919E+00
+189.900E+03,-60.950319E+00
+190.000E+03,-60.796719E+00
+190.100E+03,-60.643119E+00
+190.200E+03,-60.489519E+00
+190.300E+03,-60.335919E+00
+190.400E+03,-60.182319E+00
+190.500E+03,-60.028719E+00
+190.600E+03,-59.875119E+00
+190.700E+03,-59.721519E+00
+190.800E+03,-59.667969E+00
+190.900E+03,-59.667969E+00
+191.000E+03,-59.667969E+00
+191.100E+03,-59.667969E+00
+191.200E+03,-59.667969E+00
+191.300E+03,-59.667969E+00
+191.400E+03,-59.667969E+00
+191.500E+03,-59.667969E+00
+191.600E+03,-59.667969E+00
+191.700E+03,-59.700834E+00
+191.800E+03,-59.987554E+00
+191.900E+03,-60.274274E+00
+192.000E+03,-60.560994E+00
+192.100E+03,-60.847714E+00
+192.200E+03,-61.134434E+00
+192.300E+03,-61.421154E+00
+192.400E+03,-61.707874E+00
+192.500E+03,-61.994594E+00
+192.600E+03,-62.281314E+00
+192.700E+03,-62.905331E+00
+192.800E+03,-63.775731E+00
+192.900E+03,-64.646131E+00
+193.000E+03,-65.516531E+00
+193.100E+03,-66.386931E+00
+193.200E+03,-67.257331E+00
+193.300E+03,-68.127731E+00
+193.400E+03,-68.998131E+00
+193.500E+03,-69.868531E+00
+193.600E+03,-70.722081E+00
+193.700E+03,-71.182881E+00
+193.800E+03,-71.643681E+00
+193.900E+03,-72.104481E+00
+194.000E+03,-72.565281E+00
+194.100E+03,-73.026081E+00
+194.200E+03,-73.486881E+00
+194.300E+03,-73.947681E+00
+194.400E+03,-74.408481E+00
+194.500E+03,-74.869281E+00
+194.600E+03,-75.996366E+00
+194.700E+03,-77.778126E+00
+194.800E+03,-79.559886E+00
+194.900E+03,-81.341646E+00
+195.000E+03,-83.123406E+00
+195.100E+03,-84.905166E+00
+195.200E+03,-86.686926E+00
+195.300E+03,-88.468686E+00
+195.400E+03,-90.250446E+00
+195.500E+03,-92.032206E+00
+195.600E+03,-89.701835E+00
+195.700E+03,-87.233995E+00
+195.800E+03,-84.766155E+00
+195.900E+03,-82.298315E+00
+196.000E+03,-79.830475E+00
+196.100E+03,-77.362635E+00
+196.200E+03,-74.894795E+00
+196.300E+03,-72.426955E+00
+196.400E+03,-69.959115E+00
+196.500E+03,-68.338475E+00
+196.600E+03,-67.836715E+00
+196.700E+03,-67.334955E+00
+196.800E+03,-66.833195E+00
+196.900E+03,-66.331435E+00
+197.000E+03,-65.829675E+00
+197.100E+03,-65.327915E+00
+197.200E+03,-64.826155E+00
+197.300E+03,-64.324395E+00
+197.400E+03,-63.822635E+00
+197.500E+03,-63.568094E+00
+197.600E+03,-63.342814E+00
+197.700E+03,-63.117534E+00
+197.800E+03,-62.892254E+00
+197.900E+03,-62.666974E+00
+198.000E+03,-62.441694E+00
+198.100E+03,-62.216414E+00
+198.200E+03,-61.991134E+00
+198.300E+03,-61.765854E+00
+198.400E+03,-61.540574E+00
+198.500E+03,-61.315294E+00
+198.600E+03,-61.090014E+00
+198.700E+03,-60.864734E+00
+198.800E+03,-60.639454E+00
+198.900E+03,-60.414174E+00
+199.000E+03,-60.188894E+00
+199.100E+03,-59.963614E+00
+199.200E+03,-59.738334E+00
+199.300E+03,-59.513054E+00
+199.400E+03,-59.296178E+00
+199.500E+03,-59.081138E+00
+199.600E+03,-58.866098E+00
+199.700E+03,-58.651058E+00
+199.800E+03,-58.436018E+00
+199.900E+03,-58.220978E+00
