x-axis,1,3,MATH1
second,Volt,Volt,Volt
+748.0000E-06,+1.6055276210E+00,-1.9296482205E+00,+3.5327148438E+00
+748.2500E-06,+1.7236180720E+00,-1.8316582718E+00,+3.5522460938E+00
+748.5000E-06,+1.8442210858E+00,-1.8542713369E+00,+3.6914062500E+00
+748.7500E-06,+1.7110552581E+00,-2.0678391738E+00,+3.7695312500E+00
+749.0000E-06,+1.6909547558E+00,-2.1658291225E+00,+3.8546752930E+00
+749.2500E-06,+2.0100502297E+00,-1.8492462113E+00,+3.8574218750E+00
+749.5000E-06,+1.9346733461E+00,-1.8442210858E+00,+3.7695312500E+00
+749.7500E-06,+1.7688442022E+00,-1.9874371646E+00,+3.7475585938E+00
+750.0000E-06,+1.6884421930E+00,-1.9321607833E+00,+3.6157226562E+00
+750.2500E-06,+1.8944723415E+00,-1.7060301325E+00,+3.5961914062E+00
+750.5000E-06,+1.8065326440E+00,-1.6507537512E+00,+3.4570312500E+00
+750.7500E-06,+1.5628140536E+00,-1.7336683231E+00,+3.2910156250E+00
+751.0000E-06,+1.4497487282E+00,-1.6859296302E+00,+3.1347656250E+00
+751.2500E-06,+1.3567839051E+00,-1.5201004862E+00,+2.8735351562E+00
+751.5000E-06,+1.3291457144E+00,-1.2814070215E+00,+2.6049804688E+00
+751.7500E-06,+1.0904522496E+00,-1.3216080261E+00,+2.4023437500E+00
+752.0000E-06,+969.8492358E-03,-1.1231155659E+00,+2.0922851562E+00
+752.2500E-06,+1.0100502404E+00,-839.1959709E-03,+1.8457031250E+00
+752.5000E-06,+761.3065245E-03,-846.7336593E-03,+1.6015625000E+00
+752.7500E-06,+517.5879342E-03,-733.6683338E-03,+1.2451171875E+00
+753.0000E-06,+479.8994924E-03,-484.9246179E-03,+957.0312500E-03
+753.2500E-06,+321.6080368E-03,-384.4221064E-03,+703.4301758E-03
+753.5000E-06,+37.6884418E-03,-283.9195949E-03,+312.5000000E-03
+753.7500E-06,-218.5929625E-03,-276.3819066E-03,+56.1523438E-03
+754.0000E-06,-319.0954740E-03,+2.5125628E-03,-322.2656250E-03
+754.2500E-06,-339.1959763E-03,+304.0200972E-03,-644.5312500E-03
+754.5000E-06,-557.7889388E-03,+246.2311531E-03,-810.5468750E-03
+754.7500E-06,-907.0351662E-03,+356.7839158E-03,-1.2670898438E+00
+755.0000E-06,-889.4472266E-03,+638.1909480E-03,-1.5332031250E+00
+755.2500E-06,-919.5979801E-03,+866.8341616E-03,-1.7944335938E+00
+755.5000E-06,-1.2060301378E+00,+841.7085337E-03,-2.0529174805E+00
+755.7500E-06,-1.5050251095E+00,+826.6331570E-03,-2.3339843750E+00
+756.0000E-06,-1.5251256118E+00,+1.0477386822E+00,-2.5781250000E+00
+756.2500E-06,-1.5276381746E+00,+1.3492462167E+00,-2.8833007812E+00
+756.5000E-06,-1.7638190766E+00,+1.2914572726E+00,-3.0566406250E+00
+756.7500E-06,-1.9648240996E+00,+1.2864321470E+00,-3.2568359375E+00
+757.0000E-06,-1.7763818905E+00,+1.6030150582E+00,-3.3816528320E+00
+757.2500E-06,-1.8492462113E+00,+1.6256281233E+00,-3.4838867188E+00
+757.5000E-06,-2.0150753553E+00,+1.6030150582E+00,-3.6230468750E+00
+757.7500E-06,-2.0904522389E+00,+1.5854271187E+00,-3.6791992188E+00
+758.0000E-06,-2.1658291226E+00,+1.6155778721E+00,-3.7820434570E+00
+758.2500E-06,-2.1005024900E+00,+1.6783919419E+00,-3.7792968750E+00
+758.5000E-06,-2.1281406807E+00,+1.6130653093E+00,-3.7426757812E+00
+758.7500E-06,-2.1256281180E+00,+1.6532663139E+00,-3.7792968750E+00
+759.0000E-06,-1.9346733461E+00,+1.8442210858E+00,-3.7792968750E+00
+759.2500E-06,-1.8668341509E+00,+1.7688442022E+00,-3.6401367188E+00
+759.5000E-06,-1.9346733461E+00,+1.5226130491E+00,-3.4667968750E+00
+759.7500E-06,-1.8366833974E+00,+1.5628140536E+00,-3.4036254883E+00
+760.0000E-06,-1.6080401838E+00,+1.5301507374E+00,-3.1469726562E+00
+760.2500E-06,-1.5100502351E+00,+1.4020100353E+00,-2.9174804688E+00
+760.5000E-06,-1.5703517420E+00,+1.2437185797E+00,-2.8222656250E+00
+760.7500E-06,-1.4020100353E+00,+1.0904522496E+00,-2.5000000000E+00
+761.0000E-06,-1.0477386822E+00,+1.2035175751E+00,-2.2558593750E+00
+761.2500E-06,-919.5979801E-03,+1.0728643101E+00,-1.9946289062E+00
+761.5000E-06,-1.0025125521E+00,+685.9296409E-03,-1.6894531250E+00
+761.7500E-06,-711.0552687E-03,+678.3919526E-03,-1.3919067383E+00
+762.0000E-06,-407.0351715E-03,+638.1909480E-03,-1.0546875000E+00
+762.2500E-06,-339.1959763E-03,+464.8241156E-03,-810.5468750E-03
+762.5000E-06,-364.3216041E-03,+118.0904510E-03,-488.2812500E-03
+762.7500E-06,-253.7688416E-03,-92.9648232E-03,-166.0156250E-03
+763.0000E-06,+80.4020092E-03,-80.4020092E-03,+156.2500000E-03
+763.2500E-06,+223.6180880E-03,-258.7939671E-03,+478.5156250E-03
+763.5000E-06,+246.2311531E-03,-557.7889388E-03,+800.7812500E-03
+763.7500E-06,+379.3969809E-03,-665.8291386E-03,+1.0449218750E+00
+764.0000E-06,+798.9949664E-03,-648.2411990E-03,+1.4453125000E+00
+764.2500E-06,+804.0200919E-03,-947.2361707E-03,+1.7483520508E+00
+764.5000E-06,+836.6834082E-03,-1.1733668215E+00,+2.0019531250E+00
+764.7500E-06,+987.4371753E-03,-1.2638190820E+00,+2.2460937500E+00
+765.0000E-06,+1.2060301378E+00,-1.3643215935E+00,+2.5659179688E+00
+765.2500E-06,+1.1783919473E+00,-1.5552763652E+00,+2.7246093750E+00
+765.5000E-06,+1.2487437052E+00,-1.6834170674E+00,+2.9272460938E+00
+765.7500E-06,+1.4472361654E+00,-1.6884421930E+00,+3.1347656250E+00
+766.0000E-06,+1.6055276210E+00,-1.6130653093E+00,+3.2153320312E+00
+766.2500E-06,+1.5452261141E+00,-1.9120602810E+00,+3.4570312500E+00
+766.5000E-06,+1.5603014909E+00,-2.0150753553E+00,+3.5717773438E+00
+766.7500E-06,+1.8040200812E+00,-1.9296482205E+00,+3.7255859376E+00
+767.0000E-06,+1.8517587741E+00,-2.0050251042E+00,+3.8546752930E+00
+767.2500E-06,+1.7060301325E+00,-2.1356783690E+00,+3.8381958008E+00
+767.5000E-06,+1.6884421930E+00,-2.1708542481E+00,+3.8574218750E+00
+767.7500E-06,+1.7914572672E+00,-2.0100502297E+00,+3.7942504883E+00
+768.0000E-06,+1.9271356578E+00,-1.7738693277E+00,+3.6938476562E+00
+768.2500E-06,+1.7512562626E+00,-1.9296482205E+00,+3.6743164062E+00
+768.5000E-06,+1.6030150583E+00,-1.9723617879E+00,+3.5717773438E+00
+768.7500E-06,+1.7236180720E+00,-1.6758793789E+00,+3.3938598632E+00
+769.0000E-06,+1.7638190766E+00,-1.4572864164E+00,+3.2177734374E+00
+769.2500E-06,+1.4020100353E+00,-1.6356783744E+00,+3.0297851562E+00
+769.5000E-06,+1.2864321470E+00,-1.5276381746E+00,+2.8125000000E+00
+769.7500E-06,+1.2738693330E+00,-1.3216080261E+00,+2.5903320312E+00
+770.0000E-06,+1.2085427006E+00,-1.1256281286E+00,+2.3266601562E+00
+770.2500E-06,+1.0728643100E+00,-1.0175879289E+00,+2.0898437500E+00
+770.5000E-06,+846.7336592E-03,-959.7989848E-03,+1.8041992188E+00
+770.7500E-06,+839.1959710E-03,-665.8291386E-03,+1.5014648438E+00
+771.0000E-06,+640.7035108E-03,-562.8140643E-03,+1.1987304688E+00
+771.2500E-06,+276.3819067E-03,-545.2261248E-03,+817.8710938E-03
+771.5000E-06,+198.4924602E-03,-364.3216041E-03,+556.6406250E-03
+771.7500E-06,+125.6281393E-03,-115.5778883E-03,+234.3750000E-03
+772.0000E-06,-233.6683393E-03,-228.6432138E-03,-5.1879882E-03
+772.2500E-06,-321.6080368E-03,+0.0E+00,-322.2656250E-03
+772.5000E-06,-525.1256225E-03,+160.8040184E-03,-691.2231445E-03
+772.7500E-06,-540.2009993E-03,+482.4120551E-03,-1.0299682618E+00
+773.0000E-06,-723.6180827E-03,+560.3015016E-03,-1.2866210938E+00
+773.2500E-06,-1.1080401891E+00,+499.9999947E-03,-1.6113281250E+00
+773.5000E-06,-1.1306532542E+00,+718.5929572E-03,-1.8554687500E+00
+773.7500E-06,-1.1256281286E+00,+1.0452261195E+00,-2.1777343750E+00
+774.0000E-06,-1.4422110399E+00,+891.9597893E-03,-2.3364257812E+00
+774.2500E-06,-1.6884421930E+00,+902.0100406E-03,-2.5952148438E+00
+774.5000E-06,-1.6884421930E+00,+1.2060301378E+00,-2.9003906250E+00
+774.7500E-06,-1.6884421930E+00,+1.3894472213E+00,-3.0813598632E+00
+775.0000E-06,-1.6959798812E+00,+1.5226130491E+00,-3.2250976562E+00
+775.2500E-06,-2.0628140484E+00,+1.3944723468E+00,-3.4667968750E+00
+775.5000E-06,-2.0527637971E+00,+1.5276381746E+00,-3.5864257812E+00
+775.7500E-06,-1.9396984715E+00,+1.7010050070E+00,-3.6450195312E+00
+776.0000E-06,-2.0929648017E+00,+1.6884421930E+00,-3.7820434570E+00
+776.2500E-06,-2.2336683177E+00,+1.5452261141E+00,-3.7792968750E+00
+776.5000E-06,-2.1708542481E+00,+1.6934673185E+00,-3.8674926757E+00
+776.7500E-06,-2.1030150530E+00,+1.7914572672E+00,-3.8986206055E+00
+777.0000E-06,-2.0929648017E+00,+1.6859296302E+00,-3.7792968750E+00
+777.2500E-06,-2.0452261088E+00,+1.6532663139E+00,-3.7011718750E+00
+777.5000E-06,-1.9673366624E+00,+1.6457286256E+00,-3.6181640626E+00
+777.7500E-06,-1.7562813881E+00,+1.7236180721E+00,-3.4887695312E+00
+778.0000E-06,-1.8492462113E+00,+1.5251256118E+00,-3.3764648438E+00
+778.2500E-06,-1.8140703322E+00,+1.3216080261E+00,-3.1445312500E+00
+778.5000E-06,-1.4522612909E+00,+1.4045225981E+00,-2.8637695312E+00
+778.7500E-06,-1.3216080261E+00,+1.3542713422E+00,-2.6782226562E+00
+779.0000E-06,-1.3643215935E+00,+1.0502512449E+00,-2.4148559570E+00
+779.2500E-06,-1.2060301378E+00,+964.8241103E-03,-2.1777343750E+00
+779.5000E-06,-836.6834083E-03,+1.0502512449E+00,-1.8920898438E+00
+779.7500E-06,-665.8291386E-03,+942.2110452E-03,-1.6113281250E+00
+780.0000E-06,-723.6180827E-03,+643.2160735E-03,-1.3671875000E+00
+780.2500E-06,-670.8542640E-03,+374.3718554E-03,-1.0546875000E+00
+780.5000E-06,-246.2311531E-03,+477.3869296E-03,-732.4218750E-03
+780.7500E-06,-138.1909533E-03,+263.8190926E-03,-410.1562500E-03
+781.0000E-06,-155.7788929E-03,-75.3768837E-03,-87.8906250E-03
+781.2500E-06,+0.0E+00,-241.2060276E-03,+234.3750000E-03
+781.5000E-06,+326.6331622E-03,-193.4673347E-03,+515.1367188E-03
+781.7500E-06,+540.2009993E-03,-344.2211018E-03,+878.9062500E-03
+782.0000E-06,+560.3015016E-03,-648.2411990E-03,+1.2036132812E+00
+782.2500E-06,+625.6281340E-03,-947.2361707E-03,+1.5673828124E+00
+782.5000E-06,+879.3969756E-03,-927.1356684E-03,+1.8041992188E+00
+782.7500E-06,+942.2110452E-03,-1.0678391845E+00,+2.0019531250E+00
+783.0000E-06,+964.8241103E-03,-1.3643215935E+00,+2.3217773438E+00
+783.2500E-06,+1.0628140590E+00,-1.4472361654E+00,+2.5073242188E+00
+783.5000E-06,+1.3718592817E+00,-1.4422110399E+00,+2.8125000000E+00
+783.7500E-06,+1.3668341562E+00,-1.6080401838E+00,+2.9687500000E+00
+784.0000E-06,+1.4396984772E+00,-1.7738693276E+00,+3.2104492188E+00
+784.2500E-06,+1.5728643047E+00,-1.8040200813E+00,+3.3691406250E+00
+784.5000E-06,+1.6457286256E+00,-1.8115577695E+00,+3.4570312500E+00
+784.7500E-06,+1.6658291279E+00,-1.9522612856E+00,+3.6132812500E+00
+785.0000E-06,+1.6080401838E+00,-2.1683416854E+00,+3.7670898438E+00
+785.2500E-06,+1.7060301325E+00,-2.0728642994E+00,+3.7695312500E+00
+785.5000E-06,+1.8919597787E+00,-1.9296482205E+00,+3.8162231445E+00
+785.7500E-06,+1.7336683230E+00,-2.1030150530E+00,+3.8327026368E+00
+786.0000E-06,+1.6105527465E+00,-2.1683416854E+00,+3.7695312500E+00
+786.2500E-06,+1.7512562626E+00,-1.9472361601E+00,+3.6914062500E+00
+786.5000E-06,+1.8492462113E+00,-1.7688442022E+00,+3.6132812500E+00
+786.7500E-06,+1.6432160629E+00,-1.8140703322E+00,+3.4570312500E+00
+787.0000E-06,+1.4472361654E+00,-1.9271356578E+00,+3.3666992188E+00
+787.2500E-06,+1.4195979749E+00,-1.7336683230E+00,+3.1518554688E+00
+787.5000E-06,+1.5653266165E+00,-1.4522612909E+00,+3.0102539062E+00
+787.7500E-06,+1.3090452121E+00,-1.4824120445E+00,+2.7877807618E+00
+788.0000E-06,+1.0502512449E+00,-1.5226130491E+00,+2.5683593750E+00
+788.2500E-06,+1.0452261195E+00,-1.2060301378E+00,+2.2460937500E+00
+788.5000E-06,+1.0452261195E+00,-964.8241103E-03,+2.0019531250E+00
+788.7500E-06,+781.4070269E-03,-964.8241103E-03,+1.7428588868E+00
+789.0000E-06,+638.1909480E-03,-809.0452174E-03,+1.4453125000E+00
+789.2500E-06,+499.9999947E-03,-625.6281339E-03,+1.1230468750E+00
+789.5000E-06,+311.5577858E-03,-454.7738642E-03,+764.1601562E-03
+789.7500E-06,+173.3668325E-03,-309.0452227E-03,+478.5156250E-03
+790.0000E-06,-233.6683394E-03,-396.9849205E-03,+158.6914062E-03
+790.2500E-06,-160.8040184E-03,-17.5879396E-03,-148.9257812E-03
+790.5000E-06,-316.5829113E-03,+165.8291438E-03,-488.2812500E-03
+790.7500E-06,-585.4271294E-03,+138.1909534E-03,-732.4218750E-03
+791.0000E-06,-650.7537617E-03,+394.4723578E-03,-1.0546875000E+00
+791.2500E-06,-821.6080315E-03,+625.6281339E-03,-1.4550781250E+00
+791.5000E-06,-969.8492357E-03,+718.5929572E-03,-1.6894531250E+00
+791.7500E-06,-1.2286432029E+00,+701.0050177E-03,-1.9335937500E+00
+792.0000E-06,-1.4447236027E+00,+804.0200919E-03,-2.2534179688E+00
+792.2500E-06,-1.3492462166E+00,+1.0628140590E+00,-2.4121093750E+00
+792.5000E-06,-1.4849246073E+00,+1.2060301378E+00,-2.6928710938E+00
+792.7500E-06,-1.8618090255E+00,+1.0904522495E+00,-2.9565429688E+00
+793.0000E-06,-1.8492462113E+00,+1.3643215935E+00,-3.2202148438E+00
+793.2500E-06,-1.7060301325E+00,+1.5904522442E+00,-3.3007812500E+00
+793.5000E-06,-1.8492462113E+00,+1.5653266165E+00,-3.4201049805E+00
+793.7500E-06,-2.0326632948E+00,+1.5628140537E+00,-3.6010742188E+00
+794.0000E-06,-2.1658291227E+00,+1.5326633000E+00,-3.7011718750E+00
+794.2500E-06,-1.9748743506E+00,+1.7236180721E+00,-3.7011718750E+00
+794.5000E-06,-2.0100502297E+00,+1.7688442022E+00,-3.7792968750E+00
+794.7500E-06,-2.1256281181E+00,+1.6532663138E+00,-3.7792968750E+00
+795.0000E-06,-2.0879396762E+00,+1.6909547557E+00,-3.7792968750E+00
+795.2500E-06,-1.9296482205E+00,+1.8492462113E+00,-3.7792968750E+00
+795.5000E-06,-1.9296482205E+00,+1.7688442022E+00,-3.7011718750E+00
+795.7500E-06,-1.8944723414E+00,+1.6432160629E+00,-3.5449218750E+00
+796.0000E-06,-1.7688442022E+00,+1.6105527465E+00,-3.3816528320E+00
+796.2500E-06,-1.5904522442E+00,+1.6432160629E+00,-3.2397460938E+00
+796.5000E-06,-1.5753768674E+00,+1.4798994818E+00,-3.0566406250E+00
+796.7500E-06,-1.5854271188E+00,+1.3090452120E+00,-2.9003906250E+00
+797.0000E-06,-1.3618090308E+00,+1.2889447097E+00,-2.6538085938E+00
+797.2500E-06,-1.1256281286E+00,+1.2688442074E+00,-2.3950195312E+00
+797.5000E-06,-1.0829145613E+00,+1.0075376776E+00,-2.0996093750E+00
+797.7500E-06,-952.2612961E-03,+896.9849152E-03,-1.8554687500E+00
+798.0000E-06,-648.2411990E-03,+879.3969756E-03,-1.5332031250E+00
+798.2500E-06,-517.5879343E-03,+660.8040131E-03,-1.1840820314E+00
+798.5000E-06,-487.4371806E-03,+396.9849205E-03,-888.6718750E-03
+798.7500E-06,-424.6231110E-03,+160.8040184E-03,-588.3789062E-03
+799.0000E-06,-238.6934648E-03,+85.4271346E-03,-325.0122070E-03
+799.2500E-06,+80.4020092E-03,+17.5879396E-03,+61.0351562E-03
+799.5000E-06,+85.4271346E-03,-273.8693440E-03,+353.6987305E-03
+799.7500E-06,+67.8391950E-03,-633.1658226E-03,+697.9370118E-03
+800.0000E-06,+402.0100459E-03,-484.9246179E-03,+881.3476562E-03
+800.2500E-06,+580.4020039E-03,-706.0301431E-03,+1.2792968750E+00
+800.5000E-06,+557.7889389E-03,-927.1356684E-03,+1.4819335938E+00
+800.7500E-06,+701.0050177E-03,-1.1482411937E+00,+1.8457031250E+00
+801.0000E-06,+889.4472265E-03,-1.2814070216E+00,+2.1679687500E+00
+801.2500E-06,+1.0804019986E+00,-1.3316582771E+00,+2.4023437500E+00
+801.5000E-06,+1.0879396868E+00,-1.5276381746E+00,+2.6098632812E+00
+801.7500E-06,+1.1130653145E+00,-1.7010050071E+00,+2.8125000000E+00
+802.0000E-06,+1.3693467189E+00,-1.6105527465E+00,+2.9739379881E+00
+802.2500E-06,+1.5728643046E+00,-1.7236180721E+00,+3.2910156250E+00
+802.5000E-06,+1.4849246073E+00,-1.8919597787E+00,+3.3691406250E+00
+802.7500E-06,+1.5628140538E+00,-1.9748743506E+00,+3.5351562500E+00
+803.0000E-06,+1.6909547557E+00,-1.9271356578E+00,+3.6132812500E+00
+803.2500E-06,+1.7236180721E+00,-2.0376884202E+00,+3.7524414062E+00
+803.5000E-06,+1.6457286257E+00,-2.1331658062E+00,+3.7695312500E+00
+803.7500E-06,+1.7688442022E+00,-2.1256281181E+00,+3.8888549806E+00
+804.0000E-06,+1.9296482205E+00,-1.9271356578E+00,+3.8546752931E+00
+804.2500E-06,+1.8140703322E+00,-1.9020100301E+00,+3.7084960938E+00
+804.5000E-06,+1.6457286257E+00,-2.0904522389E+00,+3.7280273438E+00
+804.7500E-06,+1.7236180721E+00,-1.8944723414E+00,+3.6132812500E+00
+805.0000E-06,+1.8467336486E+00,-1.6909547557E+00,+3.5351562500E+00
+805.2500E-06,+1.6080401838E+00,-1.7512562626E+00,+3.3520507812E+00
+805.5000E-06,+1.4045225981E+00,-1.7738693276E+00,+3.1762695312E+00
+805.7500E-06,+1.3894472212E+00,-1.5502512396E+00,+2.9345703123E+00
+806.0000E-06,+1.3718592816E+00,-1.3618090308E+00,+2.7246093750E+00
+806.2500E-06,+1.2512562678E+00,-1.2236180774E+00,+2.4710083007E+00
+806.5000E-06,+969.8492357E-03,-1.2386934543E+00,+2.2045898438E+00
+806.7500E-06,+942.2110453E-03,-964.8241103E-03,+1.9018554688E+00
+807.0000E-06,+957.2864221E-03,-653.2663243E-03,+1.6040039062E+00
+807.2500E-06,+643.2160735E-03,-706.0301431E-03,+1.3403320312E+00
+807.5000E-06,+316.5829113E-03,-685.9296408E-03,+998.2299806E-03
+807.7500E-06,+241.2060276E-03,-402.0100459E-03,+634.7656250E-03
+808.0000E-06,+163.3165811E-03,-236.1809022E-03,+397.6440431E-03
+808.2500E-06,-62.8140696E-03,-125.6281392E-03,+61.0351562E-03
+808.5000E-06,-359.2964786E-03,-75.3768838E-03,-285.6445312E-03
+808.7500E-06,-437.1859251E-03,+125.6281392E-03,-566.4062500E-03
+809.0000E-06,-482.4120551E-03,+399.4974832E-03,-886.2304688E-03
+809.2500E-06,-741.2060223E-03,+402.0100459E-03,-1.1499023438E+00
+809.5000E-06,-927.1356684E-03,+557.7889389E-03,-1.4916992188E+00
+809.7500E-06,-987.4371753E-03,+723.6180827E-03,-1.7141723632E+00
+810.0000E-06,-1.1206030032E+00,+889.4472265E-03,-2.0117187500E+00
+810.2500E-06,-1.4472361654E+00,+884.4221011E-03,-2.3339843750E+00
+810.5000E-06,-1.4849246073E+00,+1.0502512449E+00,-2.5415039062E+00
+810.7500E-06,-1.5050251096E+00,+1.2512562678E+00,-2.7590942382E+00
+811.0000E-06,-1.6055276211E+00,+1.4472361654E+00,-3.0541992188E+00
+811.2500E-06,-1.8040200814E+00,+1.4120602862E+00,-3.2226562500E+00
+811.5000E-06,-1.9296482205E+00,+1.4045225981E+00,-3.3374023438E+00
+811.7500E-06,-1.7562813880E+00,+1.7587939514E+00,-3.5229492188E+00
+812.0000E-06,-1.8492462113E+00,+1.7688442022E+00,-3.6230468750E+00
+812.2500E-06,-2.1356783689E+00,+1.5628140538E+00,-3.7011718750E+00
+812.5000E-06,-2.1331658062E+00,+1.6457286257E+00,-3.7792968750E+00
+812.7500E-06,-1.9874371647E+00,+1.7914572672E+00,-3.7792968750E+00
+813.0000E-06,-1.9271356578E+00,+1.8517587740E+00,-3.7792968750E+00
+813.2500E-06,-1.9648240997E+00,+1.7964823926E+00,-3.7622070312E+00
+813.5000E-06,-2.0477386716E+00,+1.6934673184E+00,-3.7426757812E+00
+813.7500E-06,-1.8140703322E+00,+1.8266331464E+00,-3.6450195312E+00
+814.0000E-06,-1.6984924438E+00,+1.8366833979E+00,-3.5424804688E+00
+814.2500E-06,-1.7864321418E+00,+1.5904522442E+00,-3.3789062500E+00
+814.5000E-06,-1.6884421930E+00,+1.4849246073E+00,-3.1811523438E+00
+814.7500E-06,-1.5050251096E+00,+1.4346733512E+00,-2.9443359373E+00
+815.0000E-06,-1.4472361654E+00,+1.2889447097E+00,-2.7371215819E+00
+815.2500E-06,-1.3668341562E+00,+1.1256281286E+00,-2.5000000000E+00
+815.5000E-06,-1.1582914452E+00,+1.0929648121E+00,-2.2558593750E+00
+815.7500E-06,-964.8241103E-03,+1.0100502403E+00,-1.9802856443E+00
+816.0000E-06,-809.0452173E-03,+879.3969757E-03,-1.6894531250E+00
+816.2500E-06,-866.8341615E-03,+562.8140643E-03,-1.4358520507E+00
+816.5000E-06,-648.2411989E-03,+515.0753716E-03,-1.1694335938E+00
+816.7500E-06,-379.3969810E-03,+482.4120551E-03,-866.6992188E-03
+817.0000E-06,-396.9849206E-03,+165.8291438E-03,-566.4062500E-03
+817.2500E-06,-349.2462271E-03,-170.8542692E-03,-183.1054688E-03
+817.5000E-06,+0.0E+00,-118.0904511E-03,+114.7460938E-03
+817.7500E-06,+241.2060276E-03,-218.5929626E-03,+456.5429688E-03
+818.0000E-06,+241.2060276E-03,-404.5226086E-03,+637.5122069E-03
+818.2500E-06,+304.0200972E-03,-741.2060223E-03,+1.0449218750E+00
+818.5000E-06,+520.1004970E-03,-809.0452173E-03,+1.3208007812E+00
+818.7500E-06,+839.1959711E-03,-791.4572777E-03,+1.6235351562E+00
+819.0000E-06,+804.0200919E-03,-1.1231155660E+00,+1.9213867188E+00
+819.2500E-06,+758.7939619E-03,-1.4120602862E+00,+2.1679687500E+00
+819.5000E-06,+1.0452261195E+00,-1.3668341562E+00,+2.4023437500E+00
+819.7500E-06,+1.2286432028E+00,-1.4472361654E+00,+2.6684570312E+00
+820.0000E-06,+1.2864321470E+00,-1.6884421930E+00,+2.9687500000E+00
+820.2500E-06,+1.3944723466E+00,-1.7412060118E+00,+3.1347656250E+00
+820.5000E-06,+1.4472361654E+00,-1.8015075187E+00,+3.2446289065E+00
+820.7500E-06,+1.6080401838E+00,-1.8140703321E+00,+3.4158325193E+00
+821.0000E-06,+1.6809045049E+00,-1.9346733459E+00,+3.6108398438E+00
+821.2500E-06,+1.6256281234E+00,-2.1356783689E+00,+3.7524414062E+00
+821.5000E-06,+1.7688442022E+00,-1.9673366624E+00,+3.7280273438E+00
+821.7500E-06,+1.7914572671E+00,-1.9874371647E+00,+3.7695312500E+00
+822.0000E-06,+1.6909547557E+00,-2.1683416854E+00,+3.8574218750E+00
+822.2500E-06,+1.7512562626E+00,-2.1080401785E+00,+3.8574218750E+00
+822.5000E-06,+1.8919597786E+00,-1.8819095279E+00,+3.7692260744E+00
+822.7500E-06,+1.8266331464E+00,-1.8718592763E+00,+3.6914062500E+00
+823.0000E-06,+1.6834170676E+00,-1.9321607832E+00,+3.6108398438E+00
+823.2500E-06,+1.5628140538E+00,-1.8316582717E+00,+3.3883666993E+00
+823.5000E-06,+1.6834170676E+00,-1.6130653092E+00,+3.2910156250E+00
+823.7500E-06,+1.5728643046E+00,-1.4472361654E+00,+3.0154418943E+00
+824.0000E-06,+1.2135678259E+00,-1.6809045049E+00,+2.8906250000E+00
+824.2500E-06,+1.2412060171E+00,-1.4296482258E+00,+2.6635742188E+00
+824.5000E-06,+1.2487437051E+00,-1.1206030033E+00,+2.3608398439E+00
+824.7500E-06,+1.0904522494E+00,-1.0226130545E+00,+2.1118164061E+00
+825.0000E-06,+879.3969757E-03,-969.8492356E-03,+1.8457031250E+00
+825.2500E-06,+723.6180827E-03,-884.4221011E-03,+1.6015625000E+00
+825.5000E-06,+718.5929573E-03,-567.8391897E-03,+1.2792968750E+00
+825.7500E-06,+482.4120551E-03,-424.6231109E-03,+900.8789061E-03
+826.0000E-06,+87.9396972E-03,-555.2763763E-03,+634.7656250E-03
+826.2500E-06,+17.5879396E-03,-286.4321575E-03,+295.4101561E-03
+826.5000E-06,+42.7135673E-03,+42.7135673E-03,+0.0E+00
+826.7500E-06,-218.5929626E-03,+80.4020092E-03,-300.2929689E-03
+827.0000E-06,-484.9246178E-03,+158.2914557E-03,-644.5312500E-03
+827.2500E-06,-535.1758740E-03,+412.0602967E-03,-949.7070311E-03
+827.5000E-06,-723.6180827E-03,+562.8140643E-03,-1.2890625000E+00
+827.7500E-06,-907.0351661E-03,+678.3919527E-03,-1.5893554689E+00
+828.0000E-06,-1.2035175752E+00,+645.7286362E-03,-1.8554687500E+00
+828.2500E-06,-1.2688442074E+00,+839.1959711E-03,-2.1166992189E+00
+828.5000E-06,-1.2864321470E+00,+1.0879396867E+00,-2.3754882811E+00
+828.7500E-06,-1.5628140538E+00,+1.0678391844E+00,-2.6342773439E+00
+829.0000E-06,-1.6909547556E+00,+1.1256281286E+00,-2.8247070311E+00
+829.2500E-06,-1.6432160630E+00,+1.4120602862E+00,-3.0566406250E+00
+829.5000E-06,-1.7261306349E+00,+1.5326632999E+00,-3.2641601561E+00
+829.7500E-06,-1.9522612855E+00,+1.5050251096E+00,-3.4667968750E+00
+830.0000E-06,-2.0150753551E+00,+1.5226130492E+00,-3.5449218750E+00
+830.2500E-06,-1.9924622901E+00,+1.6256281234E+00,-3.6230468750E+00
+830.5000E-06,-1.9723617878E+00,+1.7261306349E+00,-3.7011718750E+00
+830.7500E-06,-2.1256281182E+00,+1.6306532488E+00,-3.7573242189E+00
+831.0000E-06,-2.2487436946E+00,+1.4522612908E+00,-3.7036132811E+00
+831.2500E-06,-2.0276381694E+00,+1.7688442022E+00,-3.7985229493E+00
+831.5000E-06,-1.9623115371E+00,+1.8115577694E+00,-3.7789916995E+00
+831.7500E-06,-2.0452261090E+00,+1.6532663137E+00,-3.7011718750E+00
+832.0000E-06,-2.0125627924E+00,+1.6055276211E+00,-3.6230468750E+00
+832.2500E-06,-1.8316582717E+00,+1.6432160630E+00,-3.4838867189E+00
+832.5000E-06,-1.6934673183E+00,+1.6783919423E+00,-3.3786010745E+00
+832.7500E-06,-1.7462311372E+00,+1.4472361654E+00,-3.2006835939E+00
+833.0000E-06,-1.6834170676E+00,+1.2914572724E+00,-2.9785156250E+00
+833.2500E-06,-1.4296482258E+00,+1.3668341562E+00,-2.8030395507E+00
+833.5000E-06,-1.2010050125E+00,+1.2914572724E+00,-2.5000000000E+00
+833.7500E-06,-1.2638190821E+00,+987.4371752E-03,-2.2558593750E+00
+834.0000E-06,-1.0477386821E+00,+962.3115476E-03,-2.0117187500E+00
+834.2500E-06,-758.7939620E-03,+929.6482310E-03,-1.6894531250E+00
+834.5000E-06,-643.2160735E-03,+680.9045154E-03,-1.3256835939E+00
+834.7500E-06,-608.0401943E-03,+414.5728602E-03,-1.0299682618E+00
+835.0000E-06,-479.8994925E-03,+243.7185902E-03,-732.4218750E-03
+835.2500E-06,-160.8040184E-03,+241.2060276E-03,-410.1562500E-03
+835.5000E-06,-75.3768838E-03,+47.7386926E-03,-129.3945311E-03
+835.7500E-06,-22.6130650E-03,-241.2060276E-03,+212.4023439E-03
+836.0000E-06,+236.1809022E-03,-326.6331621E-03,+556.6406250E-03
+836.2500E-06,+527.6381851E-03,-293.9698465E-03,+817.8710939E-03
+836.5000E-06,+482.4120551E-03,-680.9045154E-03,+1.1596679689E+00
+836.7500E-06,+540.2009994E-03,-871.8592868E-03,+1.4041137693E+00
+837.0000E-06,+798.9949666E-03,-1.0452261195E+00,+1.8405151370E+00
+837.2500E-06,+937.1859200E-03,-1.0276381798E+00,+1.9601440432E+00
+837.5000E-06,+1.0452261195E+00,-1.2437185798E+00,+2.2827148439E+00
+837.7500E-06,+952.2612960E-03,-1.5979899331E+00,+2.5463867189E+00
+838.0000E-06,+1.1306532540E+00,-1.6859296303E+00,+2.8149414061E+00
+838.2500E-06,+1.4296482258E+00,-1.4824120447E+00,+2.9077148439E+00
+838.5000E-06,+1.4472361654E+00,-1.7261306349E+00,+3.1713867189E+00
+838.7500E-06,+1.4246231004E+00,-1.8718592763E+00,+3.2910156250E+00
+839.0000E-06,+1.6030150585E+00,-1.9296482205E+00,+3.5299682620E+00
+839.2500E-06,+1.6432160630E+00,-1.9120602809E+00,+3.5522460939E+00
+839.5000E-06,+1.6457286257E+00,-2.0150753551E+00,+3.6547851561E+00
+839.7500E-06,+1.5502512396E+00,-2.1482411831E+00,+3.6914062500E+00
+840.0000E-06,+1.6934673183E+00,-2.0854271136E+00,+3.7695312500E+00
+840.2500E-06,+1.8492462113E+00,-1.9296482205E+00,+3.7695312500E+00
+840.5000E-06,+1.7311557602E+00,-2.0427135463E+00,+3.7692260745E+00
+840.7500E-06,+1.6884421930E+00,-2.0326632947E+00,+3.7133789061E+00
+841.0000E-06,+1.9221105326E+00,-1.7738693275E+00,+3.6889648439E+00
+841.2500E-06,+1.8140703321E+00,-1.7864321418E+00,+3.5961914061E+00
+841.5000E-06,+1.5653266165E+00,-1.8542713367E+00,+3.4158325194E+00
+841.7500E-06,+1.4824120447E+00,-1.7562813878E+00,+3.2348632811E+00
+842.0000E-06,+1.4522612907E+00,-1.5251256119E+00,+2.9711914061E+00
+842.2500E-06,+1.4472361654E+00,-1.3668341562E+00,+2.8125000000E+00
+842.5000E-06,+1.2110552632E+00,-1.3994974728E+00,+2.6049804689E+00
+842.7500E-06,+1.0452261195E+00,-1.2864321470E+00,+2.3242187500E+00
+843.0000E-06,+1.1984924499E+00,-891.9597891E-03,+2.0898437500E+00
+843.2500E-06,+1.0100502402E+00,-776.3819016E-03,+1.7846679689E+00
+843.5000E-06,+648.2411988E-03,-884.4221011E-03,+1.5283203123E+00
+843.7500E-06,+517.5879344E-03,-665.8291385E-03,+1.1791992189E+00
+844.0000E-06,+479.8994925E-03,-402.0100459E-03,+876.4648439E-03
+844.2500E-06,+258.7939672E-03,-241.2060276E-03,+495.6054689E-03
+844.5000E-06,-75.3768839E-03,-236.1809023E-03,+156.2500000E-03
+844.7500E-06,-253.7688419E-03,-173.3668327E-03,-87.8906250E-03
+845.0000E-06,-319.0954741E-03,+160.8040184E-03,-485.8398439E-03
+845.2500E-06,-419.5979856E-03,+304.0200971E-03,-732.4218750E-03
+845.5000E-06,-718.5929574E-03,+326.6331621E-03,-1.0546875000E+00
+845.7500E-06,-768.8442126E-03,+517.5879344E-03,-1.2890625000E+00
+846.0000E-06,-959.7989850E-03,+645.7286362E-03,-1.6088867189E+00
+846.2500E-06,-1.0904522494E+00,+713.5678321E-03,-1.8115234378E+00
+846.5000E-06,-1.3291457143E+00,+804.0200919E-03,-2.1411132811E+00
+846.7500E-06,-1.4020100355E+00,+929.6482310E-03,-2.3339843750E+00
+847.0000E-06,-1.5251256119E+00,+1.2085427005E+00,-2.7343750000E+00
+847.2500E-06,-1.6256281234E+00,+1.2688442074E+00,-2.9003906250E+00
+847.5000E-06,-1.8869346533E+00,+1.2487437051E+00,-3.1445312500E+00
+847.7500E-06,-1.8140703321E+00,+1.4824120447E+00,-3.3007812500E+00
+848.0000E-06,-1.7713567648E+00,+1.6834170677E+00,-3.4640502931E+00
+848.2500E-06,-2.0100502297E+00,+1.5904522441E+00,-3.6059570311E+00
+848.5000E-06,-2.2185929407E+00,+1.4798994820E+00,-3.7011718750E+00
+848.7500E-06,-2.0326632947E+00,+1.6658291280E+00,-3.7011718750E+00
+849.0000E-06,-1.9296482205E+00,+1.7713567648E+00,-3.7036132811E+00
+849.2500E-06,-2.0904522389E+00,+1.7336683229E+00,-3.8308715818E+00
+849.5000E-06,-2.1658291228E+00,+1.6130653091E+00,-3.7792968750E+00
+849.7500E-06,-2.0326632947E+00,+1.7462311372E+00,-3.7792968750E+00
+850.0000E-06,-1.8517587740E+00,+1.9221105326E+00,-3.7744140628E+00
+850.2500E-06,-1.8844220906E+00,+1.6708542533E+00,-3.5620117189E+00
+850.5000E-06,-1.9346733458E+00,+1.5226130493E+00,-3.4667968750E+00
+850.7500E-06,-1.7336683229E+00,+1.5628140539E+00,-3.3007812500E+00
+851.0000E-06,-1.6080401838E+00,+1.5301507372E+00,-3.1469726561E+00
+851.2500E-06,-1.5904522441E+00,+1.3216080263E+00,-2.9174804689E+00
+851.5000E-06,-1.4849246074E+00,+1.1683416959E+00,-2.6562500000E+00
+851.7500E-06,-1.3216080263E+00,+1.0904522493E+00,-2.4121093750E+00
+852.0000E-06,-967.3366729E-03,+1.1256281286E+00,-2.1020507811E+00
+852.2500E-06,-1.0452261195E+00,+866.8341614E-03,-1.9165039061E+00
+852.5000E-06,-922.1105430E-03,+685.9296408E-03,-1.6113281250E+00
+852.7500E-06,-643.2160735E-03,+701.0050178E-03,-1.3452148439E+00
+853.0000E-06,-482.4120551E-03,+484.9246178E-03,-969.5434569E-03
+853.2500E-06,-447.2361758E-03,+195.9798977E-03,-644.5312500E-03
+853.5000E-06,-321.6080368E-03,+42.7135672E-03,-368.9575194E-03
+853.7500E-06,-92.9648236E-03,-12.5628144E-03,-87.8906250E-03
+854.0000E-06,+2.5125626E-03,-238.6934649E-03,+234.3750000E-03
+854.2500E-06,+143.2160787E-03,-437.1859253E-03,+573.7304689E-03
+854.5000E-06,+278.8944695E-03,-643.2160735E-03,+915.5273439E-03
+854.7500E-06,+655.7788879E-03,-527.6381850E-03,+1.1791992189E+00
+855.0000E-06,+723.6180827E-03,-804.0200919E-03,+1.5234375000E+00
+855.2500E-06,+660.8040132E-03,-1.1884421982E+00,+1.8457031250E+00
+855.5000E-06,+798.9949666E-03,-1.2487437051E+00,+2.0431518556E+00
+855.7500E-06,+1.1834170729E+00,-1.2060301378E+00,+2.3803710939E+00
+856.0000E-06,+1.2060301378E+00,-1.4447236028E+00,+2.6440429689E+00
+856.2500E-06,+1.1708542585E+00,-1.5804019936E+00,+2.7438354494E+00
+856.5000E-06,+1.2864321470E+00,-1.7261306349E+00,+3.0053710939E+00
+856.7500E-06,+1.5276381746E+00,-1.6306532487E+00,+3.1567382811E+00
+857.0000E-06,+1.6809045050E+00,-1.6130653091E+00,+3.2885742189E+00
+857.2500E-06,+1.5276381746E+00,-2.0100502297E+00,+3.5351562500E+00
+857.5000E-06,+1.6834170677E+00,-1.8969849039E+00,+3.5766601561E+00
+857.7500E-06,+1.8266331464E+00,-1.8718592763E+00,+3.6914062500E+00
+858.0000E-06,+1.6909547556E+00,-2.0075376671E+00,+3.6914062500E+00
+858.2500E-06,+1.7512562625E+00,-2.1080401786E+00,+3.8574218750E+00
+858.5000E-06,+1.8115577694E+00,-1.9673366625E+00,+3.7695312500E+00
+858.7500E-06,+1.8718592763E+00,-1.9070351556E+00,+3.7695312500E+00
+859.0000E-06,+1.8417085234E+00,-1.8567838993E+00,+3.6914062500E+00
+859.2500E-06,+1.6708542533E+00,-1.9472361602E+00,+3.6132812500E+00
+859.5000E-06,+1.6834170677E+00,-1.7738693274E+00,+3.4570312500E+00
+859.7500E-06,+1.7462311372E+00,-1.6080401838E+00,+3.3471679689E+00
+860.0000E-06,+1.4522612907E+00,-1.7638190769E+00,+3.2128906250E+00
+860.2500E-06,+1.3040200867E+00,-1.6532663137E+00,+2.9516601561E+00
+860.5000E-06,+1.3718592815E+00,-1.3190954637E+00,+2.6831054689E+00
+860.7500E-06,+1.3316582769E+00,-1.2185929522E+00,+2.5463867189E+00
+861.0000E-06,+1.0452261195E+00,-1.2060301378E+00,+2.2460937500E+00
+861.2500E-06,+947.2361706E-03,-1.0628140591E+00,+2.0019531250E+00
+861.5000E-06,+841.7085339E-03,-846.7336591E-03,+1.6796875000E+00
+861.7500E-06,+839.1959712E-03,-550.2512499E-03,+1.3821411131E+00
+862.0000E-06,+402.0100459E-03,-643.2160735E-03,+1.0449218750E+00
+862.2500E-06,+115.5778885E-03,-670.8542637E-03,+783.6914061E-03
+862.5000E-06,+198.4924603E-03,-283.9195948E-03,+478.5156250E-03
+862.7500E-06,+22.6130649E-03,-115.5778885E-03,+134.2773439E-03
+863.0000E-06,-316.5829115E-03,-77.8894466E-03,-241.6992189E-03
+863.2500E-06,-482.4120551E-03,+62.8140695E-03,-549.3164061E-03
+863.5000E-06,-482.4120551E-03,+278.8944695E-03,-769.0429689E-03
+863.7500E-06,-608.0401942E-03,+517.5879345E-03,-1.1328125000E+00
+864.0000E-06,-809.0452172E-03,+560.3015017E-03,-1.3699340819E+00
+864.2500E-06,-1.1080401890E+00,+499.9999948E-03,-1.6113281250E+00
+864.5000E-06,-1.1683416959E+00,+836.6834086E-03,-2.0114135745E+00
+864.7500E-06,-1.2864321470E+00,+964.8241103E-03,-2.2558593750E+00
+865.0000E-06,-1.5276381746E+00,+964.8241103E-03,-2.5000000000E+00
+865.2500E-06,-1.6080401838E+00,+1.1080401890E+00,-2.7172851561E+00
+865.5000E-06,-1.6030150585E+00,+1.2914572723E+00,-2.9003906250E+00
+865.7500E-06,-1.7110552579E+00,+1.4246231005E+00,-3.1445312500E+00
+866.0000E-06,-1.9321607832E+00,+1.4422110401E+00,-3.3764648439E+00
+866.2500E-06,-1.9472361602E+00,+1.5276381746E+00,-3.4838867189E+00
+866.5000E-06,-1.8919597786E+00,+1.6834170677E+00,-3.5815429689E+00
+866.7500E-06,-2.0100502297E+00,+1.6884421930E+00,-3.7011718750E+00
+867.0000E-06,-2.2487436947E+00,+1.5326632998E+00,-3.7820434569E+00
+867.2500E-06,-2.0728642992E+00,+1.6884421930E+00,-3.7622070311E+00
+867.5000E-06,-2.0050251045E+00,+1.8542713366E+00,-3.8671875000E+00
+867.7500E-06,-2.0452261091E+00,+1.6532663136E+00,-3.7011718750E+00
+868.0000E-06,-2.0929648015E+00,+1.6834170677E+00,-3.7768554689E+00
+868.2500E-06,-1.9296482205E+00,+1.6884421930E+00,-3.6230468750E+00
+868.5000E-06,-1.8115577694E+00,+1.8065326441E+00,-3.6230468750E+00
+868.7500E-06,-1.7914572671E+00,+1.5854271189E+00,-3.3789062500E+00
+869.0000E-06,-1.8492462113E+00,+1.3693467188E+00,-3.2250976561E+00
+869.2500E-06,-1.6708542533E+00,+1.3844220959E+00,-3.0566406250E+00
+869.5000E-06,-1.3668341562E+00,+1.4472361654E+00,-2.8222656250E+00
+869.7500E-06,-1.4472361654E+00,+1.1482411936E+00,-2.6000976561E+00
+870.0000E-06,-1.3643215936E+00,+967.3366729E-03,-2.3339843750E+00
+870.2500E-06,-1.0804019988E+00,+1.0100502401E+00,-2.0996093750E+00
+870.5000E-06,-851.7587844E-03,+879.3969758E-03,-1.7361450194E+00
+870.7500E-06,-768.8442125E-03,+736.1808971E-03,-1.5112304689E+00
+871.0000E-06,-648.2411988E-03,+482.4120551E-03,-1.1376953122E+00
+871.2500E-06,-545.2261246E-03,+356.7839161E-03,-905.7617189E-03
+871.5000E-06,-321.6080368E-03,+241.2060276E-03,-566.4062500E-03
+871.7500E-06,-276.3819069E-03,+22.6130649E-03,-300.2929689E-03
+872.0000E-06,-82.9145718E-03,-160.8040184E-03,+75.6835939E-03
+872.2500E-06,+160.8040184E-03,-241.2060276E-03,+400.3906250E-03
+872.5000E-06,+364.3216040E-03,-359.2964787E-03,+722.6562500E-03
+872.7500E-06,+379.3969810E-03,-585.4271292E-03,+957.0312500E-03
+873.0000E-06,+630.6532604E-03,-733.6683332E-03,+1.3549804689E+00
+873.2500E-06,+786.4321522E-03,-821.6080316E-03,+1.6015625000E+00
+873.5000E-06,+922.1105431E-03,-1.0075376775E+00,+1.9238281250E+00
+873.7500E-06,+884.4221011E-03,-1.2638190821E+00,+2.1459960939E+00
+874.0000E-06,+889.4472263E-03,-1.4447236028E+00,+2.3266601561E+00
+874.2500E-06,+1.2864321470E+00,-1.3844220959E+00,+2.6635742189E+00
+874.5000E-06,+1.4522612906E+00,-1.4371859149E+00,+2.8857421878E+00
+874.7500E-06,+1.3090452119E+00,-1.7688442022E+00,+3.0715942381E+00
+875.0000E-06,+1.5201004867E+00,-1.6934673182E+00,+3.2104492189E+00
+875.2500E-06,+1.6884421930E+00,-1.7512562625E+00,+3.4378051756E+00
+875.5000E-06,+1.7638190769E+00,-1.8115577694E+00,+3.5717773439E+00
+875.7500E-06,+1.6080401838E+00,-2.0100502297E+00,+3.6132812500E+00
+876.0000E-06,+1.6130653090E+00,-2.0879396763E+00,+3.6938476561E+00
+876.2500E-06,+1.7587939517E+00,-2.0201004802E+00,+3.7695312500E+00
+876.5000E-06,+1.8115577694E+00,-1.9246230953E+00,+3.7280273439E+00
+876.7500E-06,+1.7110552579E+00,-2.0678391740E+00,+3.7695312500E+00
+877.0000E-06,+1.7663316395E+00,-1.9346733458E+00,+3.6938476561E+00
+877.2500E-06,+1.8492462113E+00,-1.8492462113E+00,+3.6914062500E+00
+877.5000E-06,+1.7261306350E+00,-1.8542713366E+00,+3.5766601561E+00
+877.7500E-06,+1.6206029982E+00,-1.8140703320E+00,+3.4323120119E+00
+878.0000E-06,+1.5301507372E+00,-1.7663316395E+00,+3.2910156250E+00
+878.2500E-06,+1.5452261143E+00,-1.5728643044E+00,+3.1155395506E+00
+878.5000E-06,+1.4045225982E+00,-1.4899497326E+00,+2.8906250000E+00
+878.7500E-06,+1.1708542585E+00,-1.4824120448E+00,+2.6464843750E+00
+879.0000E-06,+1.2035175752E+00,-1.2085427004E+00,+2.4023437500E+00
+879.2500E-06,+1.2160803883E+00,-954.7738598E-03,+2.1679687500E+00
+879.5000E-06,+884.4221011E-03,-1.0452261195E+00,+1.9238281250E+00
+879.7500E-06,+678.3919529E-03,-952.2612958E-03,+1.6235351561E+00
+880.0000E-06,+643.2160735E-03,-723.6180827E-03,+1.3574218750E+00
+880.2500E-06,+517.5879345E-03,-464.8241154E-03,+976.2573244E-03
+880.5000E-06,+241.2060276E-03,-444.7236131E-03,+681.4575193E-03
+880.7500E-06,-92.9648237E-03,-437.1859253E-03,+337.2192381E-03
+881.0000E-06,-80.4020092E-03,-160.8040184E-03,+78.1250000E-03
+881.2500E-06,-97.9899489E-03,+143.2160787E-03,-244.1406250E-03
+881.5000E-06,-396.9849207E-03,+165.8291436E-03,-566.4062500E-03
+881.7500E-06,-723.6180827E-03,+138.1909535E-03,-866.6992189E-03
+882.0000E-06,-726.1306453E-03,+479.8994925E-03,-1.2109375000E+00
+882.2500E-06,-804.0200919E-03,+660.8040132E-03,-1.4721679689E+00
+882.5000E-06,-1.0502512447E+00,+638.1909483E-03,-1.6894531250E+00
+882.7500E-06,-1.2864321470E+00,+804.0200919E-03,-2.0996093750E+00
+883.0000E-06,-1.3668341562E+00,+964.8241103E-03,-2.3339843750E+00
+883.2500E-06,-1.3668341562E+00,+1.1884421981E+00,-2.5610351561E+00
+883.5000E-06,-1.6407035006E+00,+1.0879396867E+00,-2.7340698246E+00
+883.7500E-06,-1.7462311373E+00,+1.2060301378E+00,-2.9565429689E+00
+884.0000E-06,-1.6934673182E+00,+1.5226130494E+00,-3.2226562500E+00
+884.2500E-06,-1.8316582717E+00,+1.4648241051E+00,-3.3007812500E+00
+884.5000E-06,-2.0954773641E+00,+1.4798994822E+00,-3.5815429689E+00
+884.7500E-06,-2.0326632946E+00,+1.5628140540E+00,-3.6010742189E+00
+885.0000E-06,-2.0075376671E+00,+1.6130653090E+00,-3.6254882811E+00
+885.2500E-06,-2.0552763595E+00,+1.7060301327E+00,-3.7622070311E+00
+885.5000E-06,-2.1708542481E+00,+1.6507537510E+00,-3.8259887693E+00
+885.7500E-06,-2.1482411832E+00,+1.6306532487E+00,-3.7792968750E+00
+886.0000E-06,-1.9321607831E+00,+1.8467336487E+00,-3.7792968750E+00
+886.2500E-06,-1.9020100304E+00,+1.7512562625E+00,-3.6572265629E+00
+886.5000E-06,-2.0527637969E+00,+1.5653266166E+00,-3.6230468750E+00
+886.7500E-06,-1.9170854060E+00,+1.6206029983E+00,-3.5449218750E+00
+887.0000E-06,-1.6884421930E+00,+1.6884421930E+00,-3.3789062500E+00
+887.2500E-06,-1.6532663136E+00,+1.5452261143E+00,-3.2055664061E+00
+887.5000E-06,-1.6884421930E+00,+1.2864321470E+00,-2.9785156250E+00
+887.7500E-06,-1.5050251097E+00,+1.3090452119E+00,-2.8222656250E+00
+888.0000E-06,-1.1306532538E+00,+1.3643215936E+00,-2.5024414061E+00
+888.2500E-06,-1.0804019989E+00,+1.2336683279E+00,-2.3168945311E+00
+888.5000E-06,-1.1256281286E+00,+846.7336591E-03,-1.9750976561E+00
+888.7500E-06,-826.6331568E-03,+919.5979805E-03,-1.7526245119E+00
+889.0000E-06,-565.3266269E-03,+804.0200919E-03,-1.3699340818E+00
+889.2500E-06,-562.8140643E-03,+580.4020040E-03,-1.1499023439E+00
+889.5000E-06,-407.0351711E-03,+354.2713536E-03,-769.0429689E-03
+889.7500E-06,-276.3819070E-03,+286.4321574E-03,-566.4062500E-03
+890.0000E-06,-75.3768840E-03,+85.4271344E-03,-166.0156250E-03
+890.2500E-06,+80.4020092E-03,-17.5879397E-03,+95.2148439E-03
+890.5000E-06,+123.1155764E-03,-359.2964788E-03,+478.5156250E-03
+890.7500E-06,+437.1859253E-03,-366.8341665E-03,+800.7812500E-03
+891.0000E-06,+640.7035109E-03,-404.5226085E-03,+1.0449218750E+00
+891.2500E-06,+517.5879345E-03,-786.4321522E-03,+1.2963867189E+00
+891.5000E-06,+638.1909483E-03,-1.0075376775E+00,+1.6381835939E+00
+891.7500E-06,+964.8241103E-03,-1.0452261195E+00,+2.0019531250E+00
+892.0000E-06,+1.0502512446E+00,-1.1984924501E+00,+2.2436523439E+00
+892.2500E-06,+1.0628140592E+00,-1.4296482257E+00,+2.4902343750E+00
+892.5000E-06,+1.1256281286E+00,-1.5653266166E+00,+2.6831054689E+00
+892.7500E-06,+1.3894472211E+00,-1.5854271189E+00,+2.9687500000E+00
+893.0000E-06,+1.6030150586E+00,-1.5301507372E+00,+3.1320190432E+00
+893.2500E-06,+1.4748743555E+00,-1.8216080213E+00,+3.2910156250E+00
+893.5000E-06,+1.4422110402E+00,-2.0150753549E+00,+3.4570312500E+00
+893.7500E-06,+1.6432160632E+00,-1.8944723411E+00,+3.5351562500E+00
+894.0000E-06,+1.7688442022E+00,-1.9271356579E+00,+3.6889648439E+00
+894.2500E-06,+1.6080401838E+00,-2.1532663084E+00,+3.7524414061E+00
+894.5000E-06,+1.6507537510E+00,-2.1708542481E+00,+3.8162231443E+00
+894.7500E-06,+1.7914572670E+00,-2.0678391740E+00,+3.8574218750E+00
+895.0000E-06,+1.9221105328E+00,-1.9346733457E+00,+3.8546752932E+00
+895.2500E-06,+1.7336683227E+00,-1.9824120397E+00,+3.7084960939E+00
+895.5000E-06,+1.5703517418E+00,-2.0904522389E+00,+3.6547851561E+00
+895.7500E-06,+1.7814070167E+00,-1.8140703319E+00,+3.5913085939E+00
+896.0000E-06,+1.6080401838E+00,-1.7713567647E+00,+3.3718872068E+00
+896.2500E-06,+1.4648241051E+00,-1.8316582716E+00,+3.2910156250E+00
+896.5000E-06,+1.4045225982E+00,-1.6507537510E+00,+3.0468750000E+00
+896.7500E-06,+1.3542713417E+00,-1.4597989799E+00,+2.8125000000E+00
+897.0000E-06,+1.2110552630E+00,-1.4422110402E+00,+2.6464843750E+00
+897.2500E-06,+1.0452261195E+00,-1.3040200867E+00,+2.3413085939E+00
+897.5000E-06,+1.0075376775E+00,-1.1206030035E+00,+2.1264648439E+00
+897.7500E-06,+977.3869248E-03,-849.2462217E-03,+1.8237304689E+00
+898.0000E-06,+723.6180827E-03,-801.5075293E-03,+1.5209960939E+00
+898.2500E-06,+374.3718559E-03,-831.6582819E-03,+1.2011718750E+00
+898.5000E-06,+396.9849208E-03,-530.1507475E-03,+920.4101561E-03
+898.7500E-06,+344.2211016E-03,-276.3819070E-03,+612.7929689E-03
+899.0000E-06,+7.5376878E-03,-314.0703490E-03,+312.5000000E-03
+899.2500E-06,-241.2060276E-03,-160.8040184E-03,-87.8906250E-03
+899.5000E-06,-316.5829116E-03,+85.4271344E-03,-410.1562500E-03
+899.7500E-06,-263.8190924E-03,+379.3969811E-03,-644.5312500E-03
+900.0000E-06,-565.3266269E-03,+399.4974834E-03,-966.7968750E-03
+900.2500E-06,-884.4221011E-03,+402.0100459E-03,-1.2890625000E+00
+900.5000E-06,-1.0075376774E+00,+557.7889392E-03,-1.5698242189E+00
+900.7500E-06,-952.2612957E-03,+874.3718508E-03,-1.8334960939E+00
+901.0000E-06,-1.2839195844E+00,+884.4221011E-03,-2.1752929689E+00
+901.2500E-06,-1.4648241051E+00,+947.2361706E-03,-2.4121093750E+00
+901.5000E-06,-1.5226130494E+00,+1.0929648118E+00,-2.6196289060E+00
+901.7500E-06,-1.5276381746E+00,+1.2864321470E+00,-2.8222656250E+00
+902.0000E-06,-1.7713567647E+00,+1.3618090311E+00,-3.1417846682E+00
+902.2500E-06,-1.8844220908E+00,+1.3492462165E+00,-3.2397460940E+00
+902.5000E-06,-1.8919597785E+00,+1.4849246074E+00,-3.3789062500E+00
+902.7500E-06,-1.8944723411E+00,+1.6658291281E+00,-3.5668945310E+00
+903.0000E-06,-2.0929648015E+00,+1.6080401838E+00,-3.7036132810E+00
+903.2500E-06,-2.1356783687E+00,+1.5628140540E+00,-3.7011718750E+00
+903.5000E-06,-2.0050251046E+00,+1.8542713365E+00,-3.8671875000E+00
+903.7500E-06,-1.9648241000E+00,+1.8140703319E+00,-3.7792968750E+00
+904.0000E-06,-2.0125627923E+00,+1.6884421930E+00,-3.7036132810E+00
+904.2500E-06,-2.1080401786E+00,+1.6708542533E+00,-3.7792968750E+00
+904.5000E-06,-1.9296482205E+00,+1.8115577693E+00,-3.7426757810E+00
+904.7500E-06,-1.7688442022E+00,+1.8040200816E+00,-3.5791015629E+00
+905.0000E-06,-1.9271356580E+00,+1.5301507372E+00,-3.4667968750E+00
+905.2500E-06,-1.8140703319E+00,+1.4195979754E+00,-3.2397460940E+00
+905.5000E-06,-1.5703517418E+00,+1.6457286258E+00,-3.2226562500E+00
+905.7500E-06,-1.4472361654E+00,+1.4120602860E+00,-2.8662109371E+00
+906.0000E-06,-1.5226130494E+00,+1.2110552630E+00,-2.7343750000E+00
+906.2500E-06,-1.3216080265E+00,+1.1708542584E+00,-2.5000000000E+00
+906.5000E-06,-1.0025125523E+00,+1.1683416958E+00,-2.1777343750E+00
+906.7500E-06,-907.0351660E-03,+1.0226130546E+00,-1.9335937500E+00
+907.0000E-06,-886.9346637E-03,+798.9949667E-03,-1.6870117190E+00
+907.2500E-06,-768.8442124E-03,+580.4020040E-03,-1.3500976560E+00
+907.5000E-06,-482.4120551E-03,+562.8140643E-03,-1.0546875000E+00
+907.7500E-06,-309.0452222E-03,+414.5728605E-03,-732.4218750E-03
+908.0000E-06,-399.4974834E-03,+5.0251251E-03,-412.5976560E-03
+908.2500E-06,-160.8040184E-03,-17.5879397E-03,-148.9257810E-03
+908.5000E-06,+85.4271343E-03,-118.0904512E-03,+197.7539060E-03
+908.7500E-06,+218.5929627E-03,-344.2211016E-03,+556.6406250E-03
+909.0000E-06,+316.5829116E-03,-487.4371803E-03,+800.7812500E-03
+909.2500E-06,+482.4120551E-03,-660.8040132E-03,+1.1401367190E+00
+909.5000E-06,+718.5929576E-03,-809.0452170E-03,+1.5234375000E+00
+909.7500E-06,+781.4070270E-03,-964.8241103E-03,+1.7428588870E+00
+910.0000E-06,+726.1306453E-03,-1.2814070219E+00,+1.9995117190E+00
+910.2500E-06,+982.4120500E-03,-1.2864321470E+00,+2.2631835940E+00
+910.5000E-06,+1.2487437050E+00,-1.3241205891E+00,+2.5683593750E+00
+910.7500E-06,+1.2286432027E+00,-1.5050251097E+00,+2.7246093750E+00
+911.0000E-06,+1.2035175753E+00,-1.7713567647E+00,+2.9687500000E+00
+911.2500E-06,+1.4924622951E+00,-1.7060301327E+00,+3.1958007810E+00
+911.5000E-06,+1.6457286258E+00,-1.7311557601E+00,+3.3691406250E+00
+911.7500E-06,+1.6432160632E+00,-1.8718592762E+00,+3.5131835940E+00
+912.0000E-06,+1.4522612905E+00,-2.0879396764E+00,+3.5375976560E+00
+912.2500E-06,+1.7236180724E+00,-2.0552763595E+00,+3.7695312500E+00
+912.5000E-06,+1.8919597785E+00,-1.8919597785E+00,+3.7796020503E+00
+912.7500E-06,+1.7336683227E+00,-2.1030150535E+00,+3.8327026370E+00
+913.0000E-06,+1.6130653089E+00,-2.1683416855E+00,+3.7722778318E+00
+913.2500E-06,+1.8316582716E+00,-1.9472361603E+00,+3.7695312500E+00
+913.5000E-06,+1.8919597785E+00,-1.8492462113E+00,+3.7329101560E+00
+913.7500E-06,+1.7236180724E+00,-1.8944723411E+00,+3.6132812500E+00
+914.0000E-06,+1.6080401838E+00,-1.9321607831E+00,+3.5375976560E+00
+914.2500E-06,+1.6256281235E+00,-1.7964823922E+00,+3.4207153316E+00
+914.5000E-06,+1.6030150587E+00,-1.5703517418E+00,+3.1713867190E+00
+914.7500E-06,+1.3894472211E+00,-1.6432160632E+00,+3.0249023440E+00
+915.0000E-06,+1.2085427004E+00,-1.6055276212E+00,+2.8125000000E+00
+915.2500E-06,+1.3316582767E+00,-1.2412060173E+00,+2.5683593750E+00
+915.5000E-06,+1.1683416958E+00,-1.1633165707E+00,+2.3242187500E+00
+915.7500E-06,+942.2110454E-03,-1.1482411935E+00,+2.0898437500E+00
+916.0000E-06,+876.8844134E-03,-891.9597888E-03,+1.7675781250E+00
+916.2500E-06,+706.0301430E-03,-741.2060224E-03,+1.4453125000E+00
+916.5000E-06,+520.1004972E-03,-648.2411986E-03,+1.1645507810E+00
+916.7500E-06,+263.8190924E-03,-562.8140643E-03,+822.7539060E-03
+917.0000E-06,+5.0251251E-03,-477.3869300E-03,+478.5156250E-03
+917.2500E-06,+80.4020092E-03,-80.4020092E-03,+156.2500000E-03
+917.5000E-06,-155.7788933E-03,+5.0251251E-03,-166.0156250E-03
+917.7500E-06,-482.4120551E-03,-57.7889443E-03,-432.1289060E-03
+918.0000E-06,-565.3266269E-03,+233.6683399E-03,-805.3588872E-03
+918.2500E-06,-535.1758743E-03,+527.6381848E-03,-1.0717773440E+00
+918.5000E-06,-766.3316499E-03,+557.7889392E-03,-1.3256835940E+00
+918.7500E-06,-1.0678391843E+00,+540.2009995E-03,-1.6113281250E+00
+919.0000E-06,-1.2814070219E+00,+567.8391894E-03,-1.8554687500E+00
+919.2500E-06,-1.2512562675E+00,+999.9999897E-03,-2.2558593750E+00
+919.5000E-06,-1.4045225983E+00,+1.0502512446E+00,-2.4588012693E+00
+919.7500E-06,-1.6432160633E+00,+1.0326633048E+00,-2.6782226560E+00
+920.0000E-06,-1.7663316396E+00,+1.2060301378E+00,-2.9760742190E+00
+920.2500E-06,-1.6256281235E+00,+1.5728643043E+00,-3.2055664060E+00
+920.5000E-06,-1.8115577693E+00,+1.4849246074E+00,-3.3007812500E+00
+920.7500E-06,-1.9522612854E+00,+1.4472361654E+00,-3.4036254880E+00
+921.0000E-06,-1.9271356580E+00,+1.6884421930E+00,-3.6206054690E+00
+921.2500E-06,-1.9120602808E+00,+1.7688442022E+00,-3.6840820310E+00
+921.5000E-06,-1.9673366626E+00,+1.7738693273E+00,-3.7426757810E+00
+921.7500E-06,-2.1482411833E+00,+1.7110552578E+00,-3.8671875000E+00
+922.0000E-06,-2.0854271138E+00,+1.7738693273E+00,-3.8671875000E+00
+922.2500E-06,-1.8216080214E+00,+1.9572864105E+00,-3.7792968750E+00
+922.5000E-06,-1.9723617877E+00,+1.7688442022E+00,-3.7426757810E+00
+922.7500E-06,-1.9974874151E+00,+1.7010050076E+00,-3.7011718750E+00
+923.0000E-06,-1.7713567647E+00,+1.7688442022E+00,-3.5473632810E+00
+923.2500E-06,-1.7512562624E+00,+1.7236180725E+00,-3.4838867190E+00
+923.5000E-06,-1.7688442022E+00,+1.5653266166E+00,-3.3374023440E+00
+923.7500E-06,-1.6658291281E+00,+1.3894472211E+00,-3.0566406250E+00
+924.0000E-06,-1.5226130495E+00,+1.4472361654E+00,-2.9736328130E+00
+924.2500E-06,-1.1608040081E+00,+1.4472361654E+00,-2.6123046880E+00
+924.5000E-06,-1.2386934548E+00,+1.1733668209E+00,-2.4121093750E+00
+924.7500E-06,-1.2060301378E+00,+964.8241103E-03,-2.1777343750E+00
+925.0000E-06,-809.0452170E-03,+959.7989852E-03,-1.7773437500E+00
+925.2500E-06,-688.4422032E-03,+821.6080316E-03,-1.5161132810E+00
+925.5000E-06,-648.2411986E-03,+520.1004972E-03,-1.1743164060E+00
+925.7500E-06,-643.2160735E-03,+263.8190924E-03,-910.6445310E-03
+926.0000E-06,-399.4974834E-03,+246.2311527E-03,-647.2778318E-03
+926.2500E-06,-160.8040184E-03,+160.8040184E-03,-322.2656250E-03
+926.5000E-06,-118.0904512E-03,-113.0653261E-03,-10.0708003E-03
+926.7500E-06,-57.7889443E-03,-356.7839163E-03,+290.5273440E-03
+927.0000E-06,+238.6934650E-03,-324.1205993E-03,+556.6406250E-03
+927.2500E-06,+402.0100459E-03,-499.9999949E-03,+895.9960940E-03
+927.5000E-06,+439.6984880E-03,-809.0452170E-03,+1.2426757810E+00
+927.7500E-06,+620.6030087E-03,-907.0351659E-03,+1.5234375000E+00
+928.0000E-06,+806.5326544E-03,-1.1180904410E+00,+1.9189453130E+00
+928.2500E-06,+902.0100408E-03,-1.2512562675E+00,+2.1508789060E+00
+928.5000E-06,+922.1105431E-03,-1.4472361654E+00,+2.3608398440E+00
+928.7500E-06,+1.0678391843E+00,-1.5276381746E+00,+2.5903320310E+00
+929.0000E-06,+1.3668341562E+00,-1.4497487279E+00,+2.8149414060E+00
+929.2500E-06,+1.4120602859E+00,-1.6256281235E+00,+3.0297851560E+00
+929.5000E-06,+1.2864321470E+00,-1.8919597785E+00,+3.1762695310E+00
+929.7500E-06,+1.5402009893E+00,-1.7788944523E+00,+3.3129882810E+00
+930.0000E-06,+1.6884421930E+00,-1.8492462113E+00,+3.5351562500E+00
+930.2500E-06,+1.6256281235E+00,-1.9924622900E+00,+3.6132812500E+00
+930.5000E-06,+1.5653266166E+00,-2.1708542481E+00,+3.7280273440E+00
+930.7500E-06,+1.6532663135E+00,-2.1256281184E+00,+3.7695312500E+00
+931.0000E-06,+1.8492462113E+00,-1.9296482205E+00,+3.7695312500E+00
+931.2500E-06,+1.8140703318E+00,-1.9824120398E+00,+3.7887573245E+00
+931.5000E-06,+1.5753768668E+00,-2.1658291230E+00,+3.7329101560E+00
+931.7500E-06,+1.7462311373E+00,-1.9522612854E+00,+3.6914062500E+00
+932.0000E-06,+1.8442210863E+00,-1.7738693272E+00,+3.6132812500E+00
+932.2500E-06,+1.6708542532E+00,-1.8492462113E+00,+3.5180664060E+00
+932.5000E-06,+1.4472361654E+00,-1.8492462113E+00,+3.2910156250E+00
+932.7500E-06,+1.4346733507E+00,-1.6658291281E+00,+3.0935668940E+00
+933.0000E-06,+1.5276381746E+00,-1.4447236029E+00,+2.9663085940E+00
+933.2500E-06,+1.2864321470E+00,-1.3844220960E+00,+2.6635742190E+00
+933.5000E-06,+1.1306532537E+00,-1.3618090311E+00,+2.4902343750E+00
+933.7500E-06,+1.0678391843E+00,-1.1256281286E+00,+2.1899414060E+00
+934.0000E-06,+1.1206030036E+00,-809.0452170E-03,+1.9238281250E+00
+934.2500E-06,+804.0200919E-03,-866.8341613E-03,+1.6625976560E+00
+934.5000E-06,+600.5025064E-03,-809.0452170E-03,+1.4041137693E+00
+934.7500E-06,+562.8140643E-03,-482.4120551E-03,+1.0449218750E+00
+935.0000E-06,+329.1457244E-03,-396.9849209E-03,+725.0976560E-03
+935.2500E-06,+206.0301480E-03,-258.7939673E-03,+461.4257810E-03
+935.5000E-06,-37.6884421E-03,-118.0904512E-03,+78.1250000E-03
+935.7500E-06,-80.4020092E-03,+125.6281389E-03,-209.9609370E-03
+936.0000E-06,-163.3165809E-03,+321.6080368E-03,-490.7226560E-03
+936.2500E-06,-499.9999949E-03,+241.2060276E-03,-749.5117190E-03
+936.5000E-06,-723.6180827E-03,+402.0100459E-03,-1.1328125000E+00
+936.7500E-06,-723.6180827E-03,+758.7939622E-03,-1.4865112310E+00
+937.0000E-06,-881.9095385E-03,+804.0200919E-03,-1.6870117190E+00
+937.2500E-06,-1.2060301378E+00,+678.3919530E-03,-1.8896484380E+00
+937.5000E-06,-1.3241205891E+00,+884.4221011E-03,-2.2143554690E+00
+937.7500E-06,-1.4020100357E+00,+1.0904522491E+00,-2.5000000000E+00
+938.0000E-06,-1.4472361654E+00,+1.2864321470E+00,-2.7343750000E+00
+938.2500E-06,-1.6608040031E+00,+1.2512562675E+00,-2.9174804690E+00
+938.5000E-06,-1.8492462113E+00,+1.2487437050E+00,-3.1033325193E+00
+938.7500E-06,-1.8140703318E+00,+1.5402009893E+00,-3.3569335940E+00
+939.0000E-06,-1.8517587739E+00,+1.6809045054E+00,-3.5397338872E+00
+939.2500E-06,-2.1356783686E+00,+1.4824120449E+00,-3.6230468750E+00
+939.5000E-06,-2.0904522389E+00,+1.6080401838E+00,-3.7011718750E+00
+939.7500E-06,-2.0452261093E+00,+1.7336683226E+00,-3.7792968750E+00
+940.0000E-06,-2.0904522389E+00,+1.6884421930E+00,-3.7792968750E+00
+940.2500E-06,-2.1080401787E+00,+1.6708542532E+00,-3.7792968750E+00
+940.5000E-06,-2.0854271139E+00,+1.7361808852E+00,-3.8259887692E+00
+940.7500E-06,-1.9296482205E+00,+1.7688442022E+00,-3.7011718750E+00
+941.0000E-06,-1.9321607831E+00,+1.7638190771E+00,-3.6987304690E+00
+941.2500E-06,-2.0728642991E+00,+1.4472361654E+00,-3.5278320310E+00
+941.5000E-06,-1.8115577693E+00,+1.6030150587E+00,-3.4201049808E+00
+941.7500E-06,-1.6658291281E+00,+1.6306532486E+00,-3.3007812500E+00
+942.0000E-06,-1.7613065146E+00,+1.2939698346E+00,-3.0566406250E+00
+942.2500E-06,-1.6080401838E+00,+1.2236180776E+00,-2.8393554690E+00
+942.5000E-06,-1.3241205891E+00,+1.2487437050E+00,-2.5781250000E+00
+942.7500E-06,-1.1030150638E+00,+1.2286432027E+00,-2.3339843750E+00
+943.0000E-06,-1.0477386820E+00,+1.0402009944E+00,-2.0968627933E+00
+943.2500E-06,-1.0276381797E+00,+723.6180827E-03,-1.7581176755E+00
+943.5000E-06,-728.6432078E-03,+718.5929577E-03,-1.4550781250E+00
+943.7500E-06,-482.4120551E-03,+723.6180827E-03,-1.2109375000E+00
+944.0000E-06,-479.8994926E-03,+326.6331618E-03,-812.9882810E-03
+944.2500E-06,-447.2361756E-03,+97.9899490E-03,-549.3164060E-03
+944.5000E-06,-160.8040184E-03,+80.4020092E-03,-244.1406250E-03
+944.7500E-06,+103.0150740E-03,-35.1758795E-03,+134.2773440E-03
+945.0000E-06,+158.2914559E-03,-165.8291434E-03,+315.2465817E-03
+945.2500E-06,+206.0301480E-03,-454.7738653E-03,+653.9916995E-03
+945.5000E-06,+482.4120551E-03,-525.1256223E-03,+1.0037231442E+00
+945.7500E-06,+655.7788882E-03,-653.2663236E-03,+1.3012695310E+00
+946.0000E-06,+718.5929577E-03,-889.4472261E-03,+1.6015625000E+00
+946.2500E-06,+741.2060225E-03,-1.1884421981E+00,+1.9238281250E+00
+946.5000E-06,+1.0502512445E+00,-1.1206030036E+00,+2.1679687500E+00
+946.7500E-06,+1.1482411935E+00,-1.3216080266E+00,+2.4655151370E+00
+947.0000E-06,+1.2010050128E+00,-1.5301507371E+00,+2.7221679690E+00
+947.2500E-06,+1.2512562675E+00,-1.6432160633E+00,+2.8906250000E+00
+947.5000E-06,+1.4522612904E+00,-1.6030150587E+00,+3.0468750000E+00
+947.7500E-06,+1.5628140541E+00,-1.7336683226E+00,+3.2910156250E+00
+948.0000E-06,+1.5226130496E+00,-1.8542713364E+00,+3.3691406250E+00
+948.2500E-06,+1.4999999847E+00,-1.9748743502E+00,+3.4741210940E+00
+948.5000E-06,+1.7261306350E+00,-1.8492462113E+00,+3.5717773440E+00
+948.7500E-06,+1.7336683226E+00,-1.9874371649E+00,+3.7133789060E+00
+949.0000E-06,+1.6105527463E+00,-2.2462311323E+00,+3.8546752933E+00
+949.2500E-06,+1.7060301328E+00,-2.0728642991E+00,+3.7695312500E+00
+949.5000E-06,+1.8115577693E+00,-2.0100502297E+00,+3.8162231442E+00
+949.7500E-06,+1.7688442022E+00,-1.9296482205E+00,+3.6914062500E+00
+950.0000E-06,+1.6080401838E+00,-2.0125627922E+00,+3.6157226560E+00
+950.2500E-06,+1.6080401838E+00,-1.9924622899E+00,+3.5961914060E+00
+950.5000E-06,+1.7211055100E+00,-1.6934673180E+00,+3.4103393558E+00
+950.7500E-06,+1.6306532486E+00,-1.6080401838E+00,+3.2348632810E+00
+951.0000E-06,+1.2914572721E+00,-1.7638190771E+00,+3.0468750000E+00
+951.2500E-06,+1.3216080266E+00,-1.5100502348E+00,+2.8295898440E+00
+951.5000E-06,+1.3718592812E+00,-1.2814070220E+00,+2.6464843750E+00
+951.7500E-06,+1.2060301378E+00,-1.2060301378E+00,+2.4023437500E+00
+952.0000E-06,+1.0402009944E+00,-1.1281406912E+00,+2.1655273440E+00
+952.2500E-06,+884.4221011E-03,-964.8241103E-03,+1.8457031250E+00
+952.5000E-06,+922.1105432E-03,-685.9296406E-03,+1.6015625000E+00
+952.7500E-06,+678.3919531E-03,-595.4773792E-03,+1.2698364249E+00
+953.0000E-06,+402.0100459E-03,-640.7035110E-03,+1.0421752933E+00
+953.2500E-06,+321.6080368E-03,-321.6080368E-03,+634.7656250E-03
+953.5000E-06,+208.5427105E-03,-113.0653262E-03,+312.5000000E-03
+953.7500E-06,-80.4020092E-03,-80.4020092E-03,+0.0E+00
+954.0000E-06,-324.1205993E-03,+75.3768842E-03,-407.4096683E-03
+954.2500E-06,-293.9698469E-03,+349.2462266E-03,-644.5312500E-03
+954.5000E-06,-439.6984880E-03,+444.7236131E-03,-888.6718750E-03
+954.7500E-06,-688.4422031E-03,+517.5879347E-03,-1.2109375000E+00
+955.0000E-06,-967.3366728E-03,+560.3015018E-03,-1.5332031250E+00
+955.2500E-06,-1.0728643093E+00,+758.7939623E-03,-1.8383789060E+00
+955.5000E-06,-1.0829145615E+00,+964.8241103E-03,-2.0529174808E+00
+955.7500E-06,-1.4020100358E+00,+929.6482307E-03,-2.3339843750E+00
+956.0000E-06,-1.6055276213E+00,+1.0452261195E+00,-2.6538085940E+00
+956.2500E-06,-1.4824120450E+00,+1.3316582766E+00,-2.8222656250E+00
+956.5000E-06,-1.6457286259E+00,+1.4522612904E+00,-3.1033325192E+00
+956.7500E-06,-1.8492462113E+00,+1.4020100358E+00,-3.2568359380E+00
+957.0000E-06,-1.9321607830E+00,+1.4472361654E+00,-3.3816528317E+00
+957.2500E-06,-1.9748743501E+00,+1.5804019940E+00,-3.5620117190E+00
+957.5000E-06,-1.8919597785E+00,+1.7638190771E+00,-3.6596679690E+00
+957.7500E-06,-2.1482411833E+00,+1.5728643042E+00,-3.7231445310E+00
+958.0000E-06,-2.2437185698E+00,+1.5351758621E+00,-3.7792968750E+00
+958.2500E-06,-2.0100502297E+00,+1.8316582716E+00,-3.8479614255E+00
+958.5000E-06,-2.0477386718E+00,+1.8115577693E+00,-3.8671875000E+00
+958.7500E-06,-2.0904522389E+00,+1.6658291282E+00,-3.7573242190E+00
+959.0000E-06,-2.0929648014E+00,+1.6859296305E+00,-3.7792968750E+00
+959.2500E-06,-1.8668341511E+00,+1.7688442022E+00,-3.6401367190E+00
+959.5000E-06,-1.8542713364E+00,+1.5979899338E+00,-3.4567260748E+00
+959.7500E-06,-1.8140703318E+00,+1.5050251098E+00,-3.3227539060E+00
+960.0000E-06,-1.7663316397E+00,+1.4497487279E+00,-3.2226562500E+00
+960.2500E-06,-1.5276381746E+00,+1.5100502348E+00,-3.0395507810E+00
+960.5000E-06,-1.5226130496E+00,+1.3718592812E+00,-2.9003906250E+00
+960.7500E-06,-1.4472361654E+00,+1.0452261195E+00,-2.5000000000E+00
+961.0000E-06,-1.2085427003E+00,+1.1231155661E+00,-2.3339843750E+00
+961.2500E-06,-839.1959715E-03,+1.0904522491E+00,-1.9335937500E+00
+961.5000E-06,-884.4221011E-03,+804.0200919E-03,-1.6894531250E+00
+961.7500E-06,-849.2462215E-03,+597.9899439E-03,-1.4550781250E+00
+962.0000E-06,-643.2160735E-03,+482.4120551E-03,-1.1328125000E+00
+962.2500E-06,-321.6080368E-03,+419.5979857E-03,-749.5117190E-03
+962.5000E-06,-278.8944697E-03,+123.1155763E-03,-410.1562500E-03
+962.7500E-06,-276.3819072E-03,-138.1909536E-03,-144.0429690E-03
+963.0000E-06,-2.5125625E-03,-163.3165809E-03,+156.2500000E-03
+963.2500E-06,+241.2060276E-03,-195.9798980E-03,+434.5703131E-03
+963.5000E-06,+283.9195947E-03,-525.1256222E-03,+805.6640619E-03
+963.7500E-06,+298.9949720E-03,-746.2311475E-03,+1.0449218750E+00
+964.0000E-06,+562.8140643E-03,-881.9095386E-03,+1.4425659183E+00
+964.2500E-06,+758.7939623E-03,-929.6482307E-03,+1.6796875000E+00
+964.5000E-06,+841.7085340E-03,-1.1256281286E+00,+1.9604492190E+00
+964.7500E-06,+768.8442123E-03,-1.4020100358E+00,+2.1679687500E+00
+965.0000E-06,+1.1256281286E+00,-1.4447236029E+00,+2.5659179690E+00
+965.2500E-06,+1.3316582766E+00,-1.4648241052E+00,+2.7932739255E+00
+965.5000E-06,+1.3291457141E+00,-1.6457286259E+00,+2.9687500000E+00
+965.7500E-06,+1.3442210914E+00,-1.7914572670E+00,+3.1347656250E+00
+966.0000E-06,+1.5276381746E+00,-1.6934673180E+00,+3.2177734369E+00
+966.2500E-06,+1.6708542532E+00,-1.7688442022E+00,+3.4378051755E+00
+966.5000E-06,+1.5603014917E+00,-2.0201004797E+00,+3.5766601560E+00
+966.7500E-06,+1.6306532486E+00,-2.0678391741E+00,+3.6914062500E+00
+967.0000E-06,+1.7713567647E+00,-2.0050251047E+00,+3.7670898440E+00
+967.2500E-06,+1.8492462113E+00,-1.9472361603E+00,+3.7887573245E+00
+967.5000E-06,+1.7738693271E+00,-2.0477386718E+00,+3.8162231442E+00
+967.7500E-06,+1.7688442022E+00,-2.0326632945E+00,+3.7942504880E+00
+968.0000E-06,+2.0025125423E+00,-1.6959798804E+00,+3.6914062500E+00
+968.2500E-06,+1.8944723409E+00,-1.7236180726E+00,+3.6132812500E+00
+968.5000E-06,+1.6457286259E+00,-1.8919597784E+00,+3.5351562500E+00
+968.7500E-06,+1.6658291282E+00,-1.7914572669E+00,+3.4570312500E+00
+969.0000E-06,+1.6130653088E+00,-1.6030150588E+00,+3.2128906250E+00
+969.2500E-06,+1.6080401838E+00,-1.4472361654E+00,+3.0468750000E+00
+969.5000E-06,+1.3718592812E+00,-1.4798994825E+00,+2.8491210940E+00
+969.7500E-06,+1.2286432026E+00,-1.4020100358E+00,+2.6245117190E+00
+970.0000E-06,+1.2839195845E+00,-1.0502512444E+00,+2.3266601560E+00
+970.2500E-06,+1.1080401888E+00,-982.4120501E-03,+2.0898437500E+00
+970.5000E-06,+846.7336590E-03,-964.8241103E-03,+1.8090820310E+00
+970.7500E-06,+701.0050179E-03,-804.0200919E-03,+1.5014648440E+00
+971.0000E-06,+565.3266268E-03,-640.7035110E-03,+1.2011718750E+00
+971.2500E-06,+374.3718562E-03,-510.0502449E-03,+878.9062500E-03
+971.5000E-06,+160.8040184E-03,-439.6984881E-03,+593.2617190E-03
+971.7500E-06,-12.5628148E-03,-334.1708516E-03,+312.5000000E-03
+972.0000E-06,-158.2914559E-03,+0.0E+00,-163.5742190E-03
+972.2500E-06,-258.7939674E-03,+62.8140694E-03,-322.2656250E-03
+972.5000E-06,-605.5276314E-03,+118.0904513E-03,-732.4218750E-03
+972.7500E-06,-688.4422031E-03,+356.7839164E-03,-1.0546875000E+00
+973.0000E-06,-645.7286360E-03,+640.7035110E-03,-1.2890625000E+00
+973.2500E-06,-1.0276381796E+00,+517.5879348E-03,-1.5502929690E+00
+973.5000E-06,-1.2864321470E+00,+643.2160735E-03,-1.9335937500E+00
+973.7500E-06,-1.4020100358E+00,+826.6331567E-03,-2.2338867190E+00
+974.0000E-06,-1.4396984780E+00,+1.0477386819E+00,-2.4948120123E+00
+974.2500E-06,-1.4999999848E+00,+1.0904522490E+00,-2.5952148440E+00
+974.5000E-06,-1.7688442022E+00,+1.0452261195E+00,-2.8222656250E+00
+974.7500E-06,-1.7562813873E+00,+1.3216080267E+00,-3.0813598629E+00
+975.0000E-06,-1.6934673179E+00,+1.6005024963E+00,-3.2983398440E+00
+975.2500E-06,-2.0100502297E+00,+1.4472361654E+00,-3.4667968750E+00
+975.5000E-06,-2.0954773639E+00,+1.4422110404E+00,-3.5449218750E+00
+975.7500E-06,-2.0100502297E+00,+1.6080401838E+00,-3.6230468750E+00
+976.0000E-06,-2.0050251048E+00,+1.6934673179E+00,-3.7011718750E+00
+976.2500E-06,-2.0276381695E+00,+1.6884421930E+00,-3.7182617190E+00
+976.5000E-06,-2.1658291231E+00,+1.6130653087E+00,-3.7792968750E+00
+976.7500E-06,-1.9522612853E+00,+1.8040200818E+00,-3.7573242190E+00
+977.0000E-06,-1.8517587738E+00,+1.8492462113E+00,-3.7036132810E+00
+977.2500E-06,-2.0100502297E+00,+1.6708542532E+00,-3.6840820310E+00
+977.5000E-06,-1.9723617876E+00,+1.5653266167E+00,-3.5449218750E+00
+977.7500E-06,-1.7688442022E+00,+1.6884421930E+00,-3.4667968750E+00
+978.0000E-06,-1.7613065147E+00,+1.5326632996E+00,-3.2983398440E+00
+978.2500E-06,-1.6884421930E+00,+1.4648241052E+00,-3.1616210940E+00
+978.5000E-06,-1.5653266167E+00,+1.3341708391E+00,-2.9052734369E+00
+978.7500E-06,-1.3216080267E+00,+1.3894472210E+00,-2.7124023441E+00
+979.0000E-06,-1.1281406911E+00,+1.2839195845E+00,-2.4121093750E+00
+979.2500E-06,-1.1432160685E+00,+1.0904522490E+00,-2.2387695309E+00
+979.5000E-06,-1.0452261195E+00,+884.4221011E-03,-1.9335937500E+00
+979.7500E-06,-688.4422031E-03,+919.5979807E-03,-1.6113281250E+00
+980.0000E-06,-640.7035110E-03,+648.2411985E-03,-1.2915039059E+00
+980.2500E-06,-688.4422031E-03,+356.7839164E-03,-1.0546875000E+00
+980.5000E-06,-444.7236130E-03,+278.8944697E-03,-732.4218750E-03
+980.7500E-06,-195.9798980E-03,+206.0301479E-03,-410.1562500E-03
+981.0000E-06,-77.8894467E-03,+80.4020092E-03,-163.5742191E-03
+981.2500E-06,-17.5879398E-03,-258.7939674E-03,+234.3750000E-03
+981.5000E-06,+118.0904513E-03,-402.0100459E-03,+515.1367191E-03
+981.7500E-06,+437.1859256E-03,-389.4472311E-03,+822.7539059E-03
+982.0000E-06,+560.3015019E-03,-645.7286360E-03,+1.2011718750E+00
+982.2500E-06,+482.4120551E-03,-1.0276381796E+00,+1.5063476559E+00
+982.5000E-06,+718.5929578E-03,-1.0452261195E+00,+1.7575073249E+00
+982.7500E-06,+987.4371750E-03,-1.1030150639E+00,+2.0898437500E+00
+983.0000E-06,+1.0452261195E+00,-1.2864321470E+00,+2.3242187500E+00
+983.2500E-06,+1.0904522490E+00,-1.4824120451E+00,+2.5683593750E+00
+983.5000E-06,+1.2110552628E+00,-1.6030150588E+00,+2.8125000000E+00
+983.7500E-06,+1.5050251098E+00,-1.5502512394E+00,+3.0468750000E+00
+984.0000E-06,+1.5226130497E+00,-1.6934673179E+00,+3.2128906250E+00
+984.2500E-06,+1.4648241052E+00,-1.9120602807E+00,+3.3691406250E+00
+984.5000E-06,+1.6030150588E+00,-1.8919597784E+00,+3.4936523441E+00
+984.7500E-06,+1.7336683225E+00,-1.8844220910E+00,+3.6132812500E+00
+985.0000E-06,+1.6909547554E+00,-2.0879396764E+00,+3.7695312500E+00
+985.2500E-06,+1.6884421930E+00,-2.0904522389E+00,+3.7695312500E+00
+985.5000E-06,+1.8542713363E+00,-1.9623115377E+00,+3.8107299808E+00
+985.7500E-06,+1.8718592761E+00,-1.9648241002E+00,+3.8327026371E+00
+986.0000E-06,+1.8442210864E+00,-2.0125627922E+00,+3.8546752933E+00
+986.2500E-06,+1.7336683225E+00,-2.0100502297E+00,+3.7353515619E+00
+986.5000E-06,+1.8065326443E+00,-1.8919597784E+00,+3.6914062500E+00
+986.7500E-06,+1.8266331466E+00,-1.6532663133E+00,+3.4790039059E+00
+987.0000E-06,+1.5301507371E+00,-1.7663316397E+00,+3.2910156250E+00
+987.2500E-06,+1.4020100359E+00,-1.7512562623E+00,+3.1518554691E+00
+987.5000E-06,+1.4899497325E+00,-1.4472361654E+00,+2.9321289059E+00
+987.7500E-06,+1.4698492302E+00,-1.3216080267E+00,+2.7877807621E+00
+988.0000E-06,+1.2060301378E+00,-1.2864321470E+00,+2.4902343750E+00
+988.2500E-06,+1.0276381796E+00,-1.2236180777E+00,+2.2460937500E+00
+988.5000E-06,+1.0025125524E+00,-969.8492352E-03,+1.9653320309E+00
+988.7500E-06,+942.2110455E-03,-768.8442122E-03,+1.7044067379E+00
+989.0000E-06,+643.2160735E-03,-801.5075294E-03,+1.4425659183E+00
+989.2500E-06,+437.1859256E-03,-688.4422030E-03,+1.1230468750E+00
+989.5000E-06,+402.0100459E-03,-402.0100459E-03,+800.7812500E-03
+989.7500E-06,+263.8190923E-03,-276.3819072E-03,+534.6679691E-03
+990.0000E-06,-77.8894467E-03,-241.2060276E-03,+158.6914059E-03
+990.2500E-06,-258.7939674E-03,-80.4020092E-03,-183.1054691E-03
+990.5000E-06,-236.1809026E-03,+203.5175854E-03,-446.7773441E-03
+990.7500E-06,-505.0251199E-03,+356.7839164E-03,-866.6992191E-03
+991.0000E-06,-728.6432076E-03,+394.4723586E-03,-1.1303710941E+00
+991.2500E-06,-866.8341612E-03,+499.9999950E-03,-1.3671875000E+00
+991.5000E-06,-884.4221011E-03,+723.6180827E-03,-1.6113281250E+00
+991.7500E-06,-1.1030150639E+00,+826.6331566E-03,-1.9335937500E+00
+992.0000E-06,-1.4447236029E+00,+726.1306452E-03,-2.1777343750E+00
+992.2500E-06,-1.3844220961E+00,+1.1080401888E+00,-2.5000000000E+00
+992.5000E-06,-1.4422110405E+00,+1.2537688298E+00,-2.6977539059E+00
+992.7500E-06,-1.6658291282E+00,+1.2060301378E+00,-2.8784179691E+00
+993.0000E-06,-1.7738693271E+00,+1.2814070221E+00,-3.0566406250E+00
+993.2500E-06,-1.8944723409E+00,+1.3844220961E+00,-3.2836914059E+00
+993.5000E-06,-1.8542713363E+00,+1.6030150589E+00,-3.4667968750E+00
+993.7500E-06,-2.0100502297E+00,+1.5854271190E+00,-3.6010742191E+00
+994.0000E-06,-2.3241205791E+00,+1.4522612903E+00,-3.7768554691E+00
+994.2500E-06,-2.0452261094E+00,+1.6708542531E+00,-3.7182617191E+00
+994.5000E-06,-2.0477386719E+00,+1.7738693271E+00,-3.8259887692E+00
+994.7500E-06,-2.1256281186E+00,+1.7336683225E+00,-3.8671875000E+00
+995.0000E-06,-2.1708542481E+00,+1.6834170681E+00,-3.8619995124E+00
+995.2500E-06,-2.0904522389E+00,+1.6884421930E+00,-3.7792968750E+00
+995.5000E-06,-1.9346733455E+00,+1.7638190772E+00,-3.7011718750E+00
+995.7500E-06,-1.8366833964E+00,+1.7010050079E+00,-3.5449218750E+00
+996.0000E-06,-2.0075376673E+00,+1.4497487279E+00,-3.4667968750E+00
+996.2500E-06,-1.7512562623E+00,+1.5452261144E+00,-3.3007812500E+00
+996.5000E-06,-1.5276381746E+00,+1.5276381746E+00,-3.0566406250E+00
+996.7500E-06,-1.5402009895E+00,+1.2738693321E+00,-2.8222656250E+00
+997.0000E-06,-1.3693467187E+00,+1.2839195846E+00,-2.6562500000E+00
+997.2500E-06,-1.1608040083E+00,+1.2964823968E+00,-2.4636840813E+00
+997.5000E-06,-964.8241103E-03,+1.0879396865E+00,-2.0584106442E+00
+997.7500E-06,-929.6482306E-03,+919.5979808E-03,-1.8554687500E+00
+998.0000E-06,-806.5326543E-03,+718.5929578E-03,-1.5307617191E+00
+998.2500E-06,-499.9999950E-03,+706.0301429E-03,-1.2109375000E+00
+998.5000E-06,-359.2964789E-03,+562.8140643E-03,-925.2929691E-03
+998.7500E-06,-379.3969812E-03,+228.6432126E-03,-613.0981438E-03
+999.0000E-06,-241.2060276E-03,+80.4020092E-03,-322.2656250E-03
+999.2500E-06,+125.6281387E-03,+125.6281387E-03,+0.0E+00
+999.5000E-06,+246.2311525E-03,-113.0653264E-03,+353.6987308E-03
+999.7500E-06,+218.5929628E-03,-424.6231107E-03,+634.7656250E-03
+1.0000000E-03,+396.9849210E-03,-565.3266268E-03,+954.5898441E-03
+1.0002500E-03,+660.8040134E-03,-625.6281337E-03,+1.2792968750E+00
+1.0005000E-03,+761.3065248E-03,-809.0452168E-03,+1.5649414059E+00
+1.0007500E-03,+746.2311474E-03,-1.1030150639E+00,+1.8457031250E+00
+1.0010000E-03,+811.5577792E-03,-1.2814070221E+00,+2.0922851559E+00
+1.0012500E-03,+1.1432160685E+00,-1.2688442072E+00,+2.4023437500E+00
+1.0015000E-03,+1.2487437049E+00,-1.3618090313E+00,+2.6049804691E+00
+1.0017500E-03,+1.2060301378E+00,-1.6658291282E+00,+2.8686523441E+00
+1.0020000E-03,+1.3643215938E+00,-1.6130653087E+00,+2.9711914059E+00
+1.0022500E-03,+1.5276381746E+00,-1.6708542531E+00,+3.1958007809E+00
+1.0025000E-03,+1.5226130497E+00,-1.8165828941E+00,+3.3325195309E+00
+1.0027500E-03,+1.5628140543E+00,-1.9748743500E+00,+3.5351562500E+00
+1.0030000E-03,+1.6105527462E+00,-2.0854271140E+00,+3.6889648441E+00
+1.0032500E-03,+1.7236180727E+00,-1.9748743500E+00,+3.6914062500E+00
+1.0035000E-03,+1.7311557600E+00,-2.0050251048E+00,+3.7280273441E+00
+1.0037500E-03,+1.6884421930E+00,-2.0904522389E+00,+3.7695312500E+00
+1.0040000E-03,+1.8442210865E+00,-1.9346733454E+00,+3.7695312500E+00
+1.0042500E-03,+1.8492462113E+00,-1.8668341512E+00,+3.7084960941E+00
+1.0045000E-03,+1.6834170681E+00,-1.9723617876E+00,+3.6499023441E+00
+1.0047500E-03,+1.5854271190E+00,-1.9748743500E+00,+3.5571289059E+00
+1.0050000E-03,+1.7638190773E+00,-1.7738693270E+00,+3.5351562500E+00
+1.0052500E-03,+1.6432160635E+00,-1.6708542531E+00,+3.3081054691E+00
+1.0055000E-03,+1.4522612903E+00,-1.6457286259E+00,+3.0935668942E+00
+1.0057500E-03,+1.2512562673E+00,-1.6658291282E+00,+2.9125976559E+00
+1.0060000E-03,+1.2864321470E+00,-1.3693467187E+00,+2.6489257809E+00
+1.0062500E-03,+1.3316582765E+00,-1.0804019992E+00,+2.4023437500E+00
+1.0065000E-03,+1.0502512443E+00,-1.1633165708E+00,+2.2094726559E+00
+1.0067500E-03,+804.0200919E-03,-1.1482411934E+00,+1.9458007809E+00
+1.0070000E-03,+879.3969762E-03,-884.4221011E-03,+1.7623901374E+00
+1.0072500E-03,+741.2060226E-03,-608.0401938E-03,+1.3403320309E+00
+1.0075000E-03,+482.4120551E-03,-605.5276314E-03,+1.0864257809E+00
+1.0077500E-03,+206.0301479E-03,-517.5879349E-03,+722.6562500E-03
+1.0080000E-03,+160.8040184E-03,-241.2060276E-03,+400.3906250E-03
+1.0082500E-03,+80.4020092E-03,-17.5879399E-03,+95.2148441E-03
+1.0085000E-03,-278.8944697E-03,-37.6884422E-03,-244.1406250E-03
+1.0087500E-03,-482.4120551E-03,+57.7889445E-03,-544.4335941E-03
+1.0090000E-03,-482.4120551E-03,+321.6080368E-03,-810.5468750E-03
+1.0092500E-03,-688.4422030E-03,+437.1859257E-03,-1.1328125000E+00
+1.0095000E-03,-969.8492351E-03,+520.1004973E-03,-1.4965820309E+00
+1.0097500E-03,-1.1256281286E+00,+585.4271291E-03,-1.7141723629E+00
+1.0100000E-03,-1.2788944597E+00,+809.0452168E-03,-2.0968627934E+00
+1.0102500E-03,-1.3492462164E+00,+964.8241103E-03,-2.3168945309E+00
+1.0105000E-03,-1.5226130497E+00,+969.8492351E-03,-2.5000000000E+00
+1.0107500E-03,-1.6306532485E+00,+1.1256281286E+00,-2.7590942379E+00
+1.0110000E-03,-1.6130653087E+00,+1.3643215938E+00,-2.9809570309E+00
+1.0112500E-03,-1.8140703316E+00,+1.4472361654E+00,-3.2666015618E+00
+1.0115000E-03,-1.9723617876E+00,+1.3618090313E+00,-3.3374023441E+00
+1.0117500E-03,-1.9748743500E+00,+1.5050251099E+00,-3.4887695309E+00
+1.0120000E-03,-1.9271356581E+00,+1.6909547554E+00,-3.6230468750E+00
+1.0122500E-03,-2.0100502297E+00,+1.6256281236E+00,-3.6401367191E+00
+1.0125000E-03,-2.2085426903E+00,+1.6080401838E+00,-3.8204956059E+00
+1.0127500E-03,-2.1256281186E+00,+1.6306532485E+00,-3.7573242191E+00
+1.0130000E-03,-1.9321607830E+00,+1.8467336489E+00,-3.7792968750E+00
+1.0132500E-03,-1.8844220911E+00,+1.8768844009E+00,-3.7622070309E+00
+1.0135000E-03,-2.0904522389E+00,+1.6507537508E+00,-3.7426757809E+00
+1.0137500E-03,-1.9170854055E+00,+1.7236180727E+00,-3.6450195309E+00
+1.0140000E-03,-1.7688442022E+00,+1.7688442022E+00,-3.5449218750E+00
+1.0142500E-03,-1.7688442022E+00,+1.6256281236E+00,-3.3981323246E+00
+1.0145000E-03,-1.7688442022E+00,+1.4899497324E+00,-3.2641601559E+00
+1.0147500E-03,-1.5628140543E+00,+1.4346733504E+00,-3.0004882809E+00
+1.0150000E-03,-1.2889447095E+00,+1.5251256122E+00,-2.8222656250E+00
+1.0152500E-03,-1.2864321470E+00,+1.3492462163E+00,-2.6391601559E+00
+1.0155000E-03,-1.2437185800E+00,+1.0879396865E+00,-2.3339843750E+00
+1.0157500E-03,-964.8241103E-03,+1.0452261195E+00,-2.0117187500E+00
+1.0160000E-03,-726.1306451E-03,+964.8241103E-03,-1.6921997066E+00
+1.0162500E-03,-768.8442122E-03,+678.3919533E-03,-1.4550781250E+00
+1.0165000E-03,-690.9547654E-03,+477.3869303E-03,-1.1743164059E+00
+1.0167500E-03,-437.1859257E-03,+424.6231107E-03,-866.6992191E-03
+1.0170000E-03,-314.0703495E-03,+248.7437148E-03,-566.4062500E-03
+1.0172500E-03,-160.8040184E-03,+0.0E+00,-166.0156250E-03
+1.0175000E-03,-118.0904514E-03,-193.4673357E-03,+73.2421882E-03
+1.0177500E-03,+218.5929628E-03,-241.2060276E-03,+456.5429691E-03
+1.0180000E-03,+477.3869303E-03,-246.2311524E-03,+722.6562500E-03
+1.0182500E-03,+384.4221061E-03,-660.8040134E-03,+1.0449218750E+00
+1.0185000E-03,+477.3869303E-03,-889.4472259E-03,+1.3574218750E+00
+1.0187500E-03,+723.6180827E-03,-884.4221011E-03,+1.6015625000E+00
+1.0190000E-03,+884.4221011E-03,-1.0427135570E+00,+1.9213867191E+00
+1.0192500E-03,+884.4221011E-03,-1.3040200869E+00,+2.1850585941E+00
+1.0195000E-03,+969.8492351E-03,-1.4798994827E+00,+2.4435424809E+00
+1.0197500E-03,+1.2286432026E+00,-1.4698492301E+00,+2.6931762688E+00
+1.0200000E-03,+1.4422110406E+00,-1.4547738527E+00,+2.8930664059E+00
+1.0202500E-03,+1.3316582765E+00,-1.7864321420E+00,+3.1155395504E+00
+1.0205000E-03,+1.3618090314E+00,-1.9346733454E+00,+3.2910156250E+00
+1.0207500E-03,+1.5854271191E+00,-1.8140703316E+00,+3.3938598629E+00
+1.0210000E-03,+1.6909547554E+00,-1.9271356581E+00,+3.6132812500E+00
+1.0212500E-03,+1.5628140543E+00,-2.0552763592E+00,+3.6132812500E+00
+1.0215000E-03,+1.7311557600E+00,-2.0050251049E+00,+3.7280273441E+00
+1.0217500E-03,+1.7562813871E+00,-2.0226130448E+00,+3.7695312500E+00
+1.0220000E-03,+1.7713567646E+00,-1.9321607830E+00,+3.6965942375E+00
+1.0222500E-03,+1.7336683224E+00,-2.0452261095E+00,+3.7695312500E+00
+1.0225000E-03,+1.7311557600E+00,-2.0100502297E+00,+3.7329101559E+00
+1.0227500E-03,+1.8844220911E+00,-1.8140703316E+00,+3.6914062500E+00
+1.0230000E-03,+1.6909547554E+00,-1.8467336489E+00,+3.5351562500E+00
+1.0232500E-03,+1.4824120452E+00,-1.8944723408E+00,+3.3691406250E+00
+1.0235000E-03,+1.5276381746E+00,-1.6507537508E+00,+3.1762695309E+00
+1.0237500E-03,+1.5728643040E+00,-1.4824120452E+00,+3.0468750000E+00
+1.0240000E-03,+1.3693467186E+00,-1.5226130498E+00,+2.8881835941E+00
+1.0242500E-03,+1.2512562673E+00,-1.4020100360E+00,+2.6464843750E+00
+1.0245000E-03,+1.1633165708E+00,-1.2060301378E+00,+2.3608398441E+00
+1.0247500E-03,+1.1834170731E+00,-929.6482305E-03,+2.1118164059E+00
+1.0250000E-03,+884.4221011E-03,-964.8241103E-03,+1.8457031250E+00
+1.0252500E-03,+580.4020042E-03,-947.2361704E-03,+1.5234375000E+00
+1.0255000E-03,+552.7638147E-03,-733.6683324E-03,+1.2792968750E+00
+1.0257500E-03,+562.8140643E-03,-424.6231107E-03,+981.7504879E-03
+1.0260000E-03,+165.8291432E-03,-477.3869303E-03,+634.7656250E-03
+1.0262500E-03,-17.5879399E-03,-339.1959766E-03,+312.5000000E-03
+1.0265000E-03,-80.4020092E-03,-75.3768844E-03,-10.0708000E-03
+1.0267500E-03,-183.4170831E-03,+138.1909537E-03,-322.2656250E-03
+1.0270000E-03,-329.1457240E-03,+314.0703495E-03,-644.5312500E-03
+1.0272500E-03,-723.6180827E-03,+241.2060276E-03,-966.7968750E-03
+1.0275000E-03,-766.3316497E-03,+477.3869303E-03,-1.2475585941E+00
+1.0277500E-03,-826.6331566E-03,+701.0050180E-03,-1.5332031250E+00
+1.0280000E-03,-1.2035175754E+00,+723.6180827E-03,-1.9311523441E+00
+1.0282500E-03,-1.3492462163E+00,+804.0200919E-03,-2.1606445309E+00
+1.0285000E-03,-1.3241205892E+00,+1.0075376773E+00,-2.3339843750E+00
+1.0287500E-03,-1.4472361654E+00,+1.2060301378E+00,-2.6562500000E+00
+1.0290000E-03,-1.6105527462E+00,+1.2035175754E+00,-2.8222656250E+00
+1.0292500E-03,-1.7864321420E+00,+1.2060301378E+00,-2.9956054691E+00
+1.0295000E-03,-1.7688442022E+00,+1.4045225984E+00,-3.1811523441E+00
+1.0297500E-03,-1.8492462113E+00,+1.5854271191E+00,-3.4420776371E+00
+1.0300000E-03,-2.1633165609E+00,+1.4522612902E+00,-3.6206054691E+00
+1.0302500E-03,-2.0728642990E+00,+1.5452261145E+00,-3.6230468750E+00
+1.0305000E-03,-1.9296482205E+00,+1.7311557600E+00,-3.6645507809E+00
+1.0307500E-03,-1.9648241003E+00,+1.7562813871E+00,-3.7231445309E+00
+1.0310000E-03,-2.1683416857E+00,+1.6105527462E+00,-3.7792968750E+00
+1.0312500E-03,-2.1080401788E+00,+1.7160803825E+00,-3.8308715812E+00
+1.0315000E-03,-1.9296482205E+00,+1.8065326443E+00,-3.7377929691E+00
+1.0317500E-03,-1.8140703316E+00,+1.8618090264E+00,-3.6791992191E+00
+1.0320000E-03,-2.0075376673E+00,+1.6105527462E+00,-3.6230468750E+00
+1.0322500E-03,-1.9572864101E+00,+1.4999999851E+00,-3.4667968750E+00
+1.0325000E-03,-1.6934673178E+00,+1.6834170682E+00,-3.3789062500E+00
+1.0327500E-03,-1.5276381746E+00,+1.6080401838E+00,-3.1445312500E+00
+1.0330000E-03,-1.6080401838E+00,+1.3668341562E+00,-2.9785156250E+00
+1.0332500E-03,-1.4472361654E+00,+1.2688442071E+00,-2.7172851559E+00
+1.0335000E-03,-1.1633165708E+00,+1.3291457140E+00,-2.5000000000E+00
+1.0337500E-03,-1.0678391842E+00,+1.1608040084E+00,-2.2338867191E+00
+1.0340000E-03,-1.0477386819E+00,+959.7989855E-03,-2.0092773441E+00
+1.0342500E-03,-884.4221011E-03,+804.0200919E-03,-1.6894531250E+00
+1.0345000E-03,-567.8391891E-03,+761.3065249E-03,-1.3305664059E+00
+1.0347500E-03,-505.0251198E-03,+540.2009996E-03,-1.0546875000E+00
+1.0350000E-03,-560.3015019E-03,+165.8291432E-03,-734.8632809E-03
+1.0352500E-03,-304.0200969E-03,+160.8040184E-03,-471.1914059E-03
+1.0355000E-03,-32.6633174E-03,+128.1407010E-03,-166.0156250E-03
+1.0357500E-03,+80.4020092E-03,-103.0150739E-03,+178.2226559E-03
+1.0360000E-03,+77.8894468E-03,-326.6331616E-03,+402.8320309E-03
+1.0362500E-03,+384.4221060E-03,-482.4120551E-03,+861.8164059E-03
+1.0365000E-03,+515.0753725E-03,-567.8391891E-03,+1.0815429691E+00
+1.0367500E-03,+585.4271290E-03,-861.8090364E-03,+1.4453125000E+00
+1.0370000E-03,+567.8391891E-03,-1.2010050130E+00,+1.7675781250E+00
+1.0372500E-03,+919.5979809E-03,-1.1080401888E+00,+2.0211791996E+00
+1.0375000E-03,+1.0879396865E+00,-1.1633165708E+00,+2.2460937500E+00
+1.0377500E-03,+1.0326633044E+00,-1.5402009897E+00,+2.5683593750E+00
+1.0380000E-03,+1.0452261195E+00,-1.6884421930E+00,+2.7246093750E+00
+1.0382500E-03,+1.3492462163E+00,-1.6080401838E+00,+2.9516601559E+00
+1.0385000E-03,+1.5653266168E+00,-1.6507537508E+00,+3.2128906250E+00
+1.0387500E-03,+1.5628140544E+00,-1.8140703316E+00,+3.3691406250E+00
+1.0390000E-03,+1.4497487278E+00,-2.0075376673E+00,+3.4570312500E+00
+1.0392500E-03,+1.5452261145E+00,-2.0376884192E+00,+3.5791015617E+00
+1.0395000E-03,+1.7688442022E+00,-1.8919597783E+00,+3.6547851559E+00
+1.0397500E-03,+1.6306532485E+00,-2.1256281187E+00,+3.7475585941E+00
+1.0400000E-03,+1.6884421930E+00,-2.1683416857E+00,+3.8546752934E+00
+1.0402500E-03,+1.8140703315E+00,-1.9824120402E+00,+3.7887573246E+00
+1.0405000E-03,+1.8065326444E+00,-2.0527637967E+00,+3.8574218750E+00
+1.0407500E-03,+1.6432160636E+00,-2.0552763591E+00,+3.6914062500E+00
+1.0410000E-03,+1.6859296306E+00,-2.0125627921E+00,+3.6914062500E+00
+1.0412500E-03,+1.7060301329E+00,-1.8944723407E+00,+3.5961914059E+00
+1.0415000E-03,+1.6457286260E+00,-1.8115577691E+00,+3.4570312500E+00
+1.0417500E-03,+1.3894472209E+00,-1.8266331467E+00,+3.2128906250E+00
+1.0420000E-03,+1.2889447094E+00,-1.6884421930E+00,+2.9711914059E+00
+1.0422500E-03,+1.4296482255E+00,-1.3844220961E+00,+2.8125000000E+00
+1.0425000E-03,+1.2914572718E+00,-1.3190954644E+00,+2.6049804691E+00
+1.0427500E-03,+1.0226130548E+00,-1.3668341562E+00,+2.3803710941E+00
+1.0430000E-03,+959.7989855E-03,-974.8743598E-03,+1.9290161125E+00
+1.0432500E-03,+964.8241103E-03,-866.8341612E-03,+1.8286132809E+00
+1.0435000E-03,+761.3065249E-03,-728.6432075E-03,+1.4868164059E+00
+1.0437500E-03,+424.6231106E-03,-723.6180827E-03,+1.1450195309E+00
+1.0440000E-03,+324.1205991E-03,-560.3015019E-03,+878.9062500E-03
+1.0442500E-03,+339.1959767E-03,-223.6180877E-03,+556.6406250E-03
+1.0445000E-03,+85.4271340E-03,-118.0904514E-03,+197.7539059E-03
+1.0447500E-03,-276.3819074E-03,-115.5778890E-03,-166.0156250E-03
+1.0450000E-03,-243.7185900E-03,+158.2914560E-03,-410.1562500E-03
+1.0452500E-03,-339.1959767E-03,+402.0100459E-03,-749.5117191E-03
+1.0455000E-03,-567.8391891E-03,+477.3869304E-03,-1.0546875000E+00
+1.0457500E-03,-884.4221011E-03,+482.4120551E-03,-1.3671875000E+00
+1.0460000E-03,-1.0376884323E+00,+648.2411983E-03,-1.6870117191E+00
+1.0462500E-03,-964.8241103E-03,+947.2361704E-03,-1.9165039059E+00
+1.0465000E-03,-1.2060301378E+00,+1.0075376773E+00,-2.2192382809E+00
+1.0467500E-03,-1.5050251099E+00,+907.0351658E-03,-2.4121093750E+00
+1.0470000E-03,-1.4472361654E+00,+1.2060301378E+00,-2.6562500000E+00
+1.0472500E-03,-1.5276381746E+00,+1.4296482255E+00,-2.9614257809E+00
+1.0475000E-03,-1.7688442022E+00,+1.3618090314E+00,-3.1344604500E+00
+1.0477500E-03,-1.8366833962E+00,+1.4597989805E+00,-3.3007812500E+00
+1.0480000E-03,-1.8492462113E+00,+1.6080401838E+00,-3.4667968750E+00
+1.0482500E-03,-1.9748743499E+00,+1.6432160636E+00,-3.6230468750E+00
+1.0485000E-03,-2.0527637967E+00,+1.6080401838E+00,-3.6645507809E+00
+1.0487500E-03,-2.2060301279E+00,+1.5502512393E+00,-3.7573242191E+00
+1.0490000E-03,-2.0904522389E+00,+1.7688442022E+00,-3.8671875000E+00
+1.0492500E-03,-1.8844220912E+00,+1.9572864100E+00,-3.8479614253E+00
+1.0495000E-03,-2.1231155564E+00,+1.6180904333E+00,-3.7426757809E+00
+1.0497500E-03,-2.1934673128E+00,+1.5854271191E+00,-3.7792968750E+00
+1.0500000E-03,-1.8567838985E+00,+1.8391959618E+00,-3.6987304691E+00
+1.0502500E-03,-1.8316582714E+00,+1.7060301329E+00,-3.5449218750E+00
+1.0505000E-03,-1.8919597783E+00,+1.4849246076E+00,-3.3789062500E+00
+1.0507500E-03,-1.8844220912E+00,+1.3542713411E+00,-3.2446289059E+00
+1.0510000E-03,-1.6080401838E+00,+1.5276381746E+00,-3.1445312500E+00
+1.0512500E-03,-1.4472361654E+00,+1.4472361654E+00,-2.9003906250E+00
+1.0515000E-03,-1.4798994829E+00,+1.2110552626E+00,-2.6928710941E+00
+1.0517500E-03,-1.3668341562E+00,+1.0452261195E+00,-2.4121093750E+00
+1.0520000E-03,-969.8492350E-03,+1.1231155663E+00,-2.1020507809E+00
+1.0522500E-03,-866.8341612E-03,+964.8241103E-03,-1.8383789059E+00
+1.0525000E-03,-969.8492350E-03,+600.5025065E-03,-1.5747070309E+00
+1.0527500E-03,-781.4070272E-03,+562.8140643E-03,-1.3452148441E+00
+1.0530000E-03,-479.8994928E-03,+484.9246175E-03,-966.7968750E-03
+1.0532500E-03,-349.2462262E-03,+293.9698473E-03,-644.5312500E-03
+1.0535000E-03,-278.8944698E-03,+42.7135670E-03,-322.2656250E-03
+1.0537500E-03,-160.8040184E-03,-22.6130647E-03,-144.0429691E-03
+1.0540000E-03,+160.8040184E-03,-82.9145716E-03,+236.8164059E-03
+1.0542500E-03,+223.6180876E-03,-321.6080368E-03,+539.5507809E-03
+1.0545000E-03,+236.1809028E-03,-648.2411983E-03,+878.9062500E-03
+1.0547500E-03,+517.5879350E-03,-608.0401937E-03,+1.1230468750E+00
+1.0550000E-03,+723.6180827E-03,-801.5075295E-03,+1.5209960941E+00
+1.0552500E-03,+695.9798933E-03,-1.0904522488E+00,+1.7846679691E+00
+1.0555000E-03,+766.3316497E-03,-1.2864321470E+00,+2.0486450191E+00
+1.0557500E-03,+987.4371749E-03,-1.3442210915E+00,+2.3242187500E+00
+1.0560000E-03,+1.2864321470E+00,-1.2889447094E+00,+2.5708007808E+00
+1.0562500E-03,+1.3140703364E+00,-1.4999999852E+00,+2.8125000000E+00
+1.0565000E-03,+1.2060301378E+00,-1.8065326444E+00,+3.0053710942E+00
+1.0567500E-03,+1.4020100361E+00,-1.7562813870E+00,+3.1567382808E+00
+1.0570000E-03,+1.6859296306E+00,-1.6909547553E+00,+3.3691406250E+00
+1.0572500E-03,+1.5628140544E+00,-1.9296482205E+00,+3.4912109383E+00
+1.0575000E-03,+1.5276381746E+00,-2.0904522389E+00,+3.6132812500E+00
+1.0577500E-03,+1.6532663131E+00,-2.1030150541E+00,+3.7475585942E+00
+1.0580000E-03,+1.8492462113E+00,-1.9296482205E+00,+3.7695312500E+00
+1.0582500E-03,+1.8140703315E+00,-2.0452261096E+00,+3.8574218750E+00
+1.0585000E-03,+1.6934673177E+00,-2.1658291234E+00,+3.8574218750E+00
+1.0587500E-03,+1.7688442022E+00,-2.0326632944E+00,+3.7942504878E+00
+1.0590000E-03,+1.9246230958E+00,-1.8517587737E+00,+3.7670898442E+00
+1.0592500E-03,+1.7060301329E+00,-1.9572864099E+00,+3.6572265617E+00
+1.0595000E-03,+1.6030150590E+00,-1.9346733453E+00,+3.5351562500E+00
+1.0597500E-03,+1.6306532484E+00,-1.8040200820E+00,+3.4323120122E+00
+1.0600000E-03,+1.6105527462E+00,-1.6055276214E+00,+3.2128906250E+00
+1.0602500E-03,+1.3844220961E+00,-1.5276381746E+00,+2.9077148442E+00
+1.0605000E-03,+1.2487437048E+00,-1.4849246076E+00,+2.7246093750E+00
+1.0607500E-03,+1.3090452117E+00,-1.1834170732E+00,+2.4902343750E+00
+1.0610000E-03,+1.2814070223E+00,-969.8492350E-03,+2.2460937500E+00
+1.0612500E-03,+902.0100410E-03,-1.1080401887E+00,+2.0019531250E+00
+1.0615000E-03,+756.2814002E-03,-932.1607928E-03,+1.6796875000E+00
+1.0617500E-03,+804.0200919E-03,-585.4271290E-03,+1.3821411128E+00
+1.0620000E-03,+489.9497422E-03,-555.2763772E-03,+1.0449218750E+00
+1.0622500E-03,+241.2060276E-03,-545.2261244E-03,+783.6914058E-03
+1.0625000E-03,+123.1155762E-03,-321.6080368E-03,+441.8945308E-03
+1.0627500E-03,+103.0150739E-03,+0.0E+00,+100.0976558E-03
+1.0630000E-03,-5.0251247E-03,+158.2914560E-03,-168.4570308E-03
+1.0632500E-03,-391.9597965E-03,+90.4522587E-03,-488.2812500E-03
+1.0635000E-03,-562.8140643E-03,+241.2060276E-03,-810.5468750E-03
+1.0637500E-03,-572.8643138E-03,+530.1507502E-03,-1.1108398442E+00
+1.0640000E-03,-801.5075295E-03,+565.3266267E-03,-1.3671875000E+00
+1.0642500E-03,-1.1080401887E+00,+597.9899442E-03,-1.7086791997E+00
+1.0645000E-03,-1.2437185801E+00,+766.3316497E-03,-2.0117187500E+00
+1.0647500E-03,-1.3216080269E+00,+1.0100502396E+00,-2.3339843750E+00
+1.0650000E-03,-1.3693467186E+00,+1.1231155663E+00,-2.5000000000E+00
+1.0652500E-03,-1.5628140545E+00,+1.1708542580E+00,-2.7343750000E+00
+1.0655000E-03,-1.7261306352E+00,+1.2487437048E+00,-2.9785156250E+00
+1.0657500E-03,-1.6532663131E+00,+1.4824120453E+00,-3.1445312500E+00
+1.0660000E-03,-1.8517587737E+00,+1.5251256122E+00,-3.3789062500E+00
+1.0662500E-03,-2.0728642990E+00,+1.3844220962E+00,-3.4667968750E+00
+1.0665000E-03,-1.9346733453E+00,+1.5653266168E+00,-3.5083007808E+00
+1.0667500E-03,-1.9648241004E+00,+1.7336683223E+00,-3.7011718750E+00
+1.0670000E-03,-2.1658291234E+00,+1.6130653085E+00,-3.7792968750E+00
+1.0672500E-03,-2.1884421880E+00,+1.5904522438E+00,-3.7792968750E+00
+1.0675000E-03,-2.0477386720E+00,+1.7311557599E+00,-3.7792968750E+00
+1.0677500E-03,-1.9070351559E+00,+1.8492462113E+00,-3.7573242192E+00
+1.0680000E-03,-2.0125627921E+00,+1.7638190774E+00,-3.7768554692E+00
+1.0682500E-03,-2.1356783682E+00,+1.5452261145E+00,-3.6840820308E+00
+1.0685000E-03,-1.8542713361E+00,+1.6834170683E+00,-3.5449218750E+00
+1.0687500E-03,-1.6884421930E+00,+1.7110552576E+00,-3.4036254878E+00
+1.0690000E-03,-1.7638190774E+00,+1.4547738525E+00,-3.2250976558E+00
+1.0692500E-03,-1.6884421930E+00,+1.3668341562E+00,-3.0566406250E+00
+1.0695000E-03,-1.4849246076E+00,+1.3718592809E+00,-2.8637695308E+00
+1.0697500E-03,-1.2286432025E+00,+1.3668341562E+00,-2.6000976558E+00
+1.0700000E-03,-1.2110552626E+00,+1.2010050131E+00,-2.4121093750E+00
+1.0702500E-03,-1.2060301378E+00,+884.4221011E-03,-2.0996093750E+00
+1.0705000E-03,-969.8492350E-03,+879.3969764E-03,-1.8554687500E+00
+1.0707500E-03,-665.8291382E-03,+781.4070272E-03,-1.4550781250E+00
+1.0710000E-03,-723.6180827E-03,+484.9246175E-03,-1.2133789058E+00
+1.0712500E-03,-625.6281336E-03,+304.0200968E-03,-932.6171867E-03
+1.0715000E-03,-311.5577873E-03,+288.9447192E-03,-603.0273442E-03
+1.0717500E-03,-160.8040184E-03,+80.4020092E-03,-244.1406250E-03
+1.0720000E-03,-82.9145715E-03,-163.3165807E-03,+78.1250000E-03
+1.0722500E-03,+108.0401985E-03,-276.3819075E-03,+381.1645503E-03
+1.0725000E-03,+278.8944698E-03,-402.0100459E-03,+675.9643559E-03
+1.0727500E-03,+459.7989905E-03,-505.0251198E-03,+957.0312500E-03
+1.0730000E-03,+479.8994928E-03,-806.5326542E-03,+1.2792968750E+00
+1.0732500E-03,+615.5778842E-03,-1.0100502396E+00,+1.6186523442E+00
+1.0735000E-03,+927.1356680E-03,-922.1105433E-03,+1.8457031250E+00
+1.0737500E-03,+894.4723505E-03,-1.2185929531E+00,+2.1118164058E+00
+1.0740000E-03,+964.8241103E-03,-1.4472361654E+00,+2.4023437500E+00
+1.0742500E-03,+1.1708542579E+00,-1.4824120453E+00,+2.6464843750E+00
+1.0745000E-03,+1.4522612901E+00,-1.4422110407E+00,+2.8906250000E+00
+1.0747500E-03,+1.4246231008E+00,-1.6306532484E+00,+3.0468750000E+00
+1.0750000E-03,+1.3668341562E+00,-1.8517587737E+00,+3.2153320308E+00
+1.0752500E-03,+1.4195979761E+00,-1.9572864099E+00,+3.3691406250E+00
+1.0755000E-03,+1.7638190775E+00,-1.8115577691E+00,+3.5717773442E+00
+1.0757500E-03,+1.6532663131E+00,-1.9648241004E+00,+3.6132812500E+00
+1.0760000E-03,+1.6130653085E+00,-2.1633165611E+00,+3.7670898442E+00
+1.0762500E-03,+1.7688442022E+00,-2.0100502297E+00,+3.7695312500E+00
+1.0765000E-03,+1.8919597783E+00,-1.8869346536E+00,+3.7695312500E+00
+1.0767500E-03,+1.8492462113E+00,-1.9522612852E+00,+3.7942504878E+00
+1.0770000E-03,+1.7638190775E+00,-1.9346733452E+00,+3.6914062500E+00
+1.0772500E-03,+1.7688442022E+00,-1.8668341513E+00,+3.6303710942E+00
+1.0775000E-03,+1.8442210867E+00,-1.7738693269E+00,+3.6132812500E+00
+1.0777500E-03,+1.7236180729E+00,-1.7688442022E+00,+3.4884643564E+00
+1.0780000E-03,+1.4497487277E+00,-1.8467336490E+00,+3.2910156250E+00
+1.0782500E-03,+1.5728643039E+00,-1.5452261145E+00,+3.1155395503E+00
+1.0785000E-03,+1.5703517415E+00,-1.3618090315E+00,+2.9272460942E+00
+1.0787500E-03,+1.3668341562E+00,-1.3090452117E+00,+2.6684570308E+00
+1.0790000E-03,+1.2010050131E+00,-1.2135678249E+00,+2.4050903315E+00
+1.0792500E-03,+1.1708542579E+00,-999.9999902E-03,+2.1679687500E+00
+1.0795000E-03,+1.0452261195E+00,-846.7336588E-03,+1.8872070308E+00
+1.0797500E-03,+781.4070273E-03,-768.8442120E-03,+1.5454101558E+00
+1.0800000E-03,+560.3015020E-03,-806.5326542E-03,+1.3574218750E+00
+1.0802500E-03,+499.9999951E-03,-464.8241152E-03,+957.0312500E-03
+1.0805000E-03,+407.0351706E-03,-278.8944698E-03,+681.4575190E-03
+1.0807500E-03,+45.2261293E-03,-334.1708520E-03,+375.6713872E-03
+1.0810000E-03,-82.9145715E-03,-85.4271339E-03,+2.4414058E-03
+1.0812500E-03,-115.5778891E-03,+206.0301477E-03,-322.2656250E-03
+1.0815000E-03,-278.8944698E-03,+326.6331614E-03,-607.9101558E-03
+1.0817500E-03,-527.6381844E-03,+298.9949721E-03,-832.5195308E-03
+1.0820000E-03,-881.9095387E-03,+324.1205991E-03,-1.2109375000E+00
+1.0822500E-03,-912.0602904E-03,+615.5778842E-03,-1.5332031250E+00
+1.0825000E-03,-964.8241103E-03,+804.0200919E-03,-1.7773437500E+00
+1.0827500E-03,-1.2989949623E+00,+768.8442120E-03,-2.0748901372E+00
+1.0830000E-03,-1.4472361654E+00,+806.5326542E-03,-2.2583007808E+00
+1.0832500E-03,-1.3844220962E+00,+1.1708542579E+00,-2.5610351558E+00
+1.0835000E-03,-1.5276381746E+00,+1.2487437048E+00,-2.7810668940E+00
+1.0837500E-03,-1.7688442022E+00,+1.1834170732E+00,-2.9565429692E+00
+1.0840000E-03,-1.8492462113E+00,+1.3643215939E+00,-3.2202148442E+00
+1.0842500E-03,-1.8316582714E+00,+1.5452261146E+00,-3.3789062500E+00
+1.0845000E-03,-2.0251256037E+00,+1.5125628006E+00,-3.5449218750E+00
+1.0847500E-03,-2.0904522389E+00,+1.5276381746E+00,-3.6230468750E+00
+1.0850000E-03,-2.0879396766E+00,+1.5301507369E+00,-3.6230468750E+00
+1.0852500E-03,-1.9648241005E+00,+1.8140703314E+00,-3.7792968750E+00
+1.0855000E-03,-2.0477386720E+00,+1.7311557599E+00,-3.7792968750E+00
+1.0857500E-03,-2.1934673127E+00,+1.6432160637E+00,-3.8424682622E+00
+1.0860000E-03,-2.0125627921E+00,+1.7638190775E+00,-3.7768554692E+00
+1.0862500E-03,-1.8844220913E+00,+1.8316582714E+00,-3.7182617192E+00
+1.0865000E-03,-1.9296482205E+00,+1.6457286260E+00,-3.5815429692E+00
+1.0867500E-03,-2.0326632944E+00,+1.5050251100E+00,-3.5449218750E+00
+1.0870000E-03,-1.8492462113E+00,+1.5301507369E+00,-3.3816528315E+00
+1.0872500E-03,-1.5904522438E+00,+1.6256281237E+00,-3.2226562500E+00
+1.0875000E-03,-1.5603014922E+00,+1.4145728478E+00,-2.9785156250E+00
+1.0877500E-03,-1.6080401838E+00,+1.1708542579E+00,-2.7810668936E+00
+1.0880000E-03,-1.2914572717E+00,+1.2839195847E+00,-2.5805664058E+00
+1.0882500E-03,-1.0628140594E+00,+1.3140703363E+00,-2.3779296866E+00
+1.0885000E-03,-1.0879396864E+00,+959.7989856E-03,-2.0529174810E+00
+1.0887500E-03,-1.0226130548E+00,+643.2160735E-03,-1.6674804692E+00
+1.0890000E-03,-804.0200919E-03,+645.7286358E-03,-1.4575195308E+00
+1.0892500E-03,-527.6381844E-03,+597.9899443E-03,-1.1328125000E+00
+1.0895000E-03,-402.0100459E-03,+364.3216037E-03,-773.9257808E-03
+1.0897500E-03,-437.1859259E-03,+67.8391939E-03,-510.2539058E-03
+1.0900000E-03,-160.8040184E-03,+2.5125623E-03,-168.4570308E-03
+1.0902500E-03,+125.6281384E-03,+27.6381893E-03,+95.2148442E-03
+1.0905000E-03,+160.8040184E-03,-321.6080368E-03,+478.5156250E-03
+1.0907500E-03,+218.5929629E-03,-527.6381844E-03,+744.6289058E-03
+1.0910000E-03,+560.3015020E-03,-484.9246175E-03,+1.0449218750E+00
+1.0912500E-03,+660.8040135E-03,-706.0301427E-03,+1.3574218750E+00
+1.0915000E-03,+680.9045158E-03,-969.8492349E-03,+1.6430664058E+00
+1.0917500E-03,+804.0200919E-03,-1.1834170732E+00,+1.9799804692E+00
+1.0920000E-03,+1.0502512441E+00,-1.1984924509E+00,+2.2436523442E+00
+1.0922500E-03,+1.2512562671E+00,-1.2412060178E+00,+2.4902343750E+00
+1.0925000E-03,+1.2060301378E+00,-1.5276381746E+00,+2.7246093750E+00
+1.0927500E-03,+1.3216080270E+00,-1.5954773685E+00,+2.9125976558E+00
+1.0930000E-03,+1.6809045060E+00,-1.4522612901E+00,+3.1320190435E+00
+1.0932500E-03,+1.6080401838E+00,-1.6884421930E+00,+3.2910156250E+00
+1.0935000E-03,+1.5226130499E+00,-1.9346733452E+00,+3.4570312500E+00
+1.0937500E-03,+1.6080401838E+00,-1.9874371651E+00,+3.5913085942E+00
+1.0940000E-03,+1.7738693268E+00,-1.9246230959E+00,+3.6914062500E+00
+1.0942500E-03,+1.9120602806E+00,-1.8492462113E+00,+3.7524414058E+00
+1.0945000E-03,+1.6934673176E+00,-2.0854271143E+00,+3.7695312500E+00
+1.0947500E-03,+1.7462311375E+00,-2.0904522389E+00,+3.8327026372E+00
+1.0950000E-03,+2.0025125428E+00,-1.8567838983E+00,+3.8574218750E+00
+1.0952500E-03,+1.8492462113E+00,-1.8668341513E+00,+3.7084960942E+00
+1.0955000E-03,+1.6457286261E+00,-2.0150753544E+00,+3.6547851558E+00
+1.0957500E-03,+1.6658291284E+00,-1.9296482205E+00,+3.5913085942E+00
+1.0960000E-03,+1.6130653084E+00,-1.8417085244E+00,+3.4542846685E+00
+1.0962500E-03,+1.5628140545E+00,-1.6708542530E+00,+3.2299804692E+00
+1.0965000E-03,+1.4095477231E+00,-1.6834170683E+00,+3.0880737310E+00
+1.0967500E-03,+1.2738693317E+00,-1.5628140545E+00,+2.8344726558E+00
+1.0970000E-03,+1.3643215939E+00,-1.2889447093E+00,+2.6464843750E+00
+1.0972500E-03,+1.1884421979E+00,-1.1608040086E+00,+2.3413085942E+00
+1.0975000E-03,+884.4221011E-03,-1.2060301378E+00,+2.0898437500E+00
+1.0977500E-03,+839.1959718E-03,-952.2612949E-03,+1.7895507808E+00
+1.0980000E-03,+728.6432073E-03,-721.1055204E-03,+1.4477539058E+00
+1.0982500E-03,+517.5879351E-03,-768.8442119E-03,+1.2792968750E+00
+1.0985000E-03,+359.2964790E-03,-643.2160735E-03,+998.2299810E-03
+1.0987500E-03,+183.4170830E-03,-379.3969813E-03,+556.6406250E-03
+1.0990000E-03,+160.8040184E-03,-158.2914561E-03,+310.0585942E-03
+1.0992500E-03,-115.5778891E-03,-97.9899492E-03,-19.2260747E-03
+1.0995000E-03,-444.7236129E-03,-42.7135669E-03,-410.1562500E-03
+1.0997500E-03,-366.8341660E-03,+253.7688429E-03,-622.5585942E-03
+1.1000000E-03,-407.0351706E-03,+557.7889397E-03,-966.7968750E-03
+1.1002500E-03,-929.6482303E-03,+419.5979859E-03,-1.3500976558E+00
+1.1005000E-03,-1.0879396864E+00,+520.1004974E-03,-1.6113281250E+00
+1.1007500E-03,-1.1030150640E+00,+746.2311473E-03,-1.8554687500E+00
+1.1010000E-03,-1.1256281286E+00,+964.8241103E-03,-2.0996093750E+00
+1.1012500E-03,-1.3844220962E+00,+1.0100502395E+00,-2.3950195308E+00
+1.1015000E-03,-1.6030150592E+00,+1.0075376772E+00,-2.6147460942E+00
+1.1017500E-03,-1.5502512392E+00,+1.3216080270E+00,-2.8784179692E+00
+1.1020000E-03,-1.5376884238E+00,+1.5175879253E+00,-3.0566406250E+00
+1.1022500E-03,-1.8040200821E+00,+1.4296482254E+00,-3.2397460942E+00
+1.1025000E-03,-2.0150753544E+00,+1.3994974739E+00,-3.4201049810E+00
+1.1027500E-03,-1.9874371651E+00,+1.6306532484E+00,-3.6230468750E+00
+1.1030000E-03,-2.0075376674E+00,+1.5351758615E+00,-3.5498046866E+00
+1.1032500E-03,-2.1532663081E+00,+1.6080401838E+00,-3.7622070308E+00
+1.1035000E-03,-2.1231155566E+00,+1.6130653084E+00,-3.7377929692E+00
+1.1037500E-03,-2.0452261097E+00,+1.7914572668E+00,-3.8424682622E+00
+1.1040000E-03,-1.9346733452E+00,+1.8442210867E+00,-3.7792968750E+00
+1.1042500E-03,-2.0904522389E+00,+1.6884421930E+00,-3.7792968750E+00
+1.1045000E-03,-2.0150753543E+00,+1.6834170684E+00,-3.7011718750E+00
+1.1047500E-03,-1.8492462113E+00,+1.7462311376E+00,-3.6010742192E+00
+1.1050000E-03,-1.7688442022E+00,+1.6105527461E+00,-3.3816528315E+00
+1.1052500E-03,-1.8944723406E+00,+1.4020100362E+00,-3.3007812500E+00
+1.1055000E-03,-1.6884421930E+00,+1.4095477231E+00,-3.1033325190E+00
+1.1057500E-03,-1.4472361654E+00,+1.5050251100E+00,-2.9565429692E+00
+1.1060000E-03,-1.3668341562E+00,+1.4422110408E+00,-2.8170776377E+00
+1.1062500E-03,-1.3844220962E+00,+1.1080401887E+00,-2.5000000000E+00
+1.1065000E-03,-1.1733668202E+00,+1.0402009948E+00,-2.2192382808E+00
+1.1067500E-03,-791.4572765E-03,+1.1381909440E+00,-1.9335937500E+00
+1.1070000E-03,-804.0200919E-03,+806.5326542E-03,-1.6137695308E+00
+1.1072500E-03,-849.2462211E-03,+499.9999951E-03,-1.3500976558E+00
+1.1075000E-03,-605.5276312E-03,+439.6984882E-03,-1.0546875000E+00
+1.1077500E-03,-334.1708521E-03,+447.2361752E-03,-788.5742192E-03
+1.1080000E-03,-241.2060276E-03,+238.6934653E-03,-485.8398442E-03
+1.1082500E-03,-52.7638200E-03,+10.0502492E-03,-68.6645503E-03
+1.1085000E-03,+5.0251246E-03,-193.4673361E-03,+192.8710942E-03
+1.1087500E-03,+298.9949722E-03,-206.0301476E-03,+500.4882808E-03
+1.1090000E-03,+474.8743682E-03,-409.5477329E-03,+878.9062500E-03
+1.1092500E-03,+402.0100459E-03,-786.4321519E-03,+1.1840820308E+00
+1.1095000E-03,+638.1909489E-03,-846.7336588E-03,+1.4819335942E+00
+1.1097500E-03,+804.0200919E-03,-942.2110457E-03,+1.7428588872E+00
+1.1100000E-03,+809.0452165E-03,-1.2035175755E+00,+2.0046997065E+00
+1.1102500E-03,+947.2361703E-03,-1.3216080270E+00,+2.2631835942E+00
+1.1105000E-03,+1.2110552624E+00,-1.3618090316E+00,+2.5683593750E+00
+1.1107500E-03,+1.2864321470E+00,-1.5276381746E+00,+2.8125000000E+00
+1.1110000E-03,+1.4396984785E+00,-1.6130653084E+00,+3.0444335942E+00
+1.1112500E-03,+1.3668341562E+00,-1.8492462113E+00,+3.2128906250E+00
+1.1115000E-03,+1.5276381746E+00,-1.8115577691E+00,+3.3325195308E+00
+1.1117500E-03,+1.6884421930E+00,-1.8266331468E+00,+3.5131835942E+00
+1.1120000E-03,+1.5351758615E+00,-2.0829145520E+00,+3.6132812500E+00
+1.1122500E-03,+1.4999999854E+00,-2.1984924373E+00,+3.6914062500E+00
+1.1125000E-03,+1.7688442022E+00,-1.9673366628E+00,+3.7280273442E+00
+1.1127500E-03,+1.8718592759E+00,-1.9648241005E+00,+3.8327026373E+00
+1.1130000E-03,+1.7663316399E+00,-2.0125627920E+00,+3.7695312500E+00
+1.1132500E-03,+1.7060301330E+00,-2.0904522389E+00,+3.7887573248E+00
+1.1135000E-03,+1.8015075199E+00,-1.9346733451E+00,+3.7280273442E+00
+1.1137500E-03,+1.8040200822E+00,-1.7562813868E+00,+3.5571289058E+00
+1.1140000E-03,+1.5301507369E+00,-1.9296482205E+00,+3.4594726558E+00
+1.1142500E-03,+1.4195979762E+00,-1.8944723405E+00,+3.3081054692E+00
+1.1145000E-03,+1.6080401838E+00,-1.6080401838E+00,+3.2128906250E+00
+1.1147500E-03,+1.4698492300E+00,-1.5050251100E+00,+2.9687500000E+00
+1.1150000E-03,+1.2839195847E+00,-1.4497487277E+00,+2.7246093750E+00
+1.1152500E-03,+1.1708542578E+00,-1.3391959670E+00,+2.5073242192E+00
+1.1155000E-03,+1.2060301378E+00,-1.0879396863E+00,+2.2875976558E+00
+1.1157500E-03,+1.0804019995E+00,-1.0100502395E+00,+2.0898437500E+00
+1.1160000E-03,+801.5075296E-03,-967.3366726E-03,+1.7675781250E+00
+1.1162500E-03,+643.2160735E-03,-786.4321519E-03,+1.4260864252E+00
+1.1165000E-03,+643.2160735E-03,-562.8140643E-03,+1.2011718750E+00
+1.1167500E-03,+309.0452213E-03,-517.5879351E-03,+822.7539058E-03
+1.1170000E-03,+80.4020092E-03,-402.0100459E-03,+478.5156250E-03
+1.1172500E-03,+62.8140692E-03,-115.5778892E-03,+173.3398442E-03
+1.1175000E-03,-75.3768846E-03,+85.4271338E-03,-166.0156250E-03
+1.1177500E-03,-321.6080368E-03,+57.7889446E-03,-385.4370123E-03
+1.1180000E-03,-565.3266266E-03,+158.2914561E-03,-732.4218750E-03
+1.1182500E-03,-706.0301427E-03,+356.7839168E-03,-1.0717773442E+00
+1.1185000E-03,-685.9296404E-03,+680.9045158E-03,-1.3671875000E+00
+1.1187500E-03,-1.0226130549E+00,+665.8291381E-03,-1.6894531250E+00
+1.1190000E-03,-1.2060301378E+00,+645.7286358E-03,-1.8579101558E+00
+1.1192500E-03,-1.3492462162E+00,+902.0100411E-03,-2.2558593750E+00
+1.1195000E-03,-1.3241205893E+00,+1.1306532532E+00,-2.4588012690E+00
+1.1197500E-03,-1.5276381746E+00,+1.1834170732E+00,-2.7124023442E+00
+1.1200000E-03,-1.6934673176E+00,+1.2010050133E+00,-2.9003906250E+00
+1.1202500E-03,-1.8316582713E+00,+1.3040200870E+00,-3.1445312500E+00
+1.1205000E-03,-1.8165828936E+00,+1.5175879254E+00,-3.3374023442E+00
+1.1207500E-03,-1.9522612851E+00,+1.5276381746E+00,-3.4887695308E+00
+1.1210000E-03,-2.1683416858E+00,+1.3693467185E+00,-3.5449218750E+00
+1.1212500E-03,-2.0728642989E+00,+1.6256281238E+00,-3.7011718750E+00
+1.1215000E-03,-2.0050251052E+00,+1.7738693267E+00,-3.7792968750E+00
+1.1217500E-03,-2.1482411835E+00,+1.7110552576E+00,-3.8671875000E+00
+1.1220000E-03,-2.0929648012E+00,+1.7638190776E+00,-3.8644409185E+00
+1.1222500E-03,-1.9824120406E+00,+1.7964823913E+00,-3.7792968750E+00
+1.1225000E-03,-1.9346733451E+00,+1.8065326445E+00,-3.7426757808E+00
+1.1227500E-03,-1.9974874143E+00,+1.6432160638E+00,-3.6450195308E+00
+1.1230000E-03,-2.0100502297E+00,+1.5301507369E+00,-3.5473632808E+00
+1.1232500E-03,-1.7688442022E+00,+1.5628140546E+00,-3.3370971690E+00
+1.1235000E-03,-1.6457286261E+00,+1.6507537507E+00,-3.3007812500E+00
+1.1237500E-03,-1.6658291284E+00,+1.3316582762E+00,-3.0004882808E+00
+1.1240000E-03,-1.5301507369E+00,+1.3643215939E+00,-2.9003906250E+00
+1.1242500E-03,-1.1783919487E+00,+1.4748743546E+00,-2.6562500000E+00
+1.1245000E-03,-1.1256281286E+00,+1.2487437047E+00,-2.3754882808E+00
+1.1247500E-03,-1.1482411932E+00,+999.9999903E-03,-2.1557617192E+00
+1.1250000E-03,-967.3366726E-03,+884.4221011E-03,-1.8579101558E+00
+1.1252500E-03,-751.2562718E-03,+856.7839119E-03,-1.6113281250E+00
+1.1255000E-03,-525.1256220E-03,+718.5929581E-03,-1.2475585942E+00
+1.1257500E-03,-597.9899444E-03,+331.6582859E-03,-935.3637685E-03
+1.1260000E-03,-557.7889398E-03,+165.8291429E-03,-732.4218750E-03
+1.1262500E-03,-97.9899492E-03,+223.6180876E-03,-322.2656250E-03
+1.1265000E-03,+42.7135669E-03,+47.7386914E-03,-10.0707997E-03
+1.1267500E-03,+57.7889446E-03,-241.2060276E-03,+290.5273442E-03
+1.1270000E-03,+238.6934653E-03,-402.0100459E-03,+632.3242192E-03
+1.1272500E-03,+356.7839168E-03,-527.6381843E-03,+878.9062500E-03
+1.1275000E-03,+600.5025066E-03,-648.2411981E-03,+1.2426757808E+00
+1.1277500E-03,+620.6030089E-03,-964.8241103E-03,+1.5795898442E+00
+1.1280000E-03,+728.6432073E-03,-1.1180904418E+00,+1.8432617192E+00
+1.1282500E-03,+982.4120503E-03,-1.1080401886E+00,+2.0898437500E+00
+1.1285000E-03,+1.0929648109E+00,-1.2814070225E+00,+2.3657226558E+00
+1.1287500E-03,+1.0678391840E+00,-1.6080401838E+00,+2.6684570308E+00
+1.1290000E-03,+1.3592964694E+00,-1.4547738522E+00,+2.8125000000E+00
+1.1292500E-03,+1.4924622946E+00,-1.5804019947E+00,+3.0661010748E+00
+1.1295000E-03,+1.4422110409E+00,-1.8115577690E+00,+3.2495117192E+00
+1.1297500E-03,+1.4472361654E+00,-1.9296482205E+00,+3.3691406250E+00
+1.1300000E-03,+1.6080401838E+00,-1.9271356583E+00,+3.5327148442E+00
+1.1302500E-03,+1.8492462113E+00,-1.8492462113E+00,+3.6914062500E+00
+1.1305000E-03,+1.6507537507E+00,-2.0050251052E+00,+3.6499023442E+00
+1.1307500E-03,+1.6884421930E+00,-2.1130653035E+00,+3.7942504877E+00
+1.1310000E-03,+1.8442210868E+00,-1.9371859074E+00,+3.7722778315E+00
+1.1312500E-03,+1.9120602805E+00,-1.8216080222E+00,+3.7277221690E+00
+1.1315000E-03,+1.7688442022E+00,-2.0904522389E+00,+3.8574218750E+00
+1.1317500E-03,+1.6432160638E+00,-2.0552763589E+00,+3.6914062500E+00
+1.1320000E-03,+1.6884421930E+00,-1.9296482205E+00,+3.6132812500E+00
+1.1322500E-03,+1.7236180730E+00,-1.7512562621E+00,+3.4741210942E+00
+1.1325000E-03,+1.5276381746E+00,-1.7311557598E+00,+3.2543945308E+00
+1.1327500E-03,+1.3768844053E+00,-1.7814070176E+00,+3.1567382807E+00
+1.1330000E-03,+1.4472361654E+00,-1.5276381746E+00,+2.9687500000E+00
+1.1332500E-03,+1.4120602854E+00,-1.3216080271E+00,+2.7246093750E+00
+1.1335000E-03,+1.1256281286E+00,-1.3291457139E+00,+2.4490356440E+00
+1.1337500E-03,+942.2110457E-03,-1.2286432024E+00,+2.1679687500E+00
+1.1340000E-03,+889.4472256E-03,-1.0427135572E+00,+1.9262695307E+00
+1.1342500E-03,+839.1959719E-03,-849.2462210E-03,+1.6796875000E+00
+1.1345000E-03,+600.5025066E-03,-809.0452164E-03,+1.4041137690E+00
+1.1347500E-03,+424.6231105E-03,-678.3919536E-03,+1.1010742193E+00
+1.1350000E-03,+248.7437144E-03,-477.3869306E-03,+725.0976557E-03
+1.1352500E-03,+223.6180875E-03,-178.3919584E-03,+400.3906250E-03
+1.1355000E-03,-155.7788938E-03,-236.1809030E-03,+78.1250000E-03
+1.1357500E-03,-183.4170829E-03,-22.6130646E-03,-166.0156250E-03
+1.1360000E-03,-165.8291429E-03,+394.4723591E-03,-563.9648443E-03
+1.1362500E-03,-482.4120551E-03,+321.6080368E-03,-810.5468750E-03
+1.1365000E-03,-851.7587833E-03,+354.2713545E-03,-1.2109375000E+00
+1.1367500E-03,-907.0351656E-03,+562.8140643E-03,-1.4770507807E+00
+1.1370000E-03,-962.3115480E-03,+728.6432072E-03,-1.6921997065E+00
+1.1372500E-03,-1.1256281286E+00,+884.4221011E-03,-2.0117187500E+00
+1.1375000E-03,-1.4045225985E+00,+889.4472256E-03,-2.2973632807E+00
+1.1377500E-03,-1.4698492300E+00,+1.0226130549E+00,-2.5000000000E+00
+1.1380000E-03,-1.4497487277E+00,+1.3618090317E+00,-2.8195190435E+00
+1.1382500E-03,-1.5628140547E+00,+1.3316582762E+00,-2.9003906250E+00
+1.1385000E-03,-1.8492462113E+00,+1.2437185802E+00,-3.0978393560E+00
+1.1387500E-03,-1.8718592759E+00,+1.4824120455E+00,-3.3569335943E+00
+1.1390000E-03,-1.8467336491E+00,+1.6909547552E+00,-3.5449218750E+00
+1.1392500E-03,-1.9748743497E+00,+1.7060301330E+00,-3.6840820307E+00
+1.1395000E-03,-2.1281406812E+00,+1.5703517415E+00,-3.7011718750E+00
+1.1397500E-03,-2.0452261098E+00,+1.6532663129E+00,-3.7011718750E+00
+1.1400000E-03,-1.9321607828E+00,+1.9271356583E+00,-3.8671875000E+00
+1.1402500E-03,-2.0276381698E+00,+1.8140703313E+00,-3.8479614252E+00
+1.1405000E-03,-2.1331658058E+00,+1.6457286261E+00,-3.7792968750E+00
+1.1407500E-03,-1.9522612851E+00,+1.8040200822E+00,-3.7573242193E+00
+1.1410000E-03,-1.9246230960E+00,+1.7713567644E+00,-3.6987304693E+00
+1.1412500E-03,-1.8768844004E+00,+1.5979899347E+00,-3.4838867193E+00
+1.1415000E-03,-1.8492462113E+00,+1.5276381746E+00,-3.3789062500E+00
+1.1417500E-03,-1.7236180730E+00,+1.4924622945E+00,-3.2226562500E+00
+1.1420000E-03,-1.6030150593E+00,+1.5301507369E+00,-3.1417846685E+00
+1.1422500E-03,-1.4824120455E+00,+1.3492462162E+00,-2.8393554693E+00
+1.1425000E-03,-1.4472361654E+00,+1.1256281286E+00,-2.5781250000E+00
+1.1427500E-03,-1.1130653131E+00,+1.2412060179E+00,-2.3559570307E+00
+1.1430000E-03,-886.9346633E-03,+1.1231155664E+00,-2.0117187500E+00
+1.1432500E-03,-1.0904522486E+00,+741.2060227E-03,-1.8383789057E+00
+1.1435000E-03,-927.1356679E-03,+557.7889398E-03,-1.4916992193E+00
+1.1437500E-03,-620.6030090E-03,+585.4271289E-03,-1.2109375000E+00
+1.1440000E-03,-402.0100459E-03,+404.5226082E-03,-812.9882807E-03
+1.1442500E-03,-402.0100459E-03,+143.2160783E-03,-549.3164057E-03
+1.1445000E-03,-321.6080368E-03,-75.3768847E-03,-249.0234365E-03
+1.1447500E-03,+0.0E+00,-80.4020092E-03,+78.1250000E-03
+1.1450000E-03,+236.1809031E-03,-165.8291429E-03,+400.3906250E-03
+1.1452500E-03,+143.2160783E-03,-562.8140643E-03,+703.4301752E-03
+1.1455000E-03,+316.5829122E-03,-728.6432072E-03,+1.0449218750E+00
+1.1457500E-03,+562.8140643E-03,-723.6180827E-03,+1.2792968750E+00
+1.1460000E-03,+726.1306450E-03,-959.7989858E-03,+1.6772460943E+00
+1.1462500E-03,+741.2060227E-03,-1.1708542578E+00,+1.9067382807E+00
+1.1465000E-03,+932.1607924E-03,-1.2386934557E+00,+2.1679687500E+00
+1.1467500E-03,+1.0678391840E+00,-1.3793969718E+00,+2.4435424816E+00
+1.1470000E-03,+1.2839195848E+00,-1.3693467185E+00,+2.6464843750E+00
+1.1472500E-03,+1.2688442070E+00,-1.6256281238E+00,+2.8906250000E+00
+1.1475000E-03,+1.4095477231E+00,-1.6884421930E+00,+3.0935668939E+00
+1.1477500E-03,+1.6080401838E+00,-1.6884421930E+00,+3.2910156250E+00
+1.1480000E-03,+1.4547738522E+00,-1.9221105338E+00,+3.3691406250E+00
+1.1482500E-03,+1.5628140547E+00,-1.9748743496E+00,+3.5351562500E+00
+1.1485000E-03,+1.6884421930E+00,-1.9673366629E+00,+3.6499023443E+00
+1.1487500E-03,+1.8366833958E+00,-1.9422110361E+00,+3.7695312500E+00
+1.1490000E-03,+1.7713567644E+00,-2.0075376675E+00,+3.7695312500E+00
+1.1492500E-03,+1.6708542529E+00,-2.1080401790E+00,+3.7695312500E+00
+1.1495000E-03,+1.8065326445E+00,-1.9723617874E+00,+3.7695312500E+00
+1.1497500E-03,+1.9422110361E+00,-1.7914572667E+00,+3.7255859385E+00
+1.1500000E-03,+1.7688442022E+00,-1.9296482205E+00,+3.6914062500E+00
+1.1502500E-03,+1.6080401838E+00,-1.9924622897E+00,+3.5961914057E+00
+1.1505000E-03,+1.6834170685E+00,-1.8165828935E+00,+3.4985351557E+00
+1.1507500E-03,+1.6306532483E+00,-1.6080401838E+00,+3.2348632807E+00
+1.1510000E-03,+1.4472361654E+00,-1.6080401838E+00,+3.0468750000E+00
+1.1512500E-03,+1.2688442070E+00,-1.5804019947E+00,+2.8466796885E+00
+1.1515000E-03,+1.2487437047E+00,-1.4045225986E+00,+2.6464843750E+00
+1.1517500E-03,+1.3216080271E+00,-1.1482411932E+00,+2.4655151373E+00
+1.1520000E-03,+1.1206030042E+00,-1.0502512440E+00,+2.1679687500E+00
+1.1522500E-03,+723.6180827E-03,-1.1256281286E+00,+1.8457031250E+00
+1.1525000E-03,+718.5929582E-03,-846.7336587E-03,+1.5600585943E+00
+1.1527500E-03,+723.6180827E-03,-620.6030090E-03,+1.3354492193E+00
+1.1530000E-03,+404.5226082E-03,-638.1909490E-03,+1.0421752936E+00
+1.1532500E-03,+223.6180875E-03,-402.0100459E-03,+617.6757807E-03
+1.1535000E-03,+170.8542674E-03,-188.4422117E-03,+353.6987311E-03
+1.1537500E-03,-35.1758801E-03,-57.7889446E-03,+21.9726557E-03
+1.1540000E-03,-243.7185898E-03,+0.0E+00,-246.5820307E-03
+1.1542500E-03,-437.1859261E-03,+206.0301475E-03,-644.5312500E-03
+1.1545000E-03,-487.4371796E-03,+396.9849215E-03,-888.6718750E-03
+1.1547500E-03,-643.2160735E-03,+562.8140643E-03,-1.2109375000E+00
+1.1550000E-03,-1.0402009950E+00,+487.4371796E-03,-1.5332031250E+00
+1.1552500E-03,-1.1256281286E+00,+723.6180827E-03,-1.8554687500E+00
+1.1555000E-03,-1.0829145618E+00,+969.8492348E-03,-2.0584106439E+00
+1.1557500E-03,-1.2412060179E+00,+1.0326633039E+00,-2.2778320307E+00
+1.1560000E-03,-1.5276381746E+00,+1.0427135572E+00,-2.5756835943E+00
+1.1562500E-03,-1.6256281238E+00,+1.1884421978E+00,-2.8222656250E+00
+1.1565000E-03,-1.5703517414E+00,+1.4422110409E+00,-3.0151367193E+00
+1.1567500E-03,-1.6306532483E+00,+1.5050251101E+00,-3.1445312500E+00
+1.1570000E-03,-1.9271356583E+00,+1.3718592807E+00,-3.3032226557E+00
+1.1572500E-03,-2.0552763588E+00,+1.4824120455E+00,-3.5449218750E+00
+1.1575000E-03,-1.8919597782E+00,+1.7688442022E+00,-3.6645507807E+00
+1.1577500E-03,-1.9874371652E+00,+1.7110552575E+00,-3.7011718750E+00
+1.1580000E-03,-2.0904522389E+00,+1.6859296307E+00,-3.7768554693E+00
+1.1582500E-03,-2.0452261098E+00,+1.7336683220E+00,-3.7792968750E+00
+1.1585000E-03,-1.9723617874E+00,+1.8492462113E+00,-3.8259887689E+00
+1.1587500E-03,-1.9748743496E+00,+1.8618090269E+00,-3.8424682623E+00
+1.1590000E-03,-2.0125627920E+00,+1.6859296307E+00,-3.7011718750E+00
+1.1592500E-03,-1.9924622897E+00,+1.5628140547E+00,-3.5620117193E+00
+1.1595000E-03,-1.8492462113E+00,+1.6884421930E+00,-3.5449218750E+00
+1.1597500E-03,-1.7462311376E+00,+1.5728643037E+00,-3.3227539057E+00
+1.1600000E-03,-1.7688442022E+00,+1.3693467185E+00,-3.1469726557E+00
+1.1602500E-03,-1.5452261147E+00,+1.4296482253E+00,-2.9785156250E+00
+1.1605000E-03,-1.3567839073E+00,+1.3768844052E+00,-2.7343750000E+00
+1.1607500E-03,-1.4246231009E+00,+1.1482411932E+00,-2.5781250000E+00
+1.1610000E-03,-1.2135678245E+00,+1.0376884328E+00,-2.2558593750E+00
+1.1612500E-03,-982.4120503E-03,+964.8241103E-03,-1.9506835943E+00
+1.1615000E-03,-766.3316495E-03,+922.1105434E-03,-1.6894531250E+00
+1.1617500E-03,-804.0200919E-03,+585.4271289E-03,-1.3919067377E+00
+1.1620000E-03,-879.3969766E-03,+324.1205990E-03,-1.2084960943E+00
+1.1622500E-03,-419.5979860E-03,+402.0100459E-03,-827.6367193E-03
+1.1625000E-03,-155.7788939E-03,+326.6331612E-03,-488.2812500E-03
+1.1627500E-03,-218.5929630E-03,-57.7889447E-03,-166.0156250E-03
+1.1630000E-03,-85.4271337E-03,-246.2311520E-03,+156.2500000E-03
+1.1632500E-03,+160.8040184E-03,-321.6080368E-03,+478.5156250E-03
+1.1635000E-03,+359.2964791E-03,-444.7236128E-03,+800.7812500E-03
+1.1637500E-03,+402.0100459E-03,-723.6180827E-03,+1.1230468750E+00
+1.1640000E-03,+484.9246174E-03,-962.3115480E-03,+1.4453125000E+00
+1.1642500E-03,+804.0200919E-03,-902.0100411E-03,+1.6989135748E+00
+1.1645000E-03,+927.1356679E-03,-1.0402009950E+00,+1.9604492193E+00
+1.1647500E-03,+907.0351656E-03,-1.3216080272E+00,+2.2241210943E+00
+1.1650000E-03,+1.0452261195E+00,-1.4497487276E+00,+2.4926757807E+00
+1.1652500E-03,+1.2688442070E+00,-1.4824120455E+00,+2.7438354498E+00
+1.1655000E-03,+1.3668341562E+00,-1.5703517414E+00,+2.9321289057E+00
+1.1657500E-03,+1.4597989810E+00,-1.7336683220E+00,+3.1909179693E+00
+1.1660000E-03,+1.3693467184E+00,-1.9271356583E+00,+3.2910156250E+00
+1.1662500E-03,+1.6256281239E+00,-1.8944723404E+00,+3.5180664057E+00
+1.1665000E-03,+1.6457286261E+00,-1.9296482205E+00,+3.5717773443E+00
+1.1667500E-03,+1.5728643036E+00,-2.1256281191E+00,+3.6914062500E+00
+1.1670000E-03,+1.6884421930E+00,-2.0904522389E+00,+3.7695312500E+00
+1.1672500E-03,+1.8944723404E+00,-1.8844220915E+00,+3.7695312500E+00
+1.1675000E-03,+1.7738693266E+00,-1.9999999808E+00,+3.7692260754E+00
+1.1677500E-03,+1.7010050086E+00,-2.1130653034E+00,+3.8107299816E+00
+1.1680000E-03,+1.7638190777E+00,-1.9371859072E+00,+3.6938476557E+00
+1.1682500E-03,+1.8040200823E+00,-1.8944723404E+00,+3.6914062500E+00
+1.1685000E-03,+1.7311557598E+00,-1.8492462113E+00,+3.5766601557E+00
+1.1687500E-03,+1.4924622944E+00,-1.9648241007E+00,+3.4570312500E+00
+1.1690000E-03,+1.5276381746E+00,-1.7688442022E+00,+3.2910156250E+00
+1.1692500E-03,+1.5904522437E+00,-1.4472361654E+00,+3.0297851557E+00
+1.1695000E-03,+1.4145728475E+00,-1.3994974741E+00,+2.8125000000E+00
+1.1697500E-03,+1.0678391840E+00,-1.4472361654E+00,+2.5122070307E+00
+1.1700000E-03,+1.2010050134E+00,-1.1306532531E+00,+2.3242187500E+00
+1.1702500E-03,+1.1256281286E+00,-947.2361702E-03,+2.0706176752E+00
+1.1705000E-03,+879.3969766E-03,-927.1356679E-03,+1.8041992193E+00
+1.1707500E-03,+643.2160735E-03,-861.8090366E-03,+1.5014648443E+00
+1.1710000E-03,+409.5477326E-03,-718.5929583E-03,+1.1254882807E+00
+1.1712500E-03,+454.7738662E-03,-412.0602948E-03,+861.8164057E-03
+1.1715000E-03,+283.9195944E-03,-316.5829123E-03,+593.2617193E-03
+1.1717500E-03,-22.6130645E-03,-263.8190921E-03,+234.3750000E-03
+1.1720000E-03,-5.0251244E-03,+77.8894470E-03,-90.3320307E-03
+1.1722500E-03,-160.8040184E-03,+223.6180875E-03,-390.9301752E-03
+1.1725000E-03,-487.4371796E-03,+193.4673363E-03,-685.7299811E-03
+1.1727500E-03,-643.2160735E-03,+379.3969814E-03,-1.0299682623E+00
+1.1730000E-03,-723.6180827E-03,+487.4371796E-03,-1.2158203114E+00
+1.1732500E-03,-866.8341610E-03,+678.3919537E-03,-1.5502929693E+00
+1.1735000E-03,-1.1633165710E+00,+766.3316495E-03,-1.9335937500E+00
+1.1737500E-03,-1.3442210917E+00,+746.2311472E-03,-2.0996093750E+00
+1.1740000E-03,-1.2864321470E+00,+1.0427135572E+00,-2.3315429693E+00
+1.1742500E-03,-1.2939698382E+00,+1.2788944558E+00,-2.5781250000E+00
+1.1745000E-03,-1.6884421930E+00,+1.0929648107E+00,-2.7859497053E+00
+1.1747500E-03,-1.7914572667E+00,+1.2638190825E+00,-3.0566406250E+00
+1.1750000E-03,-1.7713567644E+00,+1.4447236032E+00,-3.2226562500E+00
+1.1752500E-03,-1.8944723404E+00,+1.5452261147E+00,-3.4475708002E+00
+1.1755000E-03,-2.0477386721E+00,+1.4899497322E+00,-3.5449218750E+00
+1.1757500E-03,-2.2060301283E+00,+1.4924622944E+00,-3.7011718750E+00
+1.1760000E-03,-2.0125627919E+00,+1.7663316399E+00,-3.7792968750E+00
+1.1762500E-03,-1.9648241007E+00,+1.8140703312E+00,-3.7792968750E+00
+1.1765000E-03,-2.1658291237E+00,+1.6557788750E+00,-3.8259887689E+00
+1.1767500E-03,-2.1708542481E+00,+1.5854271193E+00,-3.7573242193E+00
+1.1770000E-03,-1.9321607828E+00,+1.7663316399E+00,-3.7011718750E+00
+1.1772500E-03,-1.9120602805E+00,+1.7236180731E+00,-3.6401367193E+00
+1.1775000E-03,-2.0150753542E+00,+1.5653266170E+00,-3.5864257807E+00
+1.1777500E-03,-1.9296482205E+00,+1.4698492299E+00,-3.4036254877E+00
+1.1780000E-03,-1.7638190777E+00,+1.5326632990E+00,-3.3007812500E+00
+1.1782500E-03,-1.5904522437E+00,+1.5276381746E+00,-3.1253051752E+00
+1.1785000E-03,-1.6457286262E+00,+1.3291457138E+00,-2.9785156250E+00
+1.1787500E-03,-1.4824120456E+00,+1.2512562669E+00,-2.7343750000E+00
+1.1790000E-03,-1.1281406909E+00,+1.2839195848E+00,-2.4121093750E+00
+1.1792500E-03,-1.1256281286E+00,+1.0452261195E+00,-2.1777343750E+00
+1.1795000E-03,-1.0929648107E+00,+798.9949675E-03,-1.8969726557E+00
+1.1797500E-03,-804.0200919E-03,+781.4070274E-03,-1.5893554693E+00
+1.1800000E-03,-638.1909491E-03,+648.2411979E-03,-1.2890625000E+00
+1.1802500E-03,-562.8140643E-03,+482.4120551E-03,-1.0546875000E+00
+1.1805000E-03,-520.1004975E-03,+165.8291428E-03,-691.2231439E-03
+1.1807500E-03,-298.9949723E-03,+103.0150737E-03,-410.1562500E-03
+1.1810000E-03,+77.8894470E-03,+158.2914562E-03,-87.8906250E-03
+1.1812500E-03,+80.4020092E-03,-178.3919585E-03,+251.4648443E-03
+1.1815000E-03,+118.0904516E-03,-444.7236127E-03,+556.6406250E-03
+1.1817500E-03,+334.1708524E-03,-550.2512486E-03,+878.9062500E-03
+1.1820000E-03,+640.7035113E-03,-565.3266265E-03,+1.2011718750E+00
+1.1822500E-03,+643.2160735E-03,-884.4221011E-03,+1.5234375000E+00
+1.1825000E-03,+648.2411979E-03,-1.1206030042E+00,+1.7675781250E+00
+1.1827500E-03,+826.6331564E-03,-1.2412060180E+00,+2.0651245124E+00
+1.1830000E-03,+1.1984924512E+00,-1.2110552622E+00,+2.3999023443E+00
+1.1832500E-03,+1.1708542577E+00,-1.4195979765E+00,+2.5854492193E+00
+1.1835000E-03,+1.1306532531E+00,-1.6834170686E+00,+2.8125000000E+00
+1.1837500E-03,+1.4824120456E+00,-1.6532663128E+00,+3.1347656250E+00
+1.1840000E-03,+1.6030150594E+00,-1.6884421930E+00,+3.2861328136E+00
+1.1842500E-03,+1.4648241055E+00,-1.8944723404E+00,+3.3520507807E+00
+1.1845000E-03,+1.4849246078E+00,-2.0100502297E+00,+3.4936523443E+00
+1.1847500E-03,+1.6532663128E+00,-1.9648241007E+00,+3.6132812500E+00
+1.1850000E-03,+1.6959798796E+00,-2.0804019901E+00,+3.7670898443E+00
+1.1852500E-03,+1.6884421930E+00,-2.0452261099E+00,+3.7277221692E+00
+1.1855000E-03,+1.7738693266E+00,-2.0427135477E+00,+3.8107299811E+00
+1.1857500E-03,+1.9070351560E+00,-1.8718592758E+00,+3.7695312500E+00
+1.1860000E-03,+1.8517587736E+00,-1.8517587736E+00,+3.6965942371E+00
+1.1862500E-03,+1.6884421930E+00,-1.9924622896E+00,+3.6743164057E+00
+1.1865000E-03,+1.7211055110E+00,-1.9346733449E+00,+3.6499023443E+00
+1.1867500E-03,+1.7914572667E+00,-1.7462311377E+00,+3.5351562500E+00
+1.1870000E-03,+1.6934673174E+00,-1.6809045064E+00,+3.3666992193E+00
+1.1872500E-03,+1.4648241055E+00,-1.7512562621E+00,+3.2128906250E+00
+1.1875000E-03,+1.3718592806E+00,-1.5226130502E+00,+2.8906250000E+00
+1.1877500E-03,+1.5050251101E+00,-1.3090452115E+00,+2.8125000000E+00
+1.1880000E-03,+1.3643215940E+00,-1.1306532530E+00,+2.4926757807E+00
+1.1882500E-03,+1.0728643084E+00,-1.1783919489E+00,+2.2460937500E+00
+1.1885000E-03,+879.3969767E-03,-1.0929648106E+00,+1.9653320307E+00
+1.1887500E-03,+977.3869260E-03,-733.6683315E-03,+1.7044067376E+00
+1.1890000E-03,+648.2411979E-03,-798.9949675E-03,+1.4453125000E+00
+1.1892500E-03,+419.5979860E-03,-723.6180827E-03,+1.1401367193E+00
+1.1895000E-03,+326.6331611E-03,-520.1004975E-03,+842.2851557E-03
+1.1897500E-03,+241.2060276E-03,-241.2060276E-03,+478.5156250E-03
+1.1900000E-03,+155.7788940E-03,-87.9396958E-03,+236.8164057E-03
+1.1902500E-03,-213.5678387E-03,-52.7638203E-03,-166.0156250E-03
+1.1905000E-03,-359.2964792E-03,+37.6884424E-03,-400.0854504E-03
+1.1907500E-03,-366.8341657E-03,+356.7839170E-03,-732.4218750E-03
+1.1910000E-03,-645.7286357E-03,+399.4974838E-03,-1.0546875000E+00
+1.1912500E-03,-1.0100502393E+00,+419.5979860E-03,-1.4358520501E+00
+1.1915000E-03,-1.0402009951E+00,+605.5276311E-03,-1.6479492193E+00
+1.1917500E-03,-1.1733668246E+00,+814.0703407E-03,-1.9897460943E+00
+1.1920000E-03,-1.3668341562E+00,+884.4221011E-03,-2.2558593750E+00
+1.1922500E-03,-1.5452261147E+00,+866.8341610E-03,-2.4121093750E+00
+1.1925000E-03,-1.5653266170E+00,+1.1683416954E+00,-2.7343750000E+00
+1.1927500E-03,-1.6080401838E+00,+1.3442210917E+00,-2.9565429693E+00
+1.1930000E-03,-1.8492462113E+00,+1.3668341562E+00,-3.2226562500E+00
+1.1932500E-03,-2.0552763587E+00,+1.2587939582E+00,-3.3178710943E+00
+1.1935000E-03,-1.8919597781E+00,+1.5653266170E+00,-3.4667968750E+00
+1.1937500E-03,-1.9648241008E+00,+1.6532663128E+00,-3.6230468750E+00
+1.1940000E-03,-2.1658291237E+00,+1.5351758612E+00,-3.7036132807E+00
+1.1942500E-03,-2.1884421882E+00,+1.5904522437E+00,-3.7792968750E+00
+1.1945000E-03,-2.0904522389E+00,+1.7311557598E+00,-3.8259887689E+00
+1.1947500E-03,-1.9522612850E+00,+1.8492462113E+00,-3.8040161126E+00
+1.1950000E-03,-2.0929648011E+00,+1.7663316400E+00,-3.8671875000E+00
+1.1952500E-03,-2.1708542481E+00,+1.5452261147E+00,-3.7182617193E+00
+1.1955000E-03,-1.9296482205E+00,+1.7261306354E+00,-3.6596679693E+00
+1.1957500E-03,-1.7336683219E+00,+1.7814070179E+00,-3.5229492193E+00
+1.1960000E-03,-1.9271356584E+00,+1.4497487276E+00,-3.3789062500E+00
+1.1962500E-03,-1.8492462113E+00,+1.3668341562E+00,-3.2226562500E+00
+1.1965000E-03,-1.5603014926E+00,+1.4522612898E+00,-3.0151367193E+00
+1.1967500E-03,-1.4472361654E+00,+1.4246231009E+00,-2.8784179693E+00
+1.1970000E-03,-1.3718592806E+00,+1.2010050135E+00,-2.5781250000E+00
+1.1972500E-03,-1.2412060181E+00,+1.0904522484E+00,-2.3339843750E+00
+1.1975000E-03,-1.0502512438E+00,+1.0402009951E+00,-2.0996093750E+00
+1.1977500E-03,-849.2462209E-03,+942.2110458E-03,-1.7993164057E+00
+1.1980000E-03,-884.4221011E-03,+565.3266265E-03,-1.4575195307E+00
+1.1982500E-03,-723.6180827E-03,+482.4120551E-03,-1.2109375000E+00
+1.1985000E-03,-396.9849216E-03,+487.4371795E-03,-888.6718750E-03
+1.1987500E-03,-356.7839170E-03,+228.6432118E-03,-588.3789057E-03
+1.1990000E-03,-246.2311519E-03,+75.3768848E-03,-322.2656250E-03
+1.1992500E-03,-97.9899493E-03,-115.5778894E-03,+17.0898443E-03
+1.1995000E-03,+241.2060276E-03,-123.1155760E-03,+359.1918939E-03
+1.1997500E-03,+356.7839170E-03,-286.4321565E-03,+634.7656250E-03
+1.2000000E-03,+243.7185897E-03,-721.1055205E-03,+957.0312500E-03
+1.2002500E-03,+499.9999952E-03,-768.8442117E-03,+1.2622070307E+00
+1.2005000E-03,+761.3065251E-03,-766.3316495E-03,+1.5234375000E+00
+1.2007500E-03,+791.4572761E-03,-999.9999905E-03,+1.7895507807E+00
+1.2010000E-03,+804.0200919E-03,-1.2864321470E+00,+2.0898437500E+00
+1.2012500E-03,+1.0904522484E+00,-1.3040200871E+00,+2.3852539057E+00
+1.2015000E-03,+1.3291457138E+00,-1.2864321470E+00,+2.6098632807E+00
+1.2017500E-03,+1.4020100364E+00,-1.5276381746E+00,+2.9248046887E+00
+1.2020000E-03,+1.3643215940E+00,-1.6130653081E+00,+2.9711914057E+00
+1.2022500E-03,+1.4472361654E+00,-1.8316582712E+00,+3.2739257807E+00
+1.2025000E-03,+1.6834170686E+00,-1.7361808841E+00,+3.4158325189E+00
+1.2027500E-03,+1.6306532483E+00,-1.9648241008E+00,+3.5913085943E+00
+1.2030000E-03,+1.6105527460E+00,-2.1633165616E+00,+3.7646484387E+00
+1.2032500E-03,+1.7688442022E+00,-1.9472361607E+00,+3.7084960943E+00
+1.2035000E-03,+1.8919597781E+00,-1.9296482205E+00,+3.8162231439E+00
+1.2037500E-03,+1.8266331469E+00,-2.0326632942E+00,+3.8574218750E+00
+1.2040000E-03,+1.8417085248E+00,-2.0175879163E+00,+3.8574218750E+00
+1.2042500E-03,+1.8316582712E+00,-1.9472361607E+00,+3.7695312500E+00
+1.2045000E-03,+1.8442210870E+00,-1.8542713357E+00,+3.6914062500E+00
+1.2047500E-03,+1.6884421930E+00,-1.9522612850E+00,+3.6352539057E+00
+1.2050000E-03,+1.5301507368E+00,-1.9271356584E+00,+3.4570312500E+00
+1.2052500E-03,+1.6708542529E+00,-1.6884421930E+00,+3.3520507807E+00
+1.2055000E-03,+1.6180904325E+00,-1.5175879259E+00,+3.1347656250E+00
+1.2057500E-03,+1.2512562668E+00,-1.6783919443E+00,+2.9248046887E+00
+1.2060000E-03,+1.2060301378E+00,-1.4497487276E+00,+2.6489257807E+00
+1.2062500E-03,+1.2688442069E+00,-1.2060301378E+00,+2.4710083001E+00
+1.2065000E-03,+1.1206030043E+00,-1.0502512438E+00,+2.1679687500E+00
+1.2067500E-03,+884.4221011E-03,-1.0452261195E+00,+1.9238281250E+00
+1.2070000E-03,+643.2160735E-03,-964.8241103E-03,+1.6015625000E+00
+1.2072500E-03,+615.5778847E-03,-688.4422025E-03,+1.2963867193E+00
+1.2075000E-03,+525.1256219E-03,-520.1004976E-03,+1.0449218750E+00
+1.2077500E-03,+206.0301473E-03,-517.5879354E-03,+722.6562500E-03
+1.2080000E-03,+2.5125622E-03,-324.1205989E-03,+317.6879870E-03
+1.2082500E-03,+62.8140691E-03,-17.5879401E-03,+78.1250000E-03
+1.2085000E-03,-165.8291427E-03,+118.0904516E-03,-285.6445307E-03
+1.2087500E-03,-424.6231104E-03,+138.1909539E-03,-566.4062500E-03
+1.2090000E-03,-640.7035113E-03,+241.2060276E-03,-886.2304693E-03
+1.2092500E-03,-688.4422024E-03,+499.9999953E-03,-1.1938476557E+00
+1.2095000E-03,-851.7587830E-03,+633.1658248E-03,-1.4916992193E+00
+1.2097500E-03,-1.1834170734E+00,+608.0401933E-03,-1.7993164056E+00
+1.2100000E-03,-1.2839195849E+00,+806.5326541E-03,-2.0996093750E+00
+1.2102500E-03,-1.2412060181E+00,+1.0728643083E+00,-2.3168945306E+00
+1.2105000E-03,-1.4472361654E+00,+1.0829145619E+00,-2.5366210944E+00
+1.2107500E-03,-1.6532663127E+00,+1.1381909444E+00,-2.7975463874E+00
+1.2110000E-03,-1.6130653081E+00,+1.3618090319E+00,-2.9785156250E+00
+1.2112500E-03,-1.7512562620E+00,+1.4472361654E+00,-3.2055664056E+00
+1.2115000E-03,-1.8919597781E+00,+1.4422110411E+00,-3.3374023444E+00
+1.2117500E-03,-2.0326632942E+00,+1.3668341562E+00,-3.4036254876E+00
+1.2120000E-03,-2.0879396768E+00,+1.5301507368E+00,-3.6230468750E+00
+1.2122500E-03,-1.9472361607E+00,+1.7512562620E+00,-3.7011718750E+00
+1.2125000E-03,-2.0904522389E+00,+1.7311557597E+00,-3.8259887689E+00
+1.2127500E-03,-2.2512562573E+00,+1.6080401838E+00,-3.8671875000E+00
+1.2130000E-03,-2.0175879162E+00,+1.7613065157E+00,-3.7792968750E+00
+1.2132500E-03,-1.9296482205E+00,+1.7864321423E+00,-3.7182617194E+00
+1.2135000E-03,-2.0577889208E+00,+1.6834170686E+00,-3.7426757806E+00
+1.2137500E-03,-2.0904522389E+00,+1.5276381746E+00,-3.6230468750E+00
+1.2140000E-03,-2.0050251054E+00,+1.5326632989E+00,-3.5449218750E+00
+1.2142500E-03,-1.6884421930E+00,+1.6432160641E+00,-3.3370971693E+00
+1.2145000E-03,-1.6834170686E+00,+1.5326632989E+00,-3.2226562500E+00
+1.2147500E-03,-1.7462311377E+00,+1.2512562668E+00,-3.0004882806E+00
+1.2150000E-03,-1.5276381746E+00,+1.3618090319E+00,-2.8952026380E+00
+1.2152500E-03,-1.2236180780E+00,+1.3492462161E+00,-2.5781250000E+00
+1.2155000E-03,-1.1683416954E+00,+1.1633165711E+00,-2.3339843750E+00
+1.2157500E-03,-1.1482411931E+00,+942.2110458E-03,-2.0996093750E+00
+1.2160000E-03,-881.9095389E-03,+962.3115481E-03,-1.8502807630E+00
+1.2162500E-03,-751.2562715E-03,+695.9798939E-03,-1.4550781250E+00
+1.2165000E-03,-648.2411978E-03,+520.1004976E-03,-1.1743164056E+00
+1.2167500E-03,-517.5879354E-03,+286.4321565E-03,-810.5468750E-03
+1.2170000E-03,-238.6934654E-03,+246.2311519E-03,-490.7226556E-03
+1.2172500E-03,-35.1758803E-03,+206.0301473E-03,-244.1406250E-03
+1.2175000E-03,-42.7135668E-03,-165.8291427E-03,+119.6289056E-03
+1.2177500E-03,+173.3668342E-03,-251.2562762E-03,+422.3632806E-03
+1.2180000E-03,+479.8994930E-03,-243.7185897E-03,+722.6562500E-03
+1.2182500E-03,+499.9999953E-03,-562.8140643E-03,+1.0620117194E+00
+1.2185000E-03,+520.1004976E-03,-846.7336586E-03,+1.3574218750E+00
+1.2187500E-03,+643.2160735E-03,-964.8241103E-03,+1.6015625000E+00
+1.2190000E-03,+884.4221011E-03,-964.8241103E-03,+1.8457031250E+00
+1.2192500E-03,+1.0904522484E+00,-1.0804019997E+00,+2.1679687500E+00
+1.2195000E-03,+1.0075376770E+00,-1.4472361654E+00,+2.4490356438E+00
+1.2197500E-03,+1.1834170734E+00,-1.4924622943E+00,+2.6684570306E+00
+1.2200000E-03,+1.5201004881E+00,-1.4547738519E+00,+2.9687500000E+00
+1.2202500E-03,+1.5100502345E+00,-1.6080401838E+00,+3.1155395501E+00
+1.2205000E-03,+1.4045225987E+00,-1.8919597781E+00,+3.2910156250E+00
+1.2207500E-03,+1.4698492299E+00,-1.9296482205E+00,+3.3938598626E+00
+1.2210000E-03,+1.6934673173E+00,-1.9246230962E+00,+3.6132812500E+00
+1.2212500E-03,+1.7688442022E+00,-1.9296482205E+00,+3.6914062500E+00
+1.2215000E-03,+1.6934673173E+00,-2.0427135479E+00,+3.7280273444E+00
+1.2217500E-03,+1.7110552574E+00,-2.0678391745E+00,+3.7695312500E+00
+1.2220000E-03,+1.8492462113E+00,-1.9321607827E+00,+3.7722778313E+00
+1.2222500E-03,+1.7688442022E+00,-2.0100502297E+00,+3.7695312500E+00
+1.2225000E-03,+1.6457286262E+00,-2.0904522389E+00,+3.7280273444E+00
+1.2227500E-03,+1.7688442022E+00,-1.8718592758E+00,+3.6352539056E+00
+1.2230000E-03,+1.7738693265E+00,-1.8417085249E+00,+3.6108398444E+00
+1.2232500E-03,+1.4999999858E+00,-1.9396984691E+00,+3.4378051751E+00
+1.2235000E-03,+1.4472361654E+00,-1.8065326446E+00,+3.2495117194E+00
+1.2237500E-03,+1.4698492299E+00,-1.5854271193E+00,+3.0468750000E+00
+1.2240000E-03,+1.6030150595E+00,-1.2914572713E+00,+2.8906250000E+00
+1.2242500E-03,+1.2688442069E+00,-1.3668341562E+00,+2.6293945306E+00
+1.2245000E-03,+997.4874284E-03,-1.3718592805E+00,+2.3608398444E+00
+1.2247500E-03,+999.9999906E-03,-1.0100502392E+00,+2.0019531250E+00
+1.2250000E-03,+967.3366724E-03,-881.9095389E-03,+1.8457031250E+00
+1.2252500E-03,+678.3919538E-03,-912.0602898E-03,+1.5844726556E+00
+1.2255000E-03,+439.6984884E-03,-804.0200919E-03,+1.2377929694E+00
+1.2257500E-03,+447.2361748E-03,-517.5879354E-03,+957.0312500E-03
+1.2260000E-03,+324.1205989E-03,-319.0954746E-03,+634.7656250E-03
+1.2262500E-03,+45.2261289E-03,-258.7939677E-03,+295.4101556E-03
+1.2265000E-03,-198.4924608E-03,-236.1809033E-03,+36.6210944E-03
+1.2267500E-03,-183.4170828E-03,+138.1909539E-03,-322.2656250E-03
+1.2270000E-03,-324.1205989E-03,+319.0954746E-03,-644.5312500E-03
+1.2272500E-03,-688.4422024E-03,+276.3819079E-03,-966.7968750E-03
+1.2275000E-03,-884.4221011E-03,+359.2964792E-03,-1.2475585944E+00
+1.2277500E-03,-919.5979814E-03,+608.0401932E-03,-1.5332031250E+00
+1.2280000E-03,-1.0427135573E+00,+804.0200919E-03,-1.8530273444E+00
+1.2282500E-03,-1.2412060181E+00,+786.4321517E-03,-2.0309448249E+00
+1.2285000E-03,-1.4422110411E+00,+889.4472254E-03,-2.3339843750E+00
+1.2287500E-03,-1.5050251102E+00,+1.1256281286E+00,-2.6342773444E+00
+1.2290000E-03,-1.5301507367E+00,+1.2814070227E+00,-2.8195190437E+00
+1.2292500E-03,-1.7688442022E+00,+1.2236180780E+00,-2.9956054694E+00
+1.2295000E-03,-1.8919597781E+00,+1.3241205895E+00,-3.2226562500E+00
+1.2297500E-03,-1.7914572666E+00,+1.6080401838E+00,-3.4036254876E+00
+1.2300000E-03,-2.0050251054E+00,+1.5326632989E+00,-3.5449218750E+00
+1.2302500E-03,-2.1532663080E+00,+1.4824120457E+00,-3.6401367194E+00
+1.2305000E-03,-2.1281406814E+00,+1.6130653081E+00,-3.7426757806E+00
+1.2307500E-03,-1.9874371653E+00,+1.7914572666E+00,-3.7792968750E+00
+1.2310000E-03,-1.9371859070E+00,+1.8442210871E+00,-3.7820434563E+00
+1.2312500E-03,-2.1708542481E+00,+1.6080401838E+00,-3.7792968750E+00
+1.2315000E-03,-2.0954773632E+00,+1.7211055111E+00,-3.8204956062E+00
+1.2317500E-03,-1.8718592758E+00,+1.8844220917E+00,-3.7573242194E+00
+1.2320000E-03,-1.9246230963E+00,+1.6909547551E+00,-3.6206054694E+00
+1.2322500E-03,-1.9748743494E+00,+1.4824120457E+00,-3.4667968750E+00
+1.2325000E-03,-1.7688442022E+00,+1.5703517413E+00,-3.3422851556E+00
+1.2327500E-03,-1.6206029997E+00,+1.5728643035E+00,-3.2006835944E+00
+1.2330000E-03,-1.4497487275E+00,+1.5251256125E+00,-2.9785156250E+00
+1.2332500E-03,-1.4195979767E+00,+1.2512562667E+00,-2.6733398444E+00
+1.2335000E-03,-1.2864321470E+00,+1.2060301378E+00,-2.5000000000E+00
+1.2337500E-03,-987.4371747E-03,+1.2060301378E+00,-2.1997070306E+00
+1.2340000E-03,-964.8241103E-03,+964.8241103E-03,-1.9335937500E+00
+1.2342500E-03,-947.2361701E-03,+678.3919538E-03,-1.6284179694E+00
+1.2345000E-03,-643.2160735E-03,+685.9296402E-03,-1.3305664056E+00
+1.2347500E-03,-437.1859263E-03,+608.0401932E-03,-1.0546875000E+00
+1.2350000E-03,-399.4974838E-03,+321.6080368E-03,-729.6752937E-03
+1.2352500E-03,-276.3819079E-03,+125.6281381E-03,-410.1562500E-03
+1.2355000E-03,-37.6884425E-03,+85.4271335E-03,-129.3945306E-03
+1.2357500E-03,+218.5929631E-03,-22.6130644E-03,+234.3750000E-03
+1.2360000E-03,+238.6934654E-03,-324.1205989E-03,+556.6406250E-03
+1.2362500E-03,+276.3819079E-03,-545.2261242E-03,+817.8710944E-03
+1.2365000E-03,+557.7889401E-03,-567.8391886E-03,+1.1230468750E+00
+1.2367500E-03,+688.4422024E-03,-736.1808986E-03,+1.4205932624E+00
+1.2370000E-03,+570.3517507E-03,-1.1206030044E+00,+1.6824340813E+00
+1.2372500E-03,+804.0200919E-03,-1.2688442069E+00,+2.0706176751E+00
+1.2375000E-03,+1.0075376770E+00,-1.2437185803E+00,+2.2460937500E+00
+1.2377500E-03,+1.2638190826E+00,-1.3090452115E+00,+2.5683593750E+00
+1.2380000E-03,+1.2035175757E+00,-1.5301507367E+00,+2.7246093750E+00
+1.2382500E-03,+1.2236180780E+00,-1.8140703310E+00,+3.0297851556E+00
+1.2385000E-03,+1.4798994836E+00,-1.6557788748E+00,+3.1347656250E+00
+1.2387500E-03,+1.5854271194E+00,-1.7110552574E+00,+3.2910156250E+00
+1.2390000E-03,+1.4522612897E+00,-2.0829145525E+00,+3.5327148444E+00
+1.2392500E-03,+1.4648241056E+00,-2.0904522389E+00,+3.5522460944E+00
+1.2395000E-03,+1.7738693264E+00,-1.9246230963E+00,+3.6914062500E+00
+1.2397500E-03,+1.8266331469E+00,-1.9522612850E+00,+3.7695312500E+00
+1.2400000E-03,+1.8417085250E+00,-2.0150753540E+00,+3.8546752937E+00
+1.2402500E-03,+1.6984924415E+00,-2.0804019904E+00,+3.7695312500E+00
+1.2405000E-03,+1.8065326446E+00,-2.0150753540E+00,+3.8162231438E+00
+1.2407500E-03,+1.7814070181E+00,-1.8819095243E+00,+3.6572265612E+00
+1.2410000E-03,+1.6884421930E+00,-2.0100502297E+00,+3.6914062500E+00
+1.2412500E-03,+1.6256281240E+00,-1.9120602804E+00,+3.5351562500E+00
+1.2415000E-03,+1.6934673172E+00,-1.6834170687E+00,+3.3691406250E+00
+1.2417500E-03,+1.4698492298E+00,-1.7236180733E+00,+3.1909179694E+00
+1.2420000E-03,+1.3643215941E+00,-1.6909547551E+00,+3.0468750000E+00
+1.2422500E-03,+1.3944723449E+00,-1.4195979767E+00,+2.8125000000E+00
+1.2425000E-03,+1.2864321470E+00,-1.2437185803E+00,+2.5268554694E+00
+1.2427500E-03,+1.1608040090E+00,-1.1130653127E+00,+2.2680664056E+00
+1.2430000E-03,+881.9095390E-03,-1.2060301378E+00,+2.0870971687E+00
+1.2432500E-03,+758.7939630E-03,-947.2361701E-03,+1.6989135749E+00
+1.2435000E-03,+804.0200919E-03,-685.9296402E-03,+1.4868164056E+00
+1.2437500E-03,+527.6381840E-03,-655.7788894E-03,+1.1791992194E+00
+1.2440000E-03,+163.3165805E-03,-718.5929585E-03,+876.4648444E-03
+1.2442500E-03,+160.8040184E-03,-339.1959769E-03,+495.6054694E-03
+1.2445000E-03,+123.1155759E-03,-80.4020092E-03,+197.7539056E-03
+1.2447500E-03,-160.8040184E-03,-22.6130644E-03,-144.0429694E-03
+1.2450000E-03,-479.8994930E-03,+0.0E+00,-485.8398444E-03
+1.2452500E-03,-527.6381840E-03,+195.9798987E-03,-732.4218750E-03
+1.2455000E-03,-567.8391886E-03,+520.1004976E-03,-1.0961914056E+00
+1.2457500E-03,-884.4221011E-03,+505.0251196E-03,-1.3919067376E+00
+1.2460000E-03,-1.1984924515E+00,+487.4371794E-03,-1.6870117194E+00
+1.2462500E-03,-1.1884421977E+00,+804.0200919E-03,-1.9946289056E+00
+1.2465000E-03,-1.1633165711E+00,+1.0075376770E+00,-2.1777343750E+00
+1.2467500E-03,-1.4472361654E+00,+1.0226130550E+00,-2.4752807624E+00
+1.2470000E-03,-1.6105527459E+00,+1.1206030044E+00,-2.7319335944E+00
+1.2472500E-03,-1.5904522436E+00,+1.3040200872E+00,-2.9003906250E+00
+1.2475000E-03,-1.6934673172E+00,+1.3994974745E+00,-3.0978393562E+00